employee_id,employee_name,email,department,business_unit,designation,grade,manager_id,manager_name,location,joining_date,employment_type,leave_balance,work_mode,phone_extension
NX01001,Devika Scott,devika.scott1001@nexacore.com,Operations,Procurement,Senior Operations Mgr,O3,NX02179,Michael Wright,"Singapore, Singapore",2021-03-26,Part-Time,20,Remote,4812
NX01002,Manish Hansen,manish.hansen1002@nexacore.com,Engineering,Platform Engineering,Staff Engineer,E4,NX01659,Alex Lim,"Pune, India",2019-12-15,Full-Time,27,Office,7793
NX01003,Riya Brown,riya.brown1003@nexacore.com,IT Support,IT Operations,IT Support Engineer,T2,NX02315,Gabriel Fischer,"Manchester, UK",2023-09-26,Contract,19,Remote,5614
NX01004,Lars Chen,lars.chen1004@nexacore.com,IT Support,IT Operations,IT Support Engineer,T2,NX01046,Eva Thomas,"Boston, US",2022-11-18,Contract,24,Office,6460
NX01005,Nisha Mitchell,nisha.mitchell1005@nexacore.com,Legal,Employment Law,Associate Counsel,L2,NX02041,Sara Chen,"Bangalore, India",2022-10-21,Full-Time,12,Hybrid,8774
NX01006,Amrita Smith,amrita.smith1006@nexacore.com,Operations,Business Operations,Operations Specialist,O2,NX01611,Paola Thompson,"Frankfurt, Germany",2021-08-03,Full-Time,12,Remote,6490
NX01007,Siddhant Muller,siddhant.muller1007@nexacore.com,Product,Core Product,Senior Product Manager,P3,NX01335,Shreya Patel,"Singapore, Singapore",2018-09-19,Full-Time,18,Office,9779
NX01008,Alec Hoffmann,alec.hoffmann1008@nexacore.com,Engineering,QA & Testing,Principal Engineer,E5,,,"London, UK",2013-11-08,Full-Time,35,Hybrid,6556
NX01009,Paul Sharma,paul.sharma1009@nexacore.com,Marketing,Demand Generation,Marketing Coordinator,M1,NX02157,Mona Hall,"Edinburgh, UK",2024-06-14,Full-Time,11,Office,6050
NX01010,Milan Weber,milan.weber1010@nexacore.com,Engineering,Platform Engineering,Senior Software Engineer,E3,NX02065,Maria Hansen,"Seattle, US",2021-04-17,Full-Time,20,Hybrid,8404
NX01011,Martin Hughes,martin.hughes1011@nexacore.com,Engineering,QA & Testing,Senior Software Engineer,E3,NX01827,Diego Wright,"Boston, US",2022-06-13,Full-Time,21,Hybrid,2517
NX01012,Sara Pillai,sara.pillai1012@nexacore.com,Sales,Enterprise Sales,Account Executive,S2,NX01226,Amrita Petrov,"Frankfurt, Germany",2023-11-18,Contract,10,Hybrid,9579
NX01013,Michael Zhou,michael.zhou1013@nexacore.com,Engineering,Mobile & Web,Staff Engineer,E4,NX01132,Clara Murphy,"Chennai, India",2019-05-06,Full-Time,29,Office,1598
NX01014,Shreya Miller,shreya.miller1014@nexacore.com,Engineering,QA & Testing,Principal Engineer,E5,,,"Pune, India",2015-01-04,Full-Time,33,Hybrid,6460
NX01015,Simon Brown,simon.brown1015@nexacore.com,Operations,Supply Chain,Operations Specialist,O2,NX04228,Priya Rao,"Singapore, Singapore",2022-12-07,Part-Time,14,Remote,4438
NX01016,Mohamed Harris,mohamed.harris1016@nexacore.com,Sales,SMB Sales,Account Executive,S2,NX01172,Alejandro Chakraborty,"Boston, US",2022-11-19,Full-Time,24,Office,5467
NX01017,Eva Gonzalez,eva.gonzalez1017@nexacore.com,IT Support,IT Operations,Senior IT Engineer,T3,NX02162,Zara Davis,"Pune, India",2020-09-03,Full-Time,25,Office,9888
NX01018,Nora Robinson,nora.robinson1018@nexacore.com,Sales,Sales Operations,Sales Manager,S4,,,"Seattle, US",2017-07-22,Full-Time,28,Remote,3806
NX01019,Aryan Lee,aryan.lee1019@nexacore.com,Customer Success,Support Engineering,CS Associate,C1,NX01781,Saanvi Murphy,"Munich, Germany",2025-05-09,Full-Time,13,Hybrid,1826
NX01020,Chen Miller,chen.miller1020@nexacore.com,Engineering,Platform Engineering,Software Engineer,E2,NX02385,Jessica Patel,"Hyderabad, India",2023-12-31,Full-Time,11,Office,6826
NX01021,Michael Liu,michael.liu1021@nexacore.com,Customer Success,Account Management,Customer Success Manager,C2,NX02015,Aisha Kim,"Hyderabad, India",2024-05-04,Full-Time,11,Office,2593
NX01022,Shirin Lee,shirin.lee1022@nexacore.com,Operations,Procurement,Operations Specialist,O2,NX01820,Paola Foster,"Frankfurt, Germany",2024-03-30,Full-Time,17,Hybrid,6954
NX01023,Rahul Hall,rahul.hall1023@nexacore.com,Finance,Tax & Compliance,Finance Analyst,F1,NX04338,Neha Philips,"London, UK",2025-05-15,Full-Time,22,Office,6758
NX01024,Sophie Patel,sophie.patel1024@nexacore.com,Engineering,Cloud Infrastructure,Senior Software Engineer,E3,NX02236,Michael Schmidt,"Boston, US",2020-06-24,Full-Time,28,Office,7646
NX01025,Chen Lim,chen.lim1025@nexacore.com,Data & Analytics,Data Engineering,Senior Data Analyst,D2,NX02947,Paul Cruz,"Boston, US",2022-03-06,Contract,22,Office,4992
NX01026,Freya Peters,freya.peters1026@nexacore.com,HR,HR Business Partnering,Senior HR Specialist,H3,NX01383,Omar Thompson,"Hyderabad, India",2017-05-24,Full-Time,22,Hybrid,8132
NX01027,Nisha Roberts,nisha.roberts1027@nexacore.com,Engineering,Cloud Infrastructure,Software Engineer,E2,NX02544,Riya Thompson,"New York, US",2024-10-12,Part-Time,7,Remote,2873
NX01028,Siddhant Lim,siddhant.lim1028@nexacore.com,Engineering,QA & Testing,Senior Software Engineer,E3,NX05803,Chris Bhatt,"Pune, India",2022-12-27,Full-Time,25,Hybrid,2781
NX01029,Pedro Lim,pedro.lim1029@nexacore.com,Customer Success,Renewals,CS Director,C4,,,"Mumbai, India",2017-04-26,Full-Time,17,Hybrid,1003
NX01030,Ethan Thomas,ethan.thomas1030@nexacore.com,Sales,SMB Sales,Senior Account Executive,S3,NX02655,Kate Patel,"Munich, Germany",2022-04-06,Contract,15,Hybrid,4205
NX01031,Jason Varma,jason.varma1031@nexacore.com,Customer Success,Support Engineering,Customer Success Manager,C2,NX01566,Sarah Thompson,"Boston, US",2022-12-20,Contract,14,Remote,6640
NX01032,Beatrice Sanchez,beatrice.sanchez1032@nexacore.com,Legal,Corporate Legal,Senior Counsel,L3,NX01951,Benjamin Lewis,"Singapore, Singapore",2016-10-16,Full-Time,24,Hybrid,9992
NX01033,Anita Anderson,anita.anderson1033@nexacore.com,Sales,Sales Operations,Account Executive,S2,NX01789,Benjamin Mendes,"Pune, India",2023-07-21,Full-Time,13,Hybrid,6212
NX01034,Pedro Moore,pedro.moore1034@nexacore.com,Data & Analytics,Data Governance,Data Scientist,D3,NX03828,James Nielsen,"Berlin, Germany",2019-06-29,Contract,29,Hybrid,4083
NX01035,Priya Meier,priya.meier1035@nexacore.com,Finance,Treasury,Finance Analyst,F1,NX02519,Deepa Anderson,"Chennai, India",2024-06-13,Full-Time,22,Remote,1257
NX01036,Emma Williams,emma.williams1036@nexacore.com,Sales,Presales,Account Executive,S2,NX02832,Ravi Moore,"Berlin, Germany",2024-04-20,Full-Time,12,Hybrid,8471
NX01037,Rosa Shah,rosa.shah1037@nexacore.com,Customer Success,Account Management,Senior CSM,C3,NX01817,Maya Lewis,"Munich, Germany",2020-09-18,Contract,19,Office,6821
NX01038,Julia Hall,julia.hall1038@nexacore.com,Operations,Procurement,Senior Operations Mgr,O3,NX01551,Patrick Sharma,"Bangalore, India",2016-11-16,Contract,19,Office,5411
NX01039,Riya Roberts,riya.roberts1039@nexacore.com,Product,Platform,Senior Product Manager,P3,NX01878,Kiara Singh,"Mumbai, India",2021-05-30,Full-Time,28,Office,8889
NX01040,Axel Foster,axel.foster1040@nexacore.com,Sales,Sales Operations,Senior Account Executive,S3,NX02189,Sofia Walker,"Munich, Germany",2020-12-31,Contract,29,Hybrid,5017
NX01041,Sneha Sharma,sneha.sharma1041@nexacore.com,Operations,Supply Chain,Operations Director,O4,,,"Boston, US",2015-09-20,Contract,35,Hybrid,8681
NX01042,Shirin Price,shirin.price1042@nexacore.com,Engineering,DevOps & SRE,Principal Engineer,E5,,,"London, UK",2014-02-20,Full-Time,26,Hybrid,5738
NX01043,Gaurav Bhatt,gaurav.bhatt1043@nexacore.com,IT Support,Security Operations,IT Support Engineer,T2,NX01284,James Singh,"Boston, US",2023-05-11,Part-Time,11,Office,3770
NX01044,Anita Thomas,anita.thomas1044@nexacore.com,IT Support,IT Operations,IT Support Analyst,T1,NX02202,Karan Reed,"Bangalore, India",2024-10-07,Full-Time,22,Office,5552
NX01045,Kiara Evans,kiara.evans1045@nexacore.com,Engineering,QA & Testing,Associate Engineer,E1,NX01680,Vikas Evans,"Seattle, US",2025-09-13,Full-Time,12,Hybrid,3860
NX01046,Eva Thomas,eva.thomas1046@nexacore.com,IT Support,IT Operations,Senior IT Engineer,T3,NX01279,Aditi Bauer,"Manchester, UK",2017-11-30,Full-Time,20,Hybrid,3962
NX01047,Wei Bhatt,wei.bhatt1047@nexacore.com,Engineering,Mobile & Web,Principal Engineer,E5,,,"Hyderabad, India",2015-01-06,Full-Time,20,Office,7765
NX01048,Priya Johnson,priya.johnson1048@nexacore.com,IT Support,Security Operations,IT Support Engineer,T2,NX01462,Shirin Pillai,"Munich, Germany",2024-02-03,Part-Time,11,Remote,1890
NX01049,Lena Yamada,lena.yamada1049@nexacore.com,Operations,Supply Chain,Operations Specialist,O2,NX05764,Anjali Evans,"Mumbai, India",2022-03-17,Full-Time,14,Office,9724
NX01050,Karen Meyer,karen.meyer1050@nexacore.com,Finance,Treasury,Finance Manager,F3,NX02466,Shirin Sharma,"Frankfurt, Germany",2020-12-12,Full-Time,31,Hybrid,5731
NX01051,Sarah Meyer,sarah.meyer1051@nexacore.com,Finance,Tax & Compliance,Finance Analyst,F1,NX03902,Luka Chakraborty,"Singapore, Singapore",2024-08-19,Part-Time,9,Hybrid,8074
NX01052,Liam Liu,liam.liu1052@nexacore.com,Engineering,Mobile & Web,Staff Engineer,E4,NX01312,Eva Lim,"Seattle, US",2019-08-04,Full-Time,19,Hybrid,4961
NX01053,Isabel Rao,isabel.rao1053@nexacore.com,IT Support,IT Operations,IT Support Analyst,T1,NX01342,Siddhant Petrov,"New York, US",2025-10-15,Full-Time,20,Office,1195
NX01054,Riya Davies,riya.davies1054@nexacore.com,Data & Analytics,Data Engineering,Data Scientist,D3,NX01825,Andrea Zhou,"Munich, Germany",2018-09-21,Full-Time,29,Hybrid,1557
NX01055,Alex Shah,alex.shah1055@nexacore.com,Operations,Supply Chain,Operations Director,O4,,,"Mumbai, India",2015-12-17,Contract,32,Remote,2965
NX01056,Beatrice Schmidt,beatrice.schmidt1056@nexacore.com,Sales,SMB Sales,Senior Account Executive,S3,NX03724,Priya Jones,"Edinburgh, UK",2020-07-13,Part-Time,20,Remote,2816
NX01057,Henrik Kapoor,henrik.kapoor1057@nexacore.com,Engineering,Mobile & Web,Staff Engineer,E4,NX01659,Alex Lim,"Munich, Germany",2019-09-22,Part-Time,20,Hybrid,7995
NX01058,Mohamed Kapoor,mohamed.kapoor1058@nexacore.com,Legal,Corporate Legal,Associate Counsel,L2,NX01295,Pedro Moore,"Hyderabad, India",2022-05-06,Full-Time,28,Hybrid,5230
NX01059,Lena Gupta,lena.gupta1059@nexacore.com,Engineering,DevOps & SRE,Staff Engineer,E4,NX02579,Kiara Garcia,"Hyderabad, India",2020-02-13,Full-Time,18,Hybrid,2776
NX01060,Emma Roberts,emma.roberts1060@nexacore.com,Finance,Treasury,Finance Analyst,F1,NX02525,Paul Schmidt,"San Francisco, US",2024-07-28,Contract,12,Remote,5243
NX01061,Carlos Bhatt,carlos.bhatt1061@nexacore.com,Data & Analytics,Data Engineering,Senior Data Analyst,D2,NX05192,Nisha Hughes,"Hyderabad, India",2023-06-15,Contract,25,Remote,9154
NX01062,Eva Taylor,eva.taylor1062@nexacore.com,Operations,Supply Chain,Operations Specialist,O2,NX01701,Rahul Hansen,"Mumbai, India",2023-04-20,Part-Time,13,Office,7411
NX01063,Aarav Price,aarav.price1063@nexacore.com,Sales,Presales,Sales Manager,S4,,,"Frankfurt, Germany",2016-11-17,Full-Time,33,Office,9849
NX01064,Julia Anderson,julia.anderson1064@nexacore.com,Operations,Procurement,Senior Operations Mgr,O3,NX01863,Lena Chen,"Frankfurt, Germany",2020-11-25,Full-Time,21,Office,5961
NX01065,Rajesh Chakraborty,rajesh.chakraborty1065@nexacore.com,Customer Success,Onboarding,Customer Success Manager,C2,NX01800,Freya Ross,"Manchester, UK",2024-10-16,Contract,11,Hybrid,5750
NX01066,Jana Gupta,jana.gupta1066@nexacore.com,Customer Success,Onboarding,Customer Success Manager,C2,NX01405,Usha Taylor,"Edinburgh, UK",2023-01-22,Part-Time,17,Hybrid,6886
NX01067,Sven Cruz,sven.cruz1067@nexacore.com,IT Support,Security Operations,IT Support Engineer,T2,NX03704,Anna Wood,"Munich, Germany",2024-05-02,Part-Time,16,Hybrid,4907
NX01068,Tanvi Miller,tanvi.miller1068@nexacore.com,Engineering,Platform Engineering,Principal Engineer,E5,,,"Boston, US",2013-12-27,Full-Time,21,Office,1268
NX01069,Amrita Lopez,amrita.lopez1069@nexacore.com,HR,Talent Acquisition,HR Generalist,H2,NX02817,Tina Wood,"London, UK",2022-02-26,Part-Time,8,Hybrid,9570
NX01070,Shreya Turner,shreya.turner1070@nexacore.com,IT Support,Security Operations,IT Support Engineer,T2,NX01801,Manish Miller,"Chennai, India",2023-08-17,Part-Time,16,Office,3319
NX01071,Tanvi Taylor,tanvi.taylor1071@nexacore.com,Engineering,Platform Engineering,Software Engineer,E2,NX04592,Sebastian Bauer,"Frankfurt, Germany",2023-07-01,Contract,21,Hybrid,1235
NX01072,Hannah Sharma,hannah.sharma1072@nexacore.com,Data & Analytics,Data Engineering,Data Scientist,D3,NX02347,Anjali Scott,"Boston, US",2020-01-20,Full-Time,15,Office,2047
NX01073,Chen Desai,chen.desai1073@nexacore.com,Product,Analytics,Product Manager,P2,NX04733,Shreya Peters,"Austin, US",2021-11-30,Full-Time,17,Hybrid,6312
NX01074,Daniel Varma,daniel.varma1074@nexacore.com,HR,People Operations,Senior HR Specialist,H3,NX01802,Laura Meier,"London, UK",2020-04-18,Full-Time,31,Hybrid,2978
NX01075,Linda Foster,linda.foster1075@nexacore.com,Operations,Procurement,Senior Operations Mgr,O3,NX01055,Alex Shah,"New York, US",2020-09-14,Part-Time,19,Hybrid,1666
NX01076,Diego Davies,diego.davies1076@nexacore.com,Finance,Treasury,Finance Analyst,F1,NX01916,Vikas Das,"New York, US",2024-10-30,Full-Time,21,Office,2460
NX01077,Lucas Murphy,lucas.murphy1077@nexacore.com,Product,Analytics,Senior Product Manager,P3,NX01196,Harry Kaur,"Chennai, India",2019-10-01,Full-Time,19,Hybrid,7750
NX01078,Karan Gupta,karan.gupta1078@nexacore.com,Marketing,Brand & Communications,Senior Marketing Manager,M3,NX01499,Andrea Carter,"New York, US",2020-02-09,Part-Time,14,Office,5934
NX01079,Nora Murphy,nora.murphy1079@nexacore.com,IT Support,End-User Computing,IT Manager,T4,,,"Austin, US",2013-01-18,Full-Time,24,Hybrid,9842
NX01080,Tom Jain,tom.jain1080@nexacore.com,IT Support,IT Operations,IT Support Engineer,T2,NX05934,Vikas Nielsen,"San Francisco, US",2023-11-15,Full-Time,21,Hybrid,8772
NX01081,Tina Gupta,tina.gupta1081@nexacore.com,Sales,SMB Sales,Account Executive,S2,NX03340,Arjun Martin,"Mumbai, India",2022-07-11,Full-Time,14,Remote,5118
NX01082,Nicolas Scott,nicolas.scott1082@nexacore.com,IT Support,IT Operations,IT Support Analyst,T1,NX01772,Lars Williams,"Mumbai, India",2025-01-27,Full-Time,21,Remote,3589
NX01083,Amara Petrov,amara.petrov1083@nexacore.com,Sales,Enterprise Sales,Senior Account Executive,S3,NX03957,Pedro Schmidt,"Hyderabad, India",2021-10-06,Full-Time,19,Remote,7865
NX01084,James Wright,james.wright1084@nexacore.com,Product,Platform,Product Manager,P2,NX03713,Maya Clark,"Austin, US",2023-08-26,Full-Time,12,Hybrid,4276
NX01085,Paul Jain,paul.jain1085@nexacore.com,Finance,FP&A,Finance Analyst,F1,NX02525,Paul Schmidt,"Frankfurt, Germany",2025-01-23,Contract,21,Office,4541
NX01086,Shirin Gupta,shirin.gupta1086@nexacore.com,Engineering,DevOps & SRE,Staff Engineer,E4,NX01930,Beatrice Rodriguez,"Manchester, UK",2018-10-05,Full-Time,24,Office,5418
NX01087,Jana Liu,jana.liu1087@nexacore.com,Data & Analytics,Business Intelligence,Data Analyst,D1,NX01770,Ananya Clark,"Mumbai, India",2025-01-11,Part-Time,13,Office,8627
NX01088,Shreya Murphy,shreya.murphy1088@nexacore.com,Sales,SMB Sales,Senior Account Executive,S3,NX04927,Alejandro Brown,"London, UK",2020-02-19,Full-Time,28,Hybrid,4763
NX01089,Beatrice Muller,beatrice.muller1089@nexacore.com,Engineering,QA & Testing,Senior Software Engineer,E3,NX01710,Ashley Meyer,"Frankfurt, Germany",2021-07-03,Full-Time,21,Office,1237
NX01090,Ryan Wood,ryan.wood1090@nexacore.com,Engineering,Cloud Infrastructure,Senior Software Engineer,E3,NX02858,Tina Murphy,"Austin, US",2020-05-24,Full-Time,15,Office,3440
NX01091,Aditi Murphy,aditi.murphy1091@nexacore.com,Engineering,Platform Engineering,Staff Engineer,E4,NX01276,Beatrice Mitchell,"Mumbai, India",2018-02-17,Full-Time,22,Remote,9701
NX01092,Rahul Peters,rahul.peters1092@nexacore.com,Operations,Supply Chain,Operations Analyst,O1,NX03289,Eva Bennet,"Munich, Germany",2024-09-29,Full-Time,23,Hybrid,7662
NX01093,Jonas Evans,jonas.evans1093@nexacore.com,Customer Success,Support Engineering,CS Director,C4,,,"Boston, US",2011-11-25,Full-Time,20,Remote,5994
NX01094,Gabriel Weber,gabriel.weber1094@nexacore.com,Marketing,Content & SEO,Senior Marketing Manager,M3,NX01360,Antoine Petrov,"Bangalore, India",2018-01-08,Full-Time,23,Office,4030
NX01095,Paola Sharma,paola.sharma1095@nexacore.com,Engineering,DevOps & SRE,Senior Software Engineer,E3,NX02393,Uma Philips,"Bangalore, India",2022-04-20,Part-Time,15,Hybrid,9698
NX01096,Amelia Koch,amelia.koch1096@nexacore.com,Finance,Treasury,Finance Manager,F3,NX02515,Diego Scott,"Seattle, US",2020-10-13,Part-Time,19,Office,2326
NX01097,Nicolas Wood,nicolas.wood1097@nexacore.com,Data & Analytics,Data Engineering,Lead Data Scientist,D4,,,"Singapore, Singapore",2016-02-05,Part-Time,20,Hybrid,6989
NX01098,Simon Shah,simon.shah1098@nexacore.com,Sales,Enterprise Sales,Senior Account Executive,S3,NX02455,Ayesha Sandoval,"Manchester, UK",2019-08-23,Full-Time,31,Hybrid,4354
NX01099,Elena Liu,elena.liu1099@nexacore.com,Data & Analytics,Business Intelligence,Data Scientist,D3,NX01901,Amara White,"Pune, India",2018-07-05,Part-Time,20,Office,4693
NX01100,Mohamed Martinez,mohamed.martinez1100@nexacore.com,Product,Platform,Product Manager,P2,NX01336,Rahul Scott,"Singapore, Singapore",2023-04-07,Part-Time,13,Office,6656
NX01101,Sebastian Petrov,sebastian.petrov1101@nexacore.com,Engineering,QA & Testing,Staff Engineer,E4,NX01500,Tobias Hansen,"Singapore, Singapore",2018-11-20,Full-Time,18,Office,5788
NX01102,Sebastian Shah,sebastian.shah1102@nexacore.com,Legal,IP & Compliance,Legal Analyst,L1,NX02787,Saanvi Roberts,"Hyderabad, India",2024-09-26,Full-Time,21,Office,5724
NX01103,Ashley Davis,ashley.davis1103@nexacore.com,Operations,Business Operations,Operations Specialist,O2,NX02153,Diego Davies,"Seattle, US",2024-04-12,Full-Time,19,Remote,9530
NX01104,Alejandro Koch,alejandro.koch1104@nexacore.com,Sales,Presales,Senior Account Executive,S3,NX02251,Gaurav Moore,"Chennai, India",2021-12-23,Full-Time,29,Hybrid,5776
NX01105,Ishan Chen,ishan.chen1105@nexacore.com,IT Support,End-User Computing,IT Support Engineer,T2,NX03111,Ryan Lewis,"Austin, US",2022-09-25,Contract,17,Remote,6346
NX01106,Sven Sandoval,sven.sandoval1106@nexacore.com,Operations,Procurement,Operations Specialist,O2,NX02498,Mira Desai,"Munich, Germany",2024-05-05,Full-Time,16,Office,3813
NX01107,Laura Jensen,laura.jensen1107@nexacore.com,Engineering,DevOps & SRE,Software Engineer,E2,NX05951,Patrick Sanchez,"Manchester, UK",2024-04-03,Full-Time,11,Hybrid,3725
NX01108,Gabriel White,gabriel.white1108@nexacore.com,Marketing,Product Marketing,Senior Marketing Manager,M3,NX01432,Wei Varma,"New York, US",2019-02-05,Full-Time,31,Remote,3641
NX01109,Karl Desai,karl.desai1109@nexacore.com,Marketing,Brand & Communications,Marketing Specialist,M2,NX04593,Anita Brown,"London, UK",2021-10-27,Contract,24,Hybrid,4361
NX01110,Amelia Thompson,amelia.thompson1110@nexacore.com,Data & Analytics,ML & AI,Senior Data Analyst,D2,NX01726,Sabrina Taylor,"Manchester, UK",2021-10-08,Full-Time,12,Hybrid,5940
NX01111,David Bennet,david.bennet1111@nexacore.com,Product,Analytics,Principal PM,P4,,,"Frankfurt, Germany",2015-03-06,Full-Time,35,Office,9948
NX01112,Tom Liu,tom.liu1112@nexacore.com,IT Support,Security Operations,IT Manager,T4,,,"Boston, US",2013-10-23,Full-Time,17,Hybrid,3409
NX01113,Sara Lopez,sara.lopez1113@nexacore.com,Sales,Enterprise Sales,Sales Manager,S4,NX05532,Arjun Peters,"Frankfurt, Germany",2019-05-03,Full-Time,26,Hybrid,1406
NX01114,Rajesh Shah,rajesh.shah1114@nexacore.com,Engineering,Cloud Infrastructure,Senior Software Engineer,E3,NX04034,Nisha Rao,"Munich, Germany",2022-10-23,Full-Time,21,Hybrid,9625
NX01115,Jonathan Zhang,jonathan.zhang1115@nexacore.com,Product,Platform,Senior Product Manager,P3,NX01286,Linda Hansen,"San Francisco, US",2020-11-11,Full-Time,29,Hybrid,9385
NX01116,Rahul Hansen,rahul.hansen1116@nexacore.com,Product,Analytics,Senior Product Manager,P3,NX05189,Mohamed Nielsen,"London, UK",2021-03-03,Contract,20,Office,7513
NX01117,Ethan White,ethan.white1117@nexacore.com,HR,HR Business Partnering,HR Coordinator,H1,NX04522,Tobias Nielsen,"Manchester, UK",2025-09-20,Full-Time,16,Hybrid,6047
NX01118,Sarah Rodriguez,sarah.rodriguez1118@nexacore.com,Operations,Supply Chain,Senior Operations Mgr,O3,NX01551,Patrick Sharma,"San Francisco, US",2018-06-28,Part-Time,12,Office,5728
NX01119,Gabriel Wilson,gabriel.wilson1119@nexacore.com,Sales,Presales,Senior Account Executive,S3,NX04211,Daniel Gonzalez,"Berlin, Germany",2020-04-02,Full-Time,27,Office,5968
NX01120,Sofia Reddy,sofia.reddy1120@nexacore.com,Engineering,Mobile & Web,Software Engineer,E2,NX05486,Fiona Martinez,"Hyderabad, India",2024-09-21,Contract,13,Office,5478
NX01121,Robert Gupta,robert.gupta1121@nexacore.com,Customer Success,Renewals,CS Director,C4,,,"Chennai, India",2017-02-13,Full-Time,18,Hybrid,9037
NX01122,Ananya Kumar,ananya.kumar1122@nexacore.com,Sales,Sales Operations,Senior Account Executive,S3,NX03705,Karen Varma,"Frankfurt, Germany",2021-08-19,Contract,29,Remote,3523
NX01123,Lena Kumar,lena.kumar1123@nexacore.com,Customer Success,Renewals,CS Director,C4,,,"Pune, India",2015-12-21,Part-Time,27,Remote,9059
NX01124,Kate Bennet,kate.bennet1124@nexacore.com,Sales,Enterprise Sales,Senior Account Executive,S3,NX02479,Milan Hall,"Seattle, US",2020-03-22,Full-Time,15,Hybrid,8872
NX01125,Sabrina Kaur,sabrina.kaur1125@nexacore.com,Engineering,DevOps & SRE,Staff Engineer,E4,NX01406,Karan Mitchell,"Pune, India",2018-08-20,Full-Time,27,Office,3668
NX01126,Anjali Foster,anjali.foster1126@nexacore.com,HR,L&D,HR Generalist,H2,NX01340,Andrea Patel,"Munich, Germany",2022-08-07,Part-Time,14,Hybrid,6917
NX01127,Rohit Singh,rohit.singh1127@nexacore.com,Engineering,Mobile & Web,Senior Software Engineer,E3,NX02194,Daniel Williams,"Mumbai, India",2020-11-29,Full-Time,29,Hybrid,9419
NX01128,Isabel Zhang,isabel.zhang1128@nexacore.com,Product,Growth,Senior Product Manager,P3,NX01878,Kiara Singh,"Pune, India",2020-10-08,Contract,21,Hybrid,5932
NX01129,Liam Varma,liam.varma1129@nexacore.com,Product,Platform,Product Manager,P2,NX01237,Omar Gonzalez,"Pune, India",2022-08-22,Contract,27,Office,3243
NX01130,Valentina Klein,valentina.klein1130@nexacore.com,Customer Success,Support Engineering,CS Director,C4,,,"Frankfurt, Germany",2015-05-06,Full-Time,32,Hybrid,4569
NX01131,Fiona Pillai,fiona.pillai1131@nexacore.com,HR,People Operations,Senior HR Specialist,H3,NX01802,Laura Meier,"San Francisco, US",2019-02-10,Contract,19,Office,9717
NX01132,Clara Murphy,clara.murphy1132@nexacore.com,Engineering,DevOps & SRE,Principal Engineer,E5,,,"Hyderabad, India",2015-04-04,Full-Time,24,Hybrid,6104
NX01133,Omar Fischer,omar.fischer1133@nexacore.com,Product,Analytics,Senior Product Manager,P3,NX05503,William Brown,"Singapore, Singapore",2018-12-11,Full-Time,32,Hybrid,4643
NX01134,Deepa Walker,deepa.walker1134@nexacore.com,Data & Analytics,Business Intelligence,Senior Data Analyst,D2,NX01574,Saanvi Hughes,"Austin, US",2023-10-22,Full-Time,12,Hybrid,2830
NX01135,Ashley Becker,ashley.becker1135@nexacore.com,Engineering,DevOps & SRE,Software Engineer,E2,NX02858,Tina Murphy,"Berlin, Germany",2024-07-09,Full-Time,13,Hybrid,9412
NX01136,Anna Perez,anna.perez1136@nexacore.com,Sales,Enterprise Sales,Account Executive,S2,NX01833,Yuki Petrov,"Seattle, US",2023-01-26,Full-Time,24,Hybrid,3028
NX01137,Jason Sandoval,jason.sandoval1137@nexacore.com,Engineering,Cloud Infrastructure,Associate Engineer,E1,NX02828,Olivia Kapoor,"New York, US",2025-06-02,Part-Time,10,Hybrid,6698
NX01138,Oliver Gonzalez,oliver.gonzalez1138@nexacore.com,Customer Success,Account Management,Customer Success Manager,C2,NX03684,Lucas Santos,"Singapore, Singapore",2024-08-11,Contract,11,Hybrid,1229
NX01139,Wei Hughes,wei.hughes1139@nexacore.com,Customer Success,Account Management,CS Associate,C1,NX05863,Vikram Fischer,"Boston, US",2025-12-04,Full-Time,20,Office,4506
NX01140,Tom Weber,tom.weber1140@nexacore.com,Engineering,DevOps & SRE,Software Engineer,E2,NX01528,Carlos Das,"Manchester, UK",2023-12-11,Part-Time,15,Office,3963
NX01141,Oliver Meyer,oliver.meyer1141@nexacore.com,Sales,Presales,Senior Account Executive,S3,NX02053,Leo Sanchez,"San Francisco, US",2022-02-01,Contract,19,Hybrid,3025
NX01142,Simon Desai,simon.desai1142@nexacore.com,Sales,SMB Sales,Account Executive,S2,NX01789,Benjamin Mendes,"Frankfurt, Germany",2023-02-13,Full-Time,26,Remote,2347
NX01143,Mona Philips,mona.philips1143@nexacore.com,IT Support,End-User Computing,Senior IT Engineer,T3,NX02162,Zara Davis,"Edinburgh, UK",2020-03-20,Full-Time,19,Office,4700
NX01144,Rebecca Koch,rebecca.koch1144@nexacore.com,Product,Analytics,Principal PM,P4,,,"San Francisco, US",2014-11-09,Full-Time,30,Office,1209
NX01145,Tanvi Turner,tanvi.turner1145@nexacore.com,Marketing,Brand & Communications,Senior Marketing Manager,M3,NX01493,Maya Weber,"Edinburgh, UK",2019-07-27,Full-Time,30,Office,3348
NX01146,Raj Moore,raj.moore1146@nexacore.com,Engineering,QA & Testing,Associate Engineer,E1,NX02194,Daniel Williams,"Pune, India",2024-12-21,Part-Time,9,Hybrid,4281
NX01147,Ravi Dubois,ravi.dubois1147@nexacore.com,Sales,SMB Sales,Account Executive,S2,NX03743,Freya Scott,"Berlin, Germany",2023-03-15,Part-Time,9,Office,5472
NX01148,Rajesh Martinez,rajesh.martinez1148@nexacore.com,Legal,IP & Compliance,Associate Counsel,L2,NX02787,Saanvi Roberts,"Edinburgh, UK",2023-03-13,Full-Time,13,Office,2770
NX01149,David Kapoor,david.kapoor1149@nexacore.com,Engineering,DevOps & SRE,Principal Engineer,E5,,,"Frankfurt, Germany",2014-10-15,Full-Time,32,Remote,1865
NX01150,Arjun Philips,arjun.philips1150@nexacore.com,HR,Talent Acquisition,Senior HR Specialist,H3,NX01841,Liam Jensen,"New York, US",2019-04-25,Full-Time,26,Office,2578
NX01151,Ashley Thomas,ashley.thomas1151@nexacore.com,Data & Analytics,Data Governance,Data Scientist,D3,NX01901,Amara White,"Munich, Germany",2019-06-29,Full-Time,17,Hybrid,5287
NX01152,Zara Lopez,zara.lopez1152@nexacore.com,Operations,Supply Chain,Operations Specialist,O2,NX04748,Simon Zhang,"Mumbai, India",2022-05-06,Full-Time,17,Hybrid,8250
NX01153,Shreya Bhatt,shreya.bhatt1153@nexacore.com,Marketing,Brand & Communications,Senior Marketing Manager,M3,NX01493,Maya Weber,"New York, US",2016-08-14,Contract,30,Remote,9052
NX01154,Saanvi Fischer,saanvi.fischer1154@nexacore.com,Sales,Sales Operations,Senior Account Executive,S3,NX02251,Gaurav Moore,"Edinburgh, UK",2020-07-17,Full-Time,14,Hybrid,9837
NX01155,Sneha Perez,sneha.perez1155@nexacore.com,Engineering,QA & Testing,Senior Software Engineer,E3,NX05210,Anita Wood,"New York, US",2022-04-05,Contract,17,Hybrid,6779
NX01156,Lucas Lim,lucas.lim1156@nexacore.com,IT Support,End-User Computing,IT Support Engineer,T2,NX02767,Anna Shah,"Bangalore, India",2024-05-26,Contract,14,Hybrid,1440
NX01157,Nisha Meyer,nisha.meyer1157@nexacore.com,HR,Talent Acquisition,HR Generalist,H2,NX05343,Nora Desai,"Berlin, Germany",2022-02-09,Full-Time,22,Hybrid,5056
NX01158,Karl Smith,karl.smith1158@nexacore.com,Sales,Sales Operations,Sales Manager,S4,NX04644,Chen Green,"Hyderabad, India",2016-06-23,Part-Time,20,Hybrid,3781
NX01159,Alejandro Reed,alejandro.reed1159@nexacore.com,IT Support,IT Operations,Senior IT Engineer,T3,NX01079,Nora Murphy,"Mumbai, India",2016-07-15,Full-Time,19,Remote,7900
NX01160,Leo Becker,leo.becker1160@nexacore.com,IT Support,Security Operations,IT Manager,T4,,,"Frankfurt, Germany",2013-01-27,Contract,17,Hybrid,7394
NX01161,Mohamed Roth,mohamed.roth1161@nexacore.com,Engineering,Platform Engineering,Staff Engineer,E4,NX01068,Tanvi Miller,"Frankfurt, Germany",2019-05-07,Full-Time,20,Remote,9237
NX01162,Nikita Green,nikita.green1162@nexacore.com,Operations,Facilities,Senior Operations Mgr,O3,NX01349,Mohamed Rodriguez,"Manchester, UK",2021-03-28,Full-Time,29,Hybrid,9779
NX01163,Jessica Klein,jessica.klein1163@nexacore.com,IT Support,IT Operations,IT Support Engineer,T2,NX01426,Anita Williams,"Mumbai, India",2022-03-08,Full-Time,27,Office,2552
NX01164,Nikita Khan,nikita.khan1164@nexacore.com,Product,Core Product,Product Manager,P2,NX04582,Diego Smith,"Singapore, Singapore",2023-09-29,Full-Time,23,Office,5945
NX01165,Tom Kumar,tom.kumar1165@nexacore.com,Product,Analytics,Product Manager,P2,NX04078,Pedro Thompson,"London, UK",2022-02-24,Full-Time,13,Office,8425
NX01166,Haruto Becker,haruto.becker1166@nexacore.com,Engineering,QA & Testing,Software Engineer,E2,NX02600,Beatrice Murphy,"New York, US",2023-09-16,Contract,11,Office,5389
NX01167,William Scott,william.scott1167@nexacore.com,IT Support,IT Operations,IT Support Engineer,T2,NX01898,Nora White,"Mumbai, India",2022-07-13,Contract,20,Hybrid,3465
NX01168,Markus Nair,markus.nair1168@nexacore.com,Operations,Procurement,Operations Specialist,O2,NX01162,Nikita Green,"London, UK",2023-10-29,Full-Time,17,Remote,5702
NX01169,Gabriel Kapoor,gabriel.kapoor1169@nexacore.com,Engineering,QA & Testing,Software Engineer,E2,NX04576,Robert Mitchell,"Austin, US",2024-07-14,Full-Time,23,Hybrid,5023
NX01170,Michael Patel,michael.patel1170@nexacore.com,Engineering,DevOps & SRE,Principal Engineer,E5,,,"Berlin, Germany",2015-09-13,Full-Time,30,Remote,5468
NX01171,Diego Bennet,diego.bennet1171@nexacore.com,Data & Analytics,ML & AI,Senior Data Analyst,D2,NX05812,Laura Smith,"Seattle, US",2023-12-30,Part-Time,16,Office,8960
NX01172,Alejandro Chakraborty,alejandro.chakraborty1172@nexacore.com,Sales,Enterprise Sales,Sales Manager,S4,NX01784,Mira Zhang,"London, UK",2016-06-09,Contract,22,Hybrid,6954
NX01173,Benjamin Mitchell,benjamin.mitchell1173@nexacore.com,Sales,SMB Sales,Sales Manager,S4,NX01205,Amara Cruz,"Austin, US",2018-07-15,Full-Time,32,Office,9551
NX01174,Vikram Kapoor,vikram.kapoor1174@nexacore.com,Customer Success,Renewals,Customer Success Manager,C2,NX03777,Leo Klein,"Hyderabad, India",2024-05-30,Full-Time,15,Office,6395
NX01175,Rafael Wright,rafael.wright1175@nexacore.com,Customer Success,Account Management,Customer Success Manager,C2,NX02015,Aisha Kim,"Berlin, Germany",2024-08-01,Full-Time,19,Hybrid,8200
NX01176,Rebecca Kapoor,rebecca.kapoor1176@nexacore.com,Engineering,QA & Testing,Senior Software Engineer,E3,NX01981,James Becker,"Mumbai, India",2022-05-15,Full-Time,26,Office,6185
NX01177,Zoe Naidu,zoe.naidu1177@nexacore.com,Engineering,DevOps & SRE,Senior Software Engineer,E3,NX01299,Kate Fischer,"Austin, US",2022-06-29,Full-Time,16,Hybrid,6049
NX01178,Alejandro Smith,alejandro.smith1178@nexacore.com,Marketing,Brand & Communications,Marketing Specialist,M2,NX02238,Isabel Green,"Mumbai, India",2023-07-15,Part-Time,10,Remote,6067
NX01179,Omar Varma,omar.varma1179@nexacore.com,Marketing,Brand & Communications,Marketing Coordinator,M1,NX01108,Gabriel White,"Austin, US",2025-10-14,Full-Time,15,Office,5186
NX01180,Martin Das,martin.das1180@nexacore.com,Marketing,Demand Generation,Marketing Director,M4,,,"Boston, US",2015-06-07,Full-Time,25,Hybrid,7656
NX01181,Amelia Kim,amelia.kim1181@nexacore.com,Legal,Corporate Legal,Associate Counsel,L2,NX02266,Aryan Wood,"Frankfurt, Germany",2022-01-11,Full-Time,19,Remote,7920
NX01182,Blake Gonzalez,blake.gonzalez1182@nexacore.com,Operations,Facilities,Operations Specialist,O2,NX02258,Aarav Martin,"Singapore, Singapore",2021-12-20,Full-Time,12,Hybrid,6353
NX01183,Shirin Walker,shirin.walker1183@nexacore.com,Data & Analytics,Data Engineering,Senior Data Analyst,D2,NX01216,Lars Sanchez,"Mumbai, India",2023-12-22,Part-Time,14,Remote,1050
NX01184,Rajesh Harris,rajesh.harris1184@nexacore.com,Engineering,Mobile & Web,Software Engineer,E2,NX01827,Diego Wright,"London, UK",2024-07-20,Contract,15,Hybrid,3131
NX01185,Riya Lewis,riya.lewis1185@nexacore.com,Marketing,Content & SEO,Marketing Specialist,M2,NX01241,Omar Bennet,"Frankfurt, Germany",2023-05-10,Part-Time,9,Hybrid,6367
NX01186,Lucas Harris,lucas.harris1186@nexacore.com,HR,Talent Acquisition,HR Generalist,H2,NX02709,Kevin Mitchell,"Berlin, Germany",2022-04-01,Full-Time,22,Hybrid,1339
NX01187,Alejandro Rodriguez,alejandro.rodriguez1187@nexacore.com,Product,Growth,Product Manager,P2,NX04102,Zara Das,"Hyderabad, India",2023-04-30,Full-Time,22,Hybrid,1815
NX01188,Rajesh Shah,rajesh.shah1188@nexacore.com,IT Support,IT Operations,IT Manager,T4,,,"Seattle, US",2014-04-14,Full-Time,17,Hybrid,2922
NX01189,Akira White,akira.white1189@nexacore.com,Engineering,QA & Testing,Senior Software Engineer,E3,NX05077,Jaya Lim,"Berlin, Germany",2021-04-28,Full-Time,25,Remote,4121
NX01190,Leo Klein,leo.klein1190@nexacore.com,Marketing,Content & SEO,Senior Marketing Manager,M3,NX01499,Andrea Carter,"Edinburgh, UK",2016-09-03,Full-Time,29,Office,5636
NX01191,Ishan Murphy,ishan.murphy1191@nexacore.com,Marketing,Demand Generation,Marketing Specialist,M2,NX01753,Axel Hall,"Berlin, Germany",2023-02-24,Full-Time,20,Hybrid,8388
NX01192,Kevin Mendes,kevin.mendes1192@nexacore.com,IT Support,Security Operations,IT Support Engineer,T2,NX01426,Anita Williams,"Munich, Germany",2021-07-05,Full-Time,19,Hybrid,7513
NX01193,Jessica White,jessica.white1193@nexacore.com,IT Support,IT Operations,IT Support Engineer,T2,NX02066,Kevin Hoffmann,"Berlin, Germany",2023-06-07,Part-Time,10,Office,1962
NX01194,Anita Liu,anita.liu1194@nexacore.com,Product,Growth,Principal PM,P4,,,"Frankfurt, Germany",2014-10-17,Full-Time,34,Office,1087
NX01195,Kiara Pillai,kiara.pillai1195@nexacore.com,Marketing,Content & SEO,Marketing Specialist,M2,NX02349,Jaya Gonzalez,"Boston, US",2022-05-26,Full-Time,12,Remote,1673
NX01196,Harry Kaur,harry.kaur1196@nexacore.com,Product,Growth,Principal PM,P4,,,"Singapore, Singapore",2016-04-17,Full-Time,33,Hybrid,6198
NX01197,Wei Nair,wei.nair1197@nexacore.com,Sales,SMB Sales,Sales Development Rep,S1,NX03650,Nora Wood,"Seattle, US",2025-03-17,Full-Time,16,Hybrid,5603
NX01198,Omar Nair,omar.nair1198@nexacore.com,Engineering,Mobile & Web,Senior Software Engineer,E3,NX02879,Ethan Peters,"Seattle, US",2021-01-28,Contract,26,Hybrid,6169
NX01199,Tanvi Young,tanvi.young1199@nexacore.com,Data & Analytics,Business Intelligence,Senior Data Analyst,D2,NX02816,Nora Das,"Munich, Germany",2024-04-05,Full-Time,20,Hybrid,1587
NX01200,Sneha Kaur,sneha.kaur1200@nexacore.com,Customer Success,Account Management,CS Director,C4,,,"Munich, Germany",2012-04-30,Full-Time,20,Hybrid,1668
NX01201,Sara Martinez,sara.martinez1201@nexacore.com,Data & Analytics,Data Governance,Lead Data Scientist,D4,,,"Munich, Germany",2016-10-30,Full-Time,31,Hybrid,3025
NX01202,Nora Das,nora.das1202@nexacore.com,Product,Growth,Senior Product Manager,P3,NX05189,Mohamed Nielsen,"Boston, US",2018-05-02,Full-Time,27,Hybrid,4479
NX01203,Aditi Reddy,aditi.reddy1203@nexacore.com,Customer Success,Account Management,Senior CSM,C3,NX01130,Valentina Klein,"Berlin, Germany",2018-02-01,Full-Time,32,Hybrid,6384
NX01204,Alex Klein,alex.klein1204@nexacore.com,Engineering,Platform Engineering,Principal Engineer,E5,,,"Edinburgh, UK",2015-02-20,Full-Time,25,Office,3519
NX01205,Amara Cruz,amara.cruz1205@nexacore.com,Sales,Presales,Sales Director,S5,,,"Frankfurt, Germany",2014-05-06,Full-Time,35,Remote,6397
NX01206,Andrea Taylor,andrea.taylor1206@nexacore.com,Engineering,QA & Testing,Principal Engineer,E5,,,"Munich, Germany",2011-07-24,Full-Time,17,Remote,3118
NX01207,Jessica Carter,jessica.carter1207@nexacore.com,Marketing,Product Marketing,Marketing Coordinator,M1,NX02369,Sarah Davis,"London, UK",2024-11-05,Full-Time,14,Remote,7248
NX01208,Benjamin Moore,benjamin.moore1208@nexacore.com,Engineering,Mobile & Web,Software Engineer,E2,NX01125,Sabrina Kaur,"New York, US",2024-09-04,Full-Time,20,Office,3669
NX01209,Rafael Zhou,rafael.zhou1209@nexacore.com,Finance,Treasury,Senior Finance Analyst,F2,NX02327,Robert Kaur,"Boston, US",2024-03-19,Part-Time,9,Remote,8083
NX01210,Michael Varma,michael.varma1210@nexacore.com,Data & Analytics,Business Intelligence,Lead Data Scientist,D4,,,"Manchester, UK",2017-02-06,Part-Time,24,Hybrid,9021
NX01211,Sarah Miller,sarah.miller1211@nexacore.com,IT Support,IT Operations,IT Support Engineer,T2,NX05094,Lars Anderson,"Seattle, US",2021-12-12,Contract,16,Office,7033
NX01212,Henrik Nair,henrik.nair1212@nexacore.com,Customer Success,Renewals,Customer Success Manager,C2,NX02387,Ayesha Johnson,"Hyderabad, India",2022-09-10,Full-Time,20,Office,3540
NX01213,Thomas Reddy,thomas.reddy1213@nexacore.com,Marketing,Brand & Communications,Marketing Coordinator,M1,NX01839,Maya Hall,"Boston, US",2024-10-08,Full-Time,16,Office,5921
NX01214,Eva Evans,eva.evans1214@nexacore.com,Marketing,Product Marketing,Marketing Specialist,M2,NX05928,Rajesh Philips,"Austin, US",2023-02-13,Contract,25,Office,1738
NX01215,Usha Davis,usha.davis1215@nexacore.com,Data & Analytics,Data Governance,Data Scientist,D3,NX01901,Amara White,"Berlin, Germany",2019-07-04,Full-Time,25,Office,6823
NX01216,Lars Sanchez,lars.sanchez1216@nexacore.com,Data & Analytics,Data Engineering,Data Scientist,D3,NX02768,Simon Bennet,"Singapore, Singapore",2018-06-30,Full-Time,30,Hybrid,3985
NX01217,Rahul Brown,rahul.brown1217@nexacore.com,Sales,Enterprise Sales,Account Executive,S2,NX03644,William Brown,"Berlin, Germany",2022-11-28,Part-Time,11,Hybrid,8371
NX01218,Lena Lopez,lena.lopez1218@nexacore.com,Legal,Corporate Legal,Senior Counsel,L3,NX01951,Benjamin Lewis,"San Francisco, US",2018-05-23,Full-Time,27,Hybrid,2742
NX01219,Sabrina Reed,sabrina.reed1219@nexacore.com,Engineering,Platform Engineering,Associate Engineer,E1,NX01369,Uma Weber,"Bangalore, India",2025-09-03,Full-Time,14,Hybrid,8539
NX01220,Ravi Thomas,ravi.thomas1220@nexacore.com,HR,HR Business Partnering,HR Generalist,H2,NX04721,Hannah Pillai,"Boston, US",2022-07-07,Contract,15,Office,5958
NX01221,Beatrice Evans,beatrice.evans1221@nexacore.com,Data & Analytics,Business Intelligence,Lead Data Scientist,D4,,,"Bangalore, India",2017-05-10,Full-Time,29,Hybrid,1439
NX01222,Jaya Peters,jaya.peters1222@nexacore.com,Sales,SMB Sales,Sales Manager,S4,NX05945,Rohit Nielsen,"Austin, US",2016-08-21,Full-Time,29,Remote,2410
NX01223,Martin Zhang,martin.zhang1223@nexacore.com,Sales,Presales,Sales Development Rep,S1,NX03877,Riya Bhatt,"Chennai, India",2025-07-15,Full-Time,19,Office,8295
NX01224,Sven Perez,sven.perez1224@nexacore.com,Legal,Corporate Legal,Legal Analyst,L1,NX05110,Karan Johnson,"Munich, Germany",2023-10-31,Contract,13,Hybrid,1834
NX01225,Nicolas Bauer,nicolas.bauer1225@nexacore.com,Engineering,Platform Engineering,Staff Engineer,E4,NX01957,Arjun Gupta,"Berlin, Germany",2018-07-14,Full-Time,18,Office,5764
NX01226,Amrita Petrov,amrita.petrov1226@nexacore.com,Sales,Presales,Sales Manager,S4,NX02915,James Hoffmann,"Frankfurt, Germany",2018-08-31,Contract,20,Office,4799
NX01227,Anna Reddy,anna.reddy1227@nexacore.com,Sales,Enterprise Sales,Senior Account Executive,S3,NX03724,Priya Jones,"Berlin, Germany",2020-09-20,Contract,18,Hybrid,8755
NX01228,Clara Philips,clara.philips1228@nexacore.com,Product,Platform,Associate PM,P1,NX01007,Siddhant Muller,"Munich, Germany",2025-07-18,Part-Time,9,Office,8688
NX01229,Noah Nelson,noah.nelson1229@nexacore.com,Engineering,Cloud Infrastructure,Principal Engineer,E5,,,"Singapore, Singapore",2015-08-14,Full-Time,21,Office,3148
NX01230,Maria Williams,maria.williams1230@nexacore.com,Data & Analytics,Data Governance,Data Scientist,D3,NX03627,Akira Jensen,"Berlin, Germany",2018-07-19,Part-Time,11,Remote,3654
NX01231,Jaya Klein,jaya.klein1231@nexacore.com,Engineering,Platform Engineering,Software Engineer,E2,NX05103,Blake Sharma,"Frankfurt, Germany",2023-11-03,Full-Time,10,Hybrid,2653
NX01232,Robert Philips,robert.philips1232@nexacore.com,Engineering,Mobile & Web,Associate Engineer,E1,NX02850,Antoine Nair,"Austin, US",2025-03-10,Full-Time,18,Office,5273
NX01233,Olivia Turner,olivia.turner1233@nexacore.com,Sales,SMB Sales,Sales Manager,S4,NX03047,Sara Ross,"New York, US",2017-07-15,Contract,22,Hybrid,2867
NX01234,Kabir Dubois,kabir.dubois1234@nexacore.com,Operations,Business Operations,Senior Operations Mgr,O3,NX01413,Amelia Cruz,"Frankfurt, Germany",2017-11-02,Full-Time,34,Hybrid,5382
NX01235,Eva Walker,eva.walker1235@nexacore.com,IT Support,Security Operations,IT Manager,T4,,,"Pune, India",2015-03-07,Part-Time,20,Hybrid,2817
NX01236,Chen Scott,chen.scott1236@nexacore.com,Engineering,QA & Testing,Senior Software Engineer,E3,NX02917,Linda Chakraborty,"Pune, India",2021-03-14,Contract,28,Hybrid,4365
NX01237,Omar Gonzalez,omar.gonzalez1237@nexacore.com,Product,Platform,Senior Product Manager,P3,NX02322,Lucas Rao,"Munich, Germany",2018-08-20,Contract,31,Office,6959
NX01238,Nicolas Fischer,nicolas.fischer1238@nexacore.com,IT Support,End-User Computing,Senior IT Engineer,T3,NX01337,Priya Thomas,"San Francisco, US",2018-02-18,Full-Time,28,Office,8760
NX01239,Nisha Klein,nisha.klein1239@nexacore.com,Sales,SMB Sales,Sales Manager,S4,NX03029,Kevin Lim,"Hyderabad, India",2018-11-02,Full-Time,24,Hybrid,5021
NX01240,Eva Yamada,eva.yamada1240@nexacore.com,Operations,Procurement,Operations Specialist,O2,NX02414,Anjali Varma,"Austin, US",2022-01-24,Full-Time,15,Office,9456
NX01241,Omar Bennet,omar.bennet1241@nexacore.com,Marketing,Content & SEO,Senior Marketing Manager,M3,NX01493,Maya Weber,"Chennai, India",2017-06-29,Full-Time,33,Remote,2389
NX01242,Nikita Lewis,nikita.lewis1242@nexacore.com,Sales,Presales,Senior Account Executive,S3,NX03287,Liam Lewis,"New York, US",2022-04-12,Full-Time,25,Hybrid,1947
NX01243,Vikas Koch,vikas.koch1243@nexacore.com,Sales,Presales,Senior Account Executive,S3,NX03504,Akira Bhatt,"Edinburgh, UK",2020-09-19,Part-Time,11,Remote,6139
NX01244,Noah Bauer,noah.bauer1244@nexacore.com,Data & Analytics,ML & AI,Data Scientist,D3,NX02768,Simon Bennet,"Singapore, Singapore",2019-01-10,Contract,29,Hybrid,9919
NX01245,Sara Wang,sara.wang1245@nexacore.com,Engineering,Mobile & Web,Software Engineer,E2,NX02150,Gaurav Hansen,"Edinburgh, UK",2024-10-02,Full-Time,18,Hybrid,7389
NX01246,Deepa Rao,deepa.rao1246@nexacore.com,Legal,Employment Law,Associate Counsel,L2,NX02960,Rajesh Young,"Boston, US",2021-02-23,Full-Time,15,Hybrid,6582
NX01247,Freya Becker,freya.becker1247@nexacore.com,IT Support,End-User Computing,Senior IT Engineer,T3,NX01581,Milan Varma,"Seattle, US",2018-09-06,Full-Time,32,Hybrid,1982
NX01248,Patrick Kaur,patrick.kaur1248@nexacore.com,Finance,Tax & Compliance,Senior Finance Manager,F4,,,"Pune, India",2014-10-12,Full-Time,26,Remote,1085
NX01249,Shirin Lopez,shirin.lopez1249@nexacore.com,Operations,Business Operations,Operations Specialist,O2,NX01619,Mohamed Young,"Austin, US",2023-02-22,Full-Time,23,Hybrid,7187
NX01250,Vikas Wood,vikas.wood1250@nexacore.com,HR,People Operations,Senior HR Specialist,H3,NX01841,Liam Jensen,"Pune, India",2020-05-12,Full-Time,22,Office,8443
NX01251,Blake Foster,blake.foster1251@nexacore.com,HR,HR Business Partnering,HR Coordinator,H1,NX04166,James Bauer,"Berlin, Germany",2024-12-07,Full-Time,21,Hybrid,8802
NX01252,Jessica Nguyen,jessica.nguyen1252@nexacore.com,Customer Success,Onboarding,Customer Success Manager,C2,NX02279,Henrik Clark,"Manchester, UK",2022-02-26,Part-Time,12,Office,7468
NX01253,Lena Sanchez,lena.sanchez1253@nexacore.com,Engineering,DevOps & SRE,Principal Engineer,E5,,,"Berlin, Germany",2015-01-21,Full-Time,22,Remote,3668
NX01254,Emma Pillai,emma.pillai1254@nexacore.com,Marketing,Demand Generation,Marketing Specialist,M2,NX02308,Gaurav Carter,"Frankfurt, Germany",2024-05-15,Part-Time,8,Office,9669
NX01255,Daniel Walker,daniel.walker1255@nexacore.com,Data & Analytics,Business Intelligence,Data Scientist,D3,NX01389,Kate Hughes,"Munich, Germany",2018-05-16,Full-Time,18,Hybrid,7051
NX01256,Daniel Schmidt,daniel.schmidt1256@nexacore.com,Data & Analytics,Data Governance,Data Scientist,D3,NX02580,Oliver Moore,"Pune, India",2020-07-20,Full-Time,15,Hybrid,3511
NX01257,Daniel Mendes,daniel.mendes1257@nexacore.com,Engineering,Mobile & Web,Senior Software Engineer,E3,NX03544,Sophie Kaur,"Manchester, UK",2021-05-09,Full-Time,27,Hybrid,3328
NX01258,Rohit Carter,rohit.carter1258@nexacore.com,Engineering,Mobile & Web,Staff Engineer,E4,NX01068,Tanvi Miller,"Boston, US",2017-04-28,Full-Time,35,Hybrid,3004
NX01259,Nora Chen,nora.chen1259@nexacore.com,IT Support,End-User Computing,IT Support Engineer,T2,NX05760,Karen Liu,"Berlin, Germany",2022-12-18,Full-Time,17,Office,7181
NX01260,Sofia Williams,sofia.williams1260@nexacore.com,Data & Analytics,Business Intelligence,Senior Data Analyst,D2,NX02816,Nora Das,"Chennai, India",2021-08-16,Contract,15,Remote,3440
NX01261,Mona Das,mona.das1261@nexacore.com,Product,Analytics,Product Manager,P2,NX02255,Rebecca Shah,"Edinburgh, UK",2022-10-04,Full-Time,13,Office,5544
NX01262,Beatrice Green,beatrice.green1262@nexacore.com,Product,Core Product,Associate PM,P1,NX01596,Jonathan Bhatt,"Boston, US",2024-06-03,Contract,23,Remote,4152
NX01263,Zara Roth,zara.roth1263@nexacore.com,Finance,FP&A,Finance Manager,F3,NX02492,Haruto Wilson,"Singapore, Singapore",2021-04-06,Full-Time,28,Office,9713
NX01264,Haruto Becker,haruto.becker1264@nexacore.com,Engineering,Mobile & Web,Staff Engineer,E4,NX02465,Alejandro Walker,"San Francisco, US",2016-12-26,Full-Time,21,Remote,2386
NX01265,William Schmidt,william.schmidt1265@nexacore.com,Customer Success,Support Engineering,Senior CSM,C3,NX01565,Grace Fischer,"Edinburgh, UK",2021-04-13,Contract,31,Hybrid,6569
NX01266,Sabrina Hall,sabrina.hall1266@nexacore.com,Operations,Procurement,Operations Specialist,O2,NX03675,Anjali Peters,"Bangalore, India",2022-05-18,Contract,26,Hybrid,2627
NX01267,Zara Green,zara.green1267@nexacore.com,Operations,Facilities,Senior Operations Mgr,O3,NX01863,Lena Chen,"Chennai, India",2018-02-18,Full-Time,26,Hybrid,7672
NX01268,Grace Chakraborty,grace.chakraborty1268@nexacore.com,Data & Analytics,ML & AI,Data Analyst,D1,NX05812,Laura Smith,"New York, US",2025-01-06,Full-Time,22,Remote,6243
NX01269,Emma Muller,emma.muller1269@nexacore.com,Operations,Facilities,Operations Analyst,O1,NX04313,Akira Perez,"Seattle, US",2025-02-09,Full-Time,11,Hybrid,4874
NX01270,Thomas Price,thomas.price1270@nexacore.com,Engineering,QA & Testing,Associate Engineer,E1,NX02385,Jessica Patel,"Edinburgh, UK",2024-12-28,Full-Time,15,Hybrid,7669
NX01271,Antoine Peters,antoine.peters1271@nexacore.com,Customer Success,Onboarding,CS Director,C4,,,"Berlin, Germany",2015-07-15,Part-Time,24,Hybrid,2663
NX01272,Kevin Young,kevin.young1272@nexacore.com,HR,People Operations,HR Generalist,H2,NX05495,Jaya Robinson,"Boston, US",2021-09-23,Contract,13,Office,4333
NX01273,Emma Mendes,emma.mendes1273@nexacore.com,Operations,Business Operations,Operations Director,O4,,,"Austin, US",2014-02-21,Contract,21,Office,1684
NX01274,Aarav Patel,aarav.patel1274@nexacore.com,Data & Analytics,ML & AI,Lead Data Scientist,D4,NX01097,Nicolas Wood,"New York, US",2014-12-30,Full-Time,27,Hybrid,5110
NX01275,Pedro Martin,pedro.martin1275@nexacore.com,Engineering,Cloud Infrastructure,Software Engineer,E2,NX02035,Rafael Mendes,"Singapore, Singapore",2024-02-19,Full-Time,23,Hybrid,5925
NX01276,Beatrice Mitchell,beatrice.mitchell1276@nexacore.com,Engineering,Platform Engineering,Principal Engineer,E5,,,"Chennai, India",2011-11-08,Part-Time,22,Office,4454
NX01277,Tom Lewis,tom.lewis1277@nexacore.com,Engineering,Mobile & Web,Senior Software Engineer,E3,NX02194,Daniel Williams,"Seattle, US",2023-04-03,Part-Time,13,Office,6597
NX01278,Jaya Nielsen,jaya.nielsen1278@nexacore.com,Sales,Sales Operations,Senior Account Executive,S3,NX02966,Paola Kaur,"Bangalore, India",2019-09-22,Part-Time,15,Hybrid,8807
NX01279,Aditi Bauer,aditi.bauer1279@nexacore.com,IT Support,Security Operations,IT Manager,T4,,,"New York, US",2015-11-20,Full-Time,20,Office,7435
NX01280,Yuki Cruz,yuki.cruz1280@nexacore.com,Sales,Enterprise Sales,Sales Manager,S4,NX04888,Valentina Williams,"Bangalore, India",2019-05-21,Part-Time,14,Office,6864
NX01281,Rafael Gupta,rafael.gupta1281@nexacore.com,Legal,Employment Law,Associate Counsel,L2,NX04983,Mohamed Robinson,"Bangalore, India",2022-06-19,Full-Time,13,Office,1153
NX01282,Jonathan Wright,jonathan.wright1282@nexacore.com,Engineering,Platform Engineering,Senior Software Engineer,E3,NX02074,Karl Garcia,"Seattle, US",2022-08-02,Part-Time,9,Remote,5967
NX01283,Jonathan Jensen,jonathan.jensen1283@nexacore.com,Operations,Procurement,Senior Operations Mgr,O3,NX01349,Mohamed Rodriguez,"Manchester, UK",2021-04-17,Full-Time,25,Hybrid,1116
NX01284,James Singh,james.singh1284@nexacore.com,IT Support,IT Operations,Senior IT Engineer,T3,NX01709,Siddhant Weber,"Pune, India",2021-04-08,Full-Time,14,Office,4174
NX01285,Hannah Chen,hannah.chen1285@nexacore.com,Sales,SMB Sales,Sales Manager,S4,NX04083,Olivia Scott,"Hyderabad, India",2014-12-18,Full-Time,28,Hybrid,9570
NX01286,Linda Hansen,linda.hansen1286@nexacore.com,Product,Core Product,Principal PM,P4,,,"Seattle, US",2016-03-16,Part-Time,19,Office,1849
NX01287,Mohamed Nair,mohamed.nair1287@nexacore.com,Customer Success,Renewals,Senior CSM,C3,NX02159,Andrei Kim,"Seattle, US",2021-01-22,Full-Time,20,Remote,9474
NX01288,Andrea Williams,andrea.williams1288@nexacore.com,Engineering,Cloud Infrastructure,Senior Software Engineer,E3,NX02739,Siddhant Wright,"Mumbai, India",2020-12-07,Full-Time,31,Office,7420
NX01289,Isabel Liu,isabel.liu1289@nexacore.com,Marketing,Brand & Communications,Marketing Director,M4,,,"Bangalore, India",2013-06-21,Part-Time,33,Hybrid,5095
NX01290,James Green,james.green1290@nexacore.com,IT Support,IT Operations,Senior IT Engineer,T3,NX02031,Shirin Garcia,"Boston, US",2019-12-18,Full-Time,18,Remote,8077
NX01291,Alex Sandoval,alex.sandoval1291@nexacore.com,Engineering,Mobile & Web,Senior Software Engineer,E3,NX01550,Rosa Santos,"Seattle, US",2021-06-17,Full-Time,19,Hybrid,1891
NX01292,Nicolas Rao,nicolas.rao1292@nexacore.com,Customer Success,Account Management,Customer Success Manager,C2,NX04919,Paola Thomas,"Hyderabad, India",2021-11-11,Contract,15,Office,3045
NX01293,Ayesha Chakraborty,ayesha.chakraborty1293@nexacore.com,Operations,Supply Chain,Operations Analyst,O1,NX04228,Priya Rao,"Edinburgh, UK",2024-12-20,Full-Time,23,Remote,8240
NX01294,Anjali Kumar,anjali.kumar1294@nexacore.com,IT Support,Security Operations,Senior IT Engineer,T3,NX02037,Blake Naidu,"Berlin, Germany",2019-04-19,Full-Time,34,Hybrid,5831
NX01295,Pedro Moore,pedro.moore1295@nexacore.com,Legal,Corporate Legal,Senior Counsel,L3,NX03993,Tina Smith,"Berlin, Germany",2017-10-24,Full-Time,35,Office,8428
NX01296,Priya Patel,priya.patel1296@nexacore.com,Sales,Presales,Sales Manager,S4,NX03300,Chris Petrov,"Pune, India",2014-11-10,Full-Time,35,Remote,8439
NX01297,Valentina Liu,valentina.liu1297@nexacore.com,Marketing,Demand Generation,Senior Marketing Manager,M3,NX01832,Anna Price,"Pune, India",2020-04-18,Full-Time,15,Hybrid,4172
NX01298,Deepa Singh,deepa.singh1298@nexacore.com,Engineering,QA & Testing,Senior Software Engineer,E3,NX02629,James Kapoor,"Seattle, US",2021-05-30,Full-Time,17,Office,4046
NX01299,Kate Fischer,kate.fischer1299@nexacore.com,Engineering,Platform Engineering,Staff Engineer,E4,NX02557,Lena Taylor,"Mumbai, India",2020-05-15,Full-Time,22,Hybrid,6098
NX01300,Zara Zhou,zara.zhou1300@nexacore.com,Product,Growth,Senior Product Manager,P3,NX01194,Anita Liu,"Chennai, India",2020-03-10,Full-Time,22,Hybrid,1132
NX01301,Valentina Sandoval,valentina.sandoval1301@nexacore.com,Product,Growth,Principal PM,P4,,,"Mumbai, India",2017-04-26,Full-Time,34,Office,7915
NX01302,Noah Harris,noah.harris1302@nexacore.com,Sales,SMB Sales,Account Executive,S2,NX04232,Ethan Turner,"San Francisco, US",2023-12-06,Full-Time,11,Hybrid,6425
NX01303,Nicolas Scott,nicolas.scott1303@nexacore.com,Customer Success,Support Engineering,Customer Success Manager,C2,NX04430,David Green,"Berlin, Germany",2024-07-17,Full-Time,11,Hybrid,1691
NX01304,Thomas Jain,thomas.jain1304@nexacore.com,Sales,Enterprise Sales,Senior Account Executive,S3,NX02655,Kate Patel,"Austin, US",2021-08-06,Part-Time,17,Hybrid,8876
NX01305,Neha Wood,neha.wood1305@nexacore.com,Engineering,DevOps & SRE,Staff Engineer,E4,NX01068,Tanvi Miller,"San Francisco, US",2017-03-31,Full-Time,24,Hybrid,1162
NX01306,Aryan Martinez,aryan.martinez1306@nexacore.com,Engineering,Platform Engineering,Senior Software Engineer,E3,NX04271,Jason Price,"Pune, India",2021-10-18,Full-Time,18,Hybrid,1719
NX01307,Amara Harris,amara.harris1307@nexacore.com,HR,People Operations,HR Manager,H4,,,"Boston, US",2016-02-04,Full-Time,30,Hybrid,6567
NX01308,Kate Gupta,kate.gupta1308@nexacore.com,Product,Growth,Principal PM,P4,,,"Bangalore, India",2015-08-10,Full-Time,31,Hybrid,7208
NX01309,Chris Lopez,chris.lopez1309@nexacore.com,Customer Success,Account Management,Customer Success Manager,C2,NX01800,Freya Ross,"Boston, US",2022-06-18,Full-Time,22,Hybrid,9633
NX01310,Sabrina White,sabrina.white1310@nexacore.com,Product,Core Product,Senior Product Manager,P3,NX01196,Harry Kaur,"Pune, India",2017-09-23,Full-Time,18,Hybrid,7196
NX01311,Patrick Lewis,patrick.lewis1311@nexacore.com,Product,Analytics,Senior Product Manager,P3,NX05503,William Brown,"Austin, US",2020-04-23,Full-Time,16,Office,5819
NX01312,Eva Lim,eva.lim1312@nexacore.com,Engineering,Cloud Infrastructure,Principal Engineer,E5,,,"Mumbai, India",2016-05-01,Part-Time,16,Hybrid,9011
NX01313,Jaya Wilson,jaya.wilson1313@nexacore.com,IT Support,End-User Computing,IT Support Analyst,T1,NX04987,Tobias Hall,"Frankfurt, Germany",2024-12-08,Part-Time,8,Office,9342
NX01314,Patrick Philips,patrick.philips1314@nexacore.com,Engineering,QA & Testing,Staff Engineer,E4,NX01813,Harry Liu,"Munich, Germany",2018-11-10,Full-Time,20,Hybrid,9106
NX01315,Sofia Khan,sofia.khan1315@nexacore.com,Customer Success,Renewals,CS Director,C4,,,"Mumbai, India",2015-12-02,Full-Time,28,Hybrid,7486
NX01316,Jonas Lee,jonas.lee1316@nexacore.com,Product,Analytics,Principal PM,P4,,,"Edinburgh, UK",2014-12-12,Contract,27,Hybrid,2388
NX01317,Diego Yamada,diego.yamada1317@nexacore.com,Marketing,Brand & Communications,Marketing Specialist,M2,NX02416,Jaya Murphy,"Boston, US",2022-08-08,Full-Time,26,Office,8622
NX01318,Usha Shah,usha.shah1318@nexacore.com,Operations,Facilities,Operations Specialist,O2,NX01496,Liam Davis,"Berlin, Germany",2021-11-22,Full-Time,14,Office,6194
NX01319,Liam Meyer,liam.meyer1319@nexacore.com,Engineering,Platform Engineering,Senior Software Engineer,E3,NX01827,Diego Wright,"New York, US",2023-05-14,Full-Time,16,Hybrid,2350
NX01320,Maria Pillai,maria.pillai1320@nexacore.com,Product,Core Product,Associate PM,P1,NX05263,Rafael Lim,"Seattle, US",2024-06-24,Full-Time,23,Hybrid,9946
NX01321,Jana Liu,jana.liu1321@nexacore.com,Product,Growth,Senior Product Manager,P3,NX03725,Wei Varma,"London, UK",2018-05-29,Full-Time,27,Hybrid,4123
NX01322,Elena Yamada,elena.yamada1322@nexacore.com,Data & Analytics,ML & AI,Lead Data Scientist,D4,NX03828,James Nielsen,"Bangalore, India",2017-03-31,Full-Time,23,Hybrid,7647
NX01323,Akira Perez,akira.perez1323@nexacore.com,Customer Success,Account Management,Senior CSM,C3,NX01121,Robert Gupta,"Edinburgh, UK",2018-09-30,Full-Time,20,Hybrid,4829
NX01324,Valentina Sandoval,valentina.sandoval1324@nexacore.com,Product,Analytics,Product Manager,P2,NX05588,Sophie Nguyen,"Munich, Germany",2022-12-19,Full-Time,14,Hybrid,7843
NX01325,Jaya Nelson,jaya.nelson1325@nexacore.com,Engineering,DevOps & SRE,Senior Software Engineer,E3,NX05702,Mohamed Varma,"Bangalore, India",2020-06-25,Full-Time,22,Hybrid,1158
NX01326,Tina Thomas,tina.thomas1326@nexacore.com,Legal,IP & Compliance,Associate Counsel,L2,NX04848,David Nair,"London, UK",2021-12-04,Full-Time,17,Office,9808
NX01327,Markus Lim,markus.lim1327@nexacore.com,HR,Talent Acquisition,HR Manager,H4,,,"Mumbai, India",2013-07-09,Full-Time,17,Hybrid,7404
NX01328,Pedro Hoffmann,pedro.hoffmann1328@nexacore.com,Data & Analytics,Data Governance,Senior Data Analyst,D2,NX05990,Gabriel Meyer,"Hyderabad, India",2023-12-22,Contract,15,Office,8397
NX01329,Martin Das,martin.das1329@nexacore.com,Customer Success,Account Management,Customer Success Manager,C2,NX05154,Ethan Meier,"Pune, India",2023-12-28,Part-Time,7,Office,9005
NX01330,Alex Hall,alex.hall1330@nexacore.com,Product,Growth,Product Manager,P2,NX05846,Martin Kumar,"Hyderabad, India",2023-10-25,Full-Time,23,Hybrid,8449
NX01331,Anjali Mendes,anjali.mendes1331@nexacore.com,Customer Success,Onboarding,Customer Success Manager,C2,NX01941,Yuki Meier,"New York, US",2022-04-17,Full-Time,25,Office,9789
NX01332,Rohit Peters,rohit.peters1332@nexacore.com,IT Support,Security Operations,IT Support Engineer,T2,NX01143,Mona Philips,"Hyderabad, India",2024-05-27,Full-Time,16,Hybrid,8081
NX01333,Sofia Gonzalez,sofia.gonzalez1333@nexacore.com,Customer Success,Support Engineering,Senior CSM,C3,NX01608,David Kumar,"San Francisco, US",2019-03-26,Contract,29,Remote,1121
NX01334,Emma Nguyen,emma.nguyen1334@nexacore.com,Engineering,Platform Engineering,Senior Software Engineer,E3,NX05697,Neha Kaur,"Edinburgh, UK",2020-12-10,Contract,13,Hybrid,9043
NX01335,Shreya Patel,shreya.patel1335@nexacore.com,Product,Core Product,Principal PM,P4,,,"Hyderabad, India",2016-03-17,Full-Time,24,Remote,5873
NX01336,Rahul Scott,rahul.scott1336@nexacore.com,Product,Growth,Principal PM,P4,NX01335,Shreya Patel,"Berlin, Germany",2015-10-13,Full-Time,22,Hybrid,8501
NX01337,Priya Thomas,priya.thomas1337@nexacore.com,IT Support,End-User Computing,IT Manager,T4,,,"Pune, India",2014-09-01,Full-Time,30,Remote,5485
NX01338,Yuki Koch,yuki.koch1338@nexacore.com,Customer Success,Onboarding,CS Director,C4,,,"San Francisco, US",2012-08-11,Full-Time,32,Office,7041
NX01339,Ashley Yamada,ashley.yamada1339@nexacore.com,Marketing,Brand & Communications,Marketing Specialist,M2,NX01241,Omar Bennet,"Singapore, Singapore",2021-09-24,Full-Time,23,Office,9291
NX01340,Andrea Patel,andrea.patel1340@nexacore.com,HR,Talent Acquisition,Senior HR Specialist,H3,NX02069,Linda Price,"Hyderabad, India",2019-05-03,Part-Time,14,Remote,6630
NX01341,Rajesh Hansen,rajesh.hansen1341@nexacore.com,Customer Success,Renewals,Customer Success Manager,C2,NX02606,Nora Klein,"Mumbai, India",2024-06-17,Full-Time,21,Hybrid,6359
NX01342,Siddhant Petrov,siddhant.petrov1342@nexacore.com,IT Support,IT Operations,Senior IT Engineer,T3,NX01709,Siddhant Weber,"Hyderabad, India",2019-07-14,Full-Time,19,Office,3297
NX01343,Sneha Kim,sneha.kim1343@nexacore.com,Engineering,Cloud Infrastructure,Software Engineer,E2,NX02625,Jaya Lewis,"New York, US",2024-08-16,Full-Time,22,Office,9759
NX01344,Rahul Green,rahul.green1344@nexacore.com,Engineering,Platform Engineering,Software Engineer,E2,NX01125,Sabrina Kaur,"Bangalore, India",2024-03-17,Part-Time,14,Hybrid,4549
NX01345,Amelia Turner,amelia.turner1345@nexacore.com,HR,People Operations,Senior HR Specialist,H3,NX01841,Liam Jensen,"Munich, Germany",2017-01-02,Part-Time,14,Hybrid,2684
NX01346,Rafael Walker,rafael.walker1346@nexacore.com,Product,Platform,Associate PM,P1,NX04300,Emma Williams,"Munich, Germany",2025-11-30,Full-Time,15,Office,4305
NX01347,Kevin Mendes,kevin.mendes1347@nexacore.com,Data & Analytics,Business Intelligence,Senior Data Analyst,D2,NX01072,Hannah Sharma,"San Francisco, US",2022-01-08,Full-Time,19,Hybrid,4148
NX01348,Antoine Jain,antoine.jain1348@nexacore.com,IT Support,End-User Computing,IT Support Analyst,T1,NX05094,Lars Anderson,"New York, US",2025-03-05,Part-Time,13,Hybrid,6359
NX01349,Mohamed Rodriguez,mohamed.rodriguez1349@nexacore.com,Operations,Business Operations,Operations Director,O4,,,"San Francisco, US",2014-11-17,Contract,28,Office,4502
NX01350,Chen Martinez,chen.martinez1350@nexacore.com,Finance,Tax & Compliance,Finance Manager,F3,NX02492,Haruto Wilson,"New York, US",2019-08-20,Full-Time,21,Office,4485
NX01351,Shreya Jain,shreya.jain1351@nexacore.com,Data & Analytics,Data Engineering,Senior Data Analyst,D2,NX02972,Freya Moore,"Seattle, US",2022-06-30,Part-Time,15,Office,7735
NX01352,Martin Zhang,martin.zhang1352@nexacore.com,Sales,Presales,Sales Manager,S4,NX01018,Nora Robinson,"Pune, India",2017-09-22,Part-Time,23,Office,5127
NX01353,Bernd Santos,bernd.santos1353@nexacore.com,Data & Analytics,ML & AI,Senior Data Analyst,D2,NX01547,Stefan Harris,"Edinburgh, UK",2024-05-21,Part-Time,11,Remote,8899
NX01354,Arjun Liu,arjun.liu1354@nexacore.com,Engineering,Platform Engineering,Staff Engineer,E4,NX01406,Karan Mitchell,"Munich, Germany",2019-10-07,Full-Time,17,Office,1217
NX01355,Karen Becker,karen.becker1355@nexacore.com,Data & Analytics,Data Engineering,Senior Data Analyst,D2,NX02049,Beatrice Kaur,"Boston, US",2021-12-10,Full-Time,27,Remote,1981
NX01356,Elena Mendes,elena.mendes1356@nexacore.com,Engineering,DevOps & SRE,Senior Software Engineer,E3,NX02600,Beatrice Murphy,"Boston, US",2022-05-21,Full-Time,28,Hybrid,4900
NX01357,Sara Wood,sara.wood1357@nexacore.com,Data & Analytics,ML & AI,Data Scientist,D3,NX01825,Andrea Zhou,"Chennai, India",2019-09-09,Full-Time,32,Hybrid,9533
NX01358,Robert Smith,robert.smith1358@nexacore.com,IT Support,IT Operations,IT Support Engineer,T2,NX01414,Kevin Kumar,"Bangalore, India",2022-10-20,Full-Time,21,Remote,9836
NX01359,Anita Thompson,anita.thompson1359@nexacore.com,Engineering,Cloud Infrastructure,Senior Software Engineer,E3,NX02263,Sophie Yamada,"Austin, US",2021-01-21,Contract,17,Office,1099
NX01360,Antoine Petrov,antoine.petrov1360@nexacore.com,Marketing,Brand & Communications,Marketing Director,M4,,,"San Francisco, US",2012-08-09,Full-Time,29,Remote,3057
NX01361,Benjamin Gupta,benjamin.gupta1361@nexacore.com,Legal,Employment Law,Legal Analyst,L1,NX05110,Karan Johnson,"San Francisco, US",2024-10-14,Full-Time,16,Office,6103
NX01362,Gaurav Williams,gaurav.williams1362@nexacore.com,HR,People Operations,Senior HR Specialist,H3,NX01383,Omar Thompson,"Austin, US",2020-02-28,Full-Time,24,Hybrid,8344
NX01363,Jana Khan,jana.khan1363@nexacore.com,Sales,Presales,Senior Account Executive,S3,NX04263,Siddhant Smith,"Hyderabad, India",2022-05-19,Full-Time,15,Office,7925
NX01364,Tom Scott,tom.scott1364@nexacore.com,Sales,Presales,Sales Manager,S4,NX01533,Valentina Wood,"Chennai, India",2018-03-14,Full-Time,33,Hybrid,5918
NX01365,Yuki Garcia,yuki.garcia1365@nexacore.com,Finance,Accounting,Senior Finance Analyst,F2,NX02005,Mohamed Miller,"Seattle, US",2023-01-06,Full-Time,15,Office,8878
NX01366,Aryan Liu,aryan.liu1366@nexacore.com,Sales,SMB Sales,Sales Manager,S4,NX01477,Chris Petrov,"Frankfurt, Germany",2015-06-23,Full-Time,35,Hybrid,9203
NX01367,Patrick Petrov,patrick.petrov1367@nexacore.com,IT Support,IT Operations,IT Support Engineer,T2,NX05934,Vikas Nielsen,"Berlin, Germany",2022-06-03,Full-Time,20,Remote,2167
NX01368,Rebecca Bhatt,rebecca.bhatt1368@nexacore.com,Operations,Supply Chain,Operations Specialist,O2,NX02704,Sophie Fischer,"Edinburgh, UK",2023-11-23,Contract,17,Hybrid,6711
NX01369,Uma Weber,uma.weber1369@nexacore.com,Engineering,DevOps & SRE,Staff Engineer,E4,NX01276,Beatrice Mitchell,"Manchester, UK",2019-08-02,Part-Time,18,Hybrid,5043
NX01370,Kate Peters,kate.peters1370@nexacore.com,Product,Core Product,Senior Product Manager,P3,NX02322,Lucas Rao,"Manchester, UK",2019-04-21,Part-Time,22,Remote,5281
NX01371,Shirin Varma,shirin.varma1371@nexacore.com,Sales,SMB Sales,Senior Account Executive,S3,NX02821,Tanvi Muller,"Seattle, US",2020-06-04,Full-Time,28,Office,1202
NX01372,Clara Zhang,clara.zhang1372@nexacore.com,Legal,Corporate Legal,Associate Counsel,L2,NX01218,Lena Lopez,"Edinburgh, UK",2020-04-25,Full-Time,31,Remote,9495
NX01373,Ishan Naidu,ishan.naidu1373@nexacore.com,Legal,Corporate Legal,Associate Counsel,L2,NX01032,Beatrice Sanchez,"Berlin, Germany",2022-12-27,Full-Time,15,Remote,6045
NX01374,Riya Yamada,riya.yamada1374@nexacore.com,Operations,Supply Chain,Senior Operations Mgr,O3,NX01843,Pedro Sandoval,"Pune, India",2017-12-29,Part-Time,24,Office,5407
NX01375,Jaya Wright,jaya.wright1375@nexacore.com,Finance,Treasury,Finance Manager,F3,NX01868,Zara Scott,"Boston, US",2017-05-28,Full-Time,32,Hybrid,2144
NX01376,Robert Reddy,robert.reddy1376@nexacore.com,Engineering,DevOps & SRE,Software Engineer,E2,NX04393,Aryan Das,"Boston, US",2024-01-30,Part-Time,14,Office,3200
NX01377,James Petrov,james.petrov1377@nexacore.com,Operations,Business Operations,Senior Operations Mgr,O3,NX01727,Jessica Scott,"Singapore, Singapore",2020-08-02,Full-Time,26,Office,4292
NX01378,Anna Wright,anna.wright1378@nexacore.com,HR,People Operations,HR Generalist,H2,NX02342,Simon Rao,"San Francisco, US",2021-10-09,Full-Time,26,Office,3721
NX01379,Axel Koch,axel.koch1379@nexacore.com,HR,Talent Acquisition,HR Coordinator,H1,NX01688,Karen Koch,"Edinburgh, UK",2024-12-27,Full-Time,14,Hybrid,4846
NX01380,Sophie Petrov,sophie.petrov1380@nexacore.com,Customer Success,Onboarding,Senior CSM,C3,NX01130,Valentina Klein,"Bangalore, India",2018-05-17,Full-Time,17,Hybrid,1685
NX01381,Bernd Hughes,bernd.hughes1381@nexacore.com,Legal,Employment Law,Associate Counsel,L2,NX05110,Karan Johnson,"Bangalore, India",2020-12-31,Full-Time,23,Office,8961
NX01382,Sofia Yamada,sofia.yamada1382@nexacore.com,HR,L&D,Senior HR Specialist,H3,NX01750,Gabriel Price,"Berlin, Germany",2019-04-08,Full-Time,25,Hybrid,4925
NX01383,Omar Thompson,omar.thompson1383@nexacore.com,HR,HR Business Partnering,HR Manager,H4,,,"Edinburgh, UK",2013-07-25,Contract,25,Hybrid,2641
NX01384,Aarav Nielsen,aarav.nielsen1384@nexacore.com,Marketing,Content & SEO,Marketing Coordinator,M1,NX02085,Freya Green,"Chennai, India",2024-06-04,Full-Time,17,Office,5072
NX01385,Paola Nguyen,paola.nguyen1385@nexacore.com,Marketing,Content & SEO,Marketing Specialist,M2,NX02536,Markus Meyer,"Singapore, Singapore",2023-12-05,Full-Time,15,Remote,1272
NX01386,Omar Brown,omar.brown1386@nexacore.com,HR,L&D,Senior HR Specialist,H3,NX01383,Omar Thompson,"Munich, Germany",2021-05-15,Full-Time,29,Office,6707
NX01387,Ryan Perez,ryan.perez1387@nexacore.com,Engineering,Platform Engineering,Software Engineer,E2,NX05538,Manish Lee,"Edinburgh, UK",2023-12-02,Full-Time,24,Office,3094
NX01388,Tina Das,tina.das1388@nexacore.com,Marketing,Product Marketing,Marketing Director,M4,,,"Munich, Germany",2014-05-10,Full-Time,18,Office,4946
NX01389,Kate Hughes,kate.hughes1389@nexacore.com,Data & Analytics,Business Intelligence,Head of Data,D5,,,"Hyderabad, India",2012-07-30,Full-Time,30,Office,6349
NX01390,Priya Zhang,priya.zhang1390@nexacore.com,Operations,Facilities,Senior Operations Mgr,O3,NX01712,Rohit Moore,"Austin, US",2019-05-27,Part-Time,23,Hybrid,3224
NX01391,William Singh,william.singh1391@nexacore.com,Product,Analytics,Principal PM,P4,NX01111,David Bennet,"Hyderabad, India",2016-05-06,Part-Time,14,Hybrid,2059
NX01392,Nisha Meyer,nisha.meyer1392@nexacore.com,Operations,Procurement,Operations Specialist,O2,NX04482,Chen Petrov,"Berlin, Germany",2023-05-25,Full-Time,25,Hybrid,2824
NX01393,Beatrice Lopez,beatrice.lopez1393@nexacore.com,HR,People Operations,HR Generalist,H2,NX02709,Kevin Mitchell,"Pune, India",2024-05-30,Contract,13,Hybrid,1027
NX01394,Michael Chakraborty,michael.chakraborty1394@nexacore.com,Sales,SMB Sales,Sales Manager,S4,NX01018,Nora Robinson,"Edinburgh, UK",2018-01-13,Full-Time,31,Hybrid,9515
NX01395,Jonathan Davis,jonathan.davis1395@nexacore.com,Engineering,DevOps & SRE,Senior Software Engineer,E3,NX05351,Devika Naidu,"Bangalore, India",2022-11-18,Contract,18,Office,4586
NX01396,Tina Varma,tina.varma1396@nexacore.com,IT Support,IT Operations,IT Support Engineer,T2,NX04485,Raj Smith,"Chennai, India",2024-03-29,Contract,24,Hybrid,6245
NX01397,Michael Pillai,michael.pillai1397@nexacore.com,Marketing,Brand & Communications,Marketing Specialist,M2,NX02010,Ravi Hoffmann,"Seattle, US",2021-06-03,Part-Time,19,Office,9110
NX01398,Manish Weber,manish.weber1398@nexacore.com,Sales,Presales,Sales Manager,S4,NX01784,Mira Zhang,"Mumbai, India",2017-03-14,Full-Time,28,Hybrid,1861
NX01399,Harry Petrov,harry.petrov1399@nexacore.com,Operations,Procurement,Operations Director,O4,,,"Boston, US",2012-09-20,Part-Time,23,Hybrid,6528
NX01400,Rosa Turner,rosa.turner1400@nexacore.com,Marketing,Content & SEO,Marketing Coordinator,M1,NX02536,Markus Meyer,"Manchester, UK",2024-11-05,Full-Time,19,Office,5626
NX01401,Isabel Wang,isabel.wang1401@nexacore.com,Marketing,Content & SEO,Senior Marketing Manager,M3,NX01360,Antoine Petrov,"Pune, India",2018-04-29,Full-Time,34,Hybrid,5981
NX01402,Shreya Taylor,shreya.taylor1402@nexacore.com,Engineering,Cloud Infrastructure,Senior Software Engineer,E3,NX03990,Kevin Khan,"Chennai, India",2021-05-17,Full-Time,27,Remote,4436
NX01403,Jonas Wright,jonas.wright1403@nexacore.com,Sales,SMB Sales,Sales Manager,S4,NX02598,Aditi White,"Bangalore, India",2016-09-19,Full-Time,31,Remote,7169
NX01404,Ryan Turner,ryan.turner1404@nexacore.com,Product,Growth,Principal PM,P4,NX01144,Rebecca Koch,"Mumbai, India",2013-09-03,Full-Time,34,Hybrid,2922
NX01405,Usha Taylor,usha.taylor1405@nexacore.com,Customer Success,Support Engineering,Senior CSM,C3,NX02120,Aarav Perez,"Berlin, Germany",2018-10-03,Full-Time,34,Remote,2946
NX01406,Karan Mitchell,karan.mitchell1406@nexacore.com,Engineering,DevOps & SRE,Principal Engineer,E5,,,"Boston, US",2014-05-13,Part-Time,23,Office,2468
NX01407,Siddhant Taylor,siddhant.taylor1407@nexacore.com,Engineering,DevOps & SRE,Senior Software Engineer,E3,NX01505,Karan Hoffmann,"Seattle, US",2021-10-24,Part-Time,19,Remote,2910
NX01408,Ayesha Dubois,ayesha.dubois1408@nexacore.com,Sales,Presales,Senior Account Executive,S3,NX01911,Bernd Varma,"Singapore, Singapore",2020-05-05,Full-Time,18,Hybrid,5484
NX01409,Bernd Sandoval,bernd.sandoval1409@nexacore.com,Operations,Business Operations,Senior Operations Mgr,O3,NX02307,Maya Sharma,"Edinburgh, UK",2019-01-04,Full-Time,17,Remote,3051
NX01410,Blake Lim,blake.lim1410@nexacore.com,HR,Talent Acquisition,HR Coordinator,H1,NX05857,Haruto Varma,"New York, US",2025-07-17,Full-Time,13,Remote,9684
NX01411,Tanvi Chen,tanvi.chen1411@nexacore.com,Customer Success,Onboarding,Customer Success Manager,C2,NX01323,Akira Perez,"San Francisco, US",2023-12-27,Part-Time,14,Hybrid,1087
NX01412,Sarah Lewis,sarah.lewis1412@nexacore.com,Customer Success,Onboarding,Customer Success Manager,C2,NX01703,Stefan Klein,"Mumbai, India",2023-10-29,Full-Time,23,Office,5206
NX01413,Amelia Cruz,amelia.cruz1413@nexacore.com,Operations,Supply Chain,Operations Director,O4,,,"Singapore, Singapore",2013-12-29,Full-Time,22,Hybrid,1001
NX01414,Kevin Kumar,kevin.kumar1414@nexacore.com,IT Support,End-User Computing,Senior IT Engineer,T3,NX01337,Priya Thomas,"Singapore, Singapore",2020-12-06,Full-Time,13,Remote,9035
NX01415,Milan Rao,milan.rao1415@nexacore.com,Engineering,Mobile & Web,Software Engineer,E2,NX02940,James Pillai,"Singapore, Singapore",2024-08-06,Full-Time,23,Remote,4884
NX01416,Amrita Hansen,amrita.hansen1416@nexacore.com,Engineering,Cloud Infrastructure,Staff Engineer,E4,NX01738,Grace Bauer,"Boston, US",2020-03-16,Full-Time,15,Hybrid,6882
NX01417,Lisa Evans,lisa.evans1417@nexacore.com,IT Support,Security Operations,IT Support Engineer,T2,NX03469,Lucas Jones,"Berlin, Germany",2023-06-02,Full-Time,22,Office,7554
NX01418,Shirin Cruz,shirin.cruz1418@nexacore.com,Sales,Sales Operations,Senior Account Executive,S3,NX03888,Gaurav Murphy,"Berlin, Germany",2020-12-01,Part-Time,12,Hybrid,5413
NX01419,Isabel White,isabel.white1419@nexacore.com,Customer Success,Support Engineering,Customer Success Manager,C2,NX01695,Benjamin Zhou,"Singapore, Singapore",2022-01-11,Contract,19,Hybrid,8104
NX01420,Pedro Bennet,pedro.bennet1420@nexacore.com,Engineering,QA & Testing,Software Engineer,E2,NX02985,Paola Kim,"Austin, US",2024-06-14,Full-Time,13,Hybrid,9984
NX01421,Rebecca Chen,rebecca.chen1421@nexacore.com,Marketing,Product Marketing,Senior Marketing Manager,M3,NX01360,Antoine Petrov,"Hyderabad, India",2017-12-29,Full-Time,28,Hybrid,5483
NX01422,Aisha Davies,aisha.davies1422@nexacore.com,Operations,Procurement,Senior Operations Mgr,O3,NX01675,Ryan Klein,"Austin, US",2017-12-04,Full-Time,30,Hybrid,9625
NX01423,Maya Sandoval,maya.sandoval1423@nexacore.com,Engineering,DevOps & SRE,Staff Engineer,E4,NX01482,Oliver Lewis,"Pune, India",2018-12-28,Contract,26,Hybrid,5440
NX01424,Blake Carter,blake.carter1424@nexacore.com,Operations,Business Operations,Operations Specialist,O2,NX04313,Akira Perez,"London, UK",2022-08-21,Full-Time,15,Hybrid,8812
NX01425,Deepa Kaur,deepa.kaur1425@nexacore.com,Sales,Enterprise Sales,Senior Account Executive,S3,NX02844,Sneha Garcia,"Singapore, Singapore",2019-07-29,Part-Time,18,Hybrid,5380
NX01426,Anita Williams,anita.williams1426@nexacore.com,IT Support,Security Operations,Senior IT Engineer,T3,NX01235,Eva Walker,"Manchester, UK",2019-04-19,Part-Time,12,Hybrid,3999
NX01427,Samuel Martinez,samuel.martinez1427@nexacore.com,Operations,Procurement,Operations Director,O4,,,"Singapore, Singapore",2014-06-07,Full-Time,28,Hybrid,6000
NX01428,Beatrice Lee,beatrice.lee1428@nexacore.com,Engineering,DevOps & SRE,Software Engineer,E2,NX02402,Vikram Nelson,"London, UK",2024-10-10,Full-Time,20,Remote,2534
NX01429,Gaurav Roth,gaurav.roth1429@nexacore.com,Customer Success,Onboarding,Senior CSM,C3,NX02159,Andrei Kim,"Hyderabad, India",2020-09-09,Part-Time,10,Hybrid,1175
NX01430,Rosa Turner,rosa.turner1430@nexacore.com,Customer Success,Account Management,Senior CSM,C3,NX01315,Sofia Khan,"Frankfurt, Germany",2019-03-13,Full-Time,18,Office,3042
NX01431,Ravi Bauer,ravi.bauer1431@nexacore.com,Engineering,QA & Testing,Staff Engineer,E4,NX01957,Arjun Gupta,"San Francisco, US",2018-10-28,Part-Time,15,Hybrid,5001
NX01432,Wei Varma,wei.varma1432@nexacore.com,Marketing,Brand & Communications,Marketing Director,M4,,,"Munich, Germany",2015-01-23,Full-Time,19,Remote,4687
NX01433,Hannah Clark,hannah.clark1433@nexacore.com,Engineering,Mobile & Web,Principal Engineer,E5,,,"Chennai, India",2014-06-10,Contract,20,Hybrid,7211
NX01434,Grace Mendes,grace.mendes1434@nexacore.com,Data & Analytics,Data Engineering,Lead Data Scientist,D4,NX03627,Akira Jensen,"London, UK",2017-01-30,Part-Time,27,Hybrid,5752
NX01435,Markus Peters,markus.peters1435@nexacore.com,Sales,Sales Operations,Sales Manager,S4,NX04888,Valentina Williams,"Seattle, US",2018-07-07,Full-Time,23,Hybrid,4562
NX01436,Maya Smith,maya.smith1436@nexacore.com,Engineering,QA & Testing,Staff Engineer,E4,NX02557,Lena Taylor,"Mumbai, India",2016-11-11,Full-Time,24,Office,1096
NX01437,Shreya Liu,shreya.liu1437@nexacore.com,IT Support,IT Operations,IT Support Engineer,T2,NX02494,Blake Patel,"Manchester, UK",2022-08-07,Full-Time,22,Hybrid,7587
NX01438,Oliver Bauer,oliver.bauer1438@nexacore.com,Customer Success,Onboarding,Customer Success Manager,C2,NX01333,Sofia Gonzalez,"Berlin, Germany",2024-09-29,Full-Time,21,Hybrid,7729
NX01439,David Petrov,david.petrov1439@nexacore.com,Marketing,Brand & Communications,Marketing Specialist,M2,NX02403,Aryan Hughes,"Chennai, India",2023-08-25,Part-Time,11,Hybrid,5903
NX01440,Pankaj Naidu,pankaj.naidu1440@nexacore.com,Customer Success,Account Management,Senior CSM,C3,NX01200,Sneha Kaur,"Seattle, US",2019-07-26,Full-Time,28,Office,3291
NX01441,Oliver Wright,oliver.wright1441@nexacore.com,Operations,Procurement,Operations Specialist,O2,NX01064,Julia Anderson,"Bangalore, India",2023-11-19,Full-Time,16,Remote,1659
NX01442,Diego Mitchell,diego.mitchell1442@nexacore.com,Data & Analytics,Data Governance,Data Scientist,D3,NX01901,Amara White,"London, UK",2019-05-27,Full-Time,20,Hybrid,5354
NX01443,Daniel Murphy,daniel.murphy1443@nexacore.com,Sales,Presales,Account Executive,S2,NX02966,Paola Kaur,"Frankfurt, Germany",2024-05-16,Part-Time,10,Remote,9222
NX01444,Rafael Evans,rafael.evans1444@nexacore.com,Data & Analytics,Data Engineering,Senior Data Analyst,D2,NX01726,Sabrina Taylor,"Pune, India",2024-03-09,Full-Time,25,Hybrid,4874
NX01445,Anita Turner,anita.turner1445@nexacore.com,Product,Platform,Associate PM,P1,NX02213,Paul Ross,"Berlin, Germany",2025-10-26,Contract,17,Remote,5623
NX01446,Sven Cruz,sven.cruz1446@nexacore.com,Operations,Procurement,Senior Operations Mgr,O3,NX01399,Harry Petrov,"Austin, US",2018-09-02,Contract,28,Hybrid,5606
NX01447,Clara Kaur,clara.kaur1447@nexacore.com,Legal,Employment Law,Legal Analyst,L1,NX02960,Rajesh Young,"Austin, US",2023-11-03,Part-Time,15,Office,9230
NX01448,Haruto Hansen,haruto.hansen1448@nexacore.com,Sales,SMB Sales,Senior Account Executive,S3,NX02821,Tanvi Muller,"Austin, US",2022-03-11,Full-Time,23,Hybrid,3395
NX01449,Ryan Becker,ryan.becker1449@nexacore.com,Customer Success,Account Management,Customer Success Manager,C2,NX05138,Arjun Mendes,"Hyderabad, India",2022-02-16,Full-Time,22,Office,4633
NX01450,Nikita Naidu,nikita.naidu1450@nexacore.com,Sales,Presales,Senior Account Executive,S3,NX03504,Akira Bhatt,"Mumbai, India",2019-09-24,Contract,30,Office,5411
NX01451,Pankaj Kim,pankaj.kim1451@nexacore.com,Product,Platform,Principal PM,P4,NX05189,Mohamed Nielsen,"Berlin, Germany",2015-12-11,Full-Time,34,Hybrid,1008
NX01452,Anita Thomas,anita.thomas1452@nexacore.com,Legal,Employment Law,Associate Counsel,L2,NX02339,Anjali Liu,"London, UK",2021-06-22,Full-Time,26,Hybrid,8059
NX01453,Henrik Kapoor,henrik.kapoor1453@nexacore.com,Sales,Presales,Account Executive,S2,NX02729,Shreya Sanchez,"Manchester, UK",2024-07-02,Full-Time,23,Hybrid,3134
NX01454,Neha Meier,neha.meier1454@nexacore.com,IT Support,Security Operations,Senior IT Engineer,T3,NX02162,Zara Davis,"Manchester, UK",2020-12-17,Part-Time,19,Office,5521
NX01455,Jaya Sanchez,jaya.sanchez1455@nexacore.com,IT Support,IT Operations,Senior IT Engineer,T3,NX01279,Aditi Bauer,"Hyderabad, India",2019-11-11,Full-Time,30,Hybrid,1672
NX01456,Ishan Hansen,ishan.hansen1456@nexacore.com,Operations,Procurement,Senior Operations Mgr,O3,NX01891,Lena Foster,"Pune, India",2020-01-04,Full-Time,18,Office,4309
NX01457,William Williams,william.williams1457@nexacore.com,Customer Success,Account Management,Customer Success Manager,C2,NX04750,Tina Klein,"Mumbai, India",2022-01-01,Full-Time,21,Hybrid,6690
NX01458,Pankaj Nguyen,pankaj.nguyen1458@nexacore.com,Sales,Enterprise Sales,Senior Account Executive,S3,NX02844,Sneha Garcia,"Berlin, Germany",2021-12-21,Full-Time,13,Office,1358
NX01459,Gaurav Santos,gaurav.santos1459@nexacore.com,Operations,Facilities,Operations Director,O4,,,"Chennai, India",2014-05-17,Full-Time,29,Hybrid,7512
NX01460,Thomas Varma,thomas.varma1460@nexacore.com,IT Support,Security Operations,IT Support Engineer,T2,NX01159,Alejandro Reed,"Singapore, Singapore",2021-11-02,Full-Time,17,Hybrid,7393
NX01461,Rajesh Schmidt,rajesh.schmidt1461@nexacore.com,Engineering,Mobile & Web,Software Engineer,E2,NX04380,Simon Williams,"San Francisco, US",2024-03-08,Full-Time,25,Hybrid,9401
NX01462,Shirin Pillai,shirin.pillai1462@nexacore.com,IT Support,Security Operations,Senior IT Engineer,T3,NX01112,Tom Liu,"Singapore, Singapore",2016-10-08,Full-Time,27,Hybrid,2951
NX01463,Grace Jain,grace.jain1463@nexacore.com,IT Support,End-User Computing,Senior IT Engineer,T3,NX01112,Tom Liu,"Austin, US",2019-09-21,Full-Time,25,Hybrid,3178
NX01464,Liam Carter,liam.carter1464@nexacore.com,HR,People Operations,HR Coordinator,H1,NX02342,Simon Rao,"San Francisco, US",2026-02-09,Contract,11,Hybrid,7047
NX01465,Mona Cruz,mona.cruz1465@nexacore.com,Sales,Sales Operations,Account Executive,S2,NX03280,Rohit Lim,"Chennai, India",2023-02-16,Full-Time,27,Office,6824
NX01466,Jonathan Wilson,jonathan.wilson1466@nexacore.com,Engineering,Mobile & Web,Senior Software Engineer,E3,NX02130,Amelia Kapoor,"New York, US",2020-11-02,Full-Time,13,Hybrid,2743
NX01467,Pedro Taylor,pedro.taylor1467@nexacore.com,IT Support,IT Operations,IT Support Engineer,T2,NX04368,Ethan Williams,"San Francisco, US",2022-11-12,Full-Time,15,Hybrid,3550
NX01468,Sarah Jensen,sarah.jensen1468@nexacore.com,Operations,Procurement,Operations Analyst,O1,NX01535,Ravi Lewis,"Manchester, UK",2024-09-11,Full-Time,16,Office,4031
NX01469,Harry Hansen,harry.hansen1469@nexacore.com,Operations,Procurement,Operations Analyst,O1,NX05989,Anita Kim,"New York, US",2025-07-22,Part-Time,10,Hybrid,7458
NX01470,Ishan Chen,ishan.chen1470@nexacore.com,Engineering,Cloud Infrastructure,Senior Software Engineer,E3,NX04870,Aryan Patel,"Hyderabad, India",2021-08-28,Full-Time,17,Hybrid,2642
NX01471,Vikram Fischer,vikram.fischer1471@nexacore.com,Marketing,Brand & Communications,Marketing Coordinator,M1,NX02615,Ethan Williams,"Pune, India",2025-07-01,Full-Time,21,Office,1716
NX01472,Devika Jones,devika.jones1472@nexacore.com,Sales,Enterprise Sales,Senior Account Executive,S3,NX03122,Valentina Wilson,"Seattle, US",2020-03-08,Full-Time,33,Remote,2742
NX01473,Zara Wood,zara.wood1473@nexacore.com,Marketing,Product Marketing,Marketing Specialist,M2,NX01984,Thomas Hughes,"Hyderabad, India",2021-06-03,Full-Time,17,Hybrid,3672
NX01474,Maya Liu,maya.liu1474@nexacore.com,Engineering,DevOps & SRE,Senior Software Engineer,E3,NX02625,Jaya Lewis,"Chennai, India",2020-10-27,Full-Time,14,Hybrid,3016
NX01475,Alejandro Brown,alejandro.brown1475@nexacore.com,Marketing,Brand & Communications,Marketing Director,M4,,,"Boston, US",2016-02-06,Full-Time,31,Office,1019
NX01476,Julia Bennet,julia.bennet1476@nexacore.com,Product,Growth,Product Manager,P2,NX04078,Pedro Thompson,"Berlin, Germany",2022-08-10,Full-Time,20,Hybrid,7303
NX01477,Chris Petrov,chris.petrov1477@nexacore.com,Sales,SMB Sales,Sales Director,S5,,,"Pune, India",2014-04-28,Full-Time,24,Hybrid,2249
NX01478,Nicolas Dubois,nicolas.dubois1478@nexacore.com,Operations,Facilities,Operations Specialist,O2,NX02125,Olivia Price,"Hyderabad, India",2024-03-23,Full-Time,15,Office,3971
NX01479,Rosa Garcia,rosa.garcia1479@nexacore.com,Product,Platform,Product Manager,P2,NX05263,Rafael Lim,"Boston, US",2023-04-13,Full-Time,16,Hybrid,5348
NX01480,Ashley Anderson,ashley.anderson1480@nexacore.com,Customer Success,Account Management,Customer Success Manager,C2,NX04495,Jason Bennet,"Chennai, India",2022-03-28,Full-Time,14,Hybrid,2102
NX01481,Chris Roth,chris.roth1481@nexacore.com,Finance,Treasury,Senior Finance Analyst,F2,NX02432,Lena Price,"Seattle, US",2022-11-18,Full-Time,22,Hybrid,7308
NX01482,Oliver Lewis,oliver.lewis1482@nexacore.com,Engineering,DevOps & SRE,Principal Engineer,E5,,,"Berlin, Germany",2013-09-07,Full-Time,25,Remote,3264
NX01483,Kate Miller,kate.miller1483@nexacore.com,Finance,Treasury,Finance Manager,F3,NX01790,Paola Williams,"Frankfurt, Germany",2021-04-22,Contract,24,Office,7301
NX01484,Ayesha Sanchez,ayesha.sanchez1484@nexacore.com,Customer Success,Renewals,Senior CSM,C3,NX02120,Aarav Perez,"Singapore, Singapore",2017-06-23,Contract,33,Remote,4853
NX01485,Omar Anderson,omar.anderson1485@nexacore.com,Product,Growth,Product Manager,P2,NX04102,Zara Das,"Bangalore, India",2021-07-09,Full-Time,26,Office,1976
NX01486,Nora Meier,nora.meier1486@nexacore.com,Data & Analytics,Business Intelligence,Lead Data Scientist,D4,NX01201,Sara Martinez,"Boston, US",2017-01-18,Full-Time,22,Hybrid,4973
NX01487,Jaya Jain,jaya.jain1487@nexacore.com,Marketing,Brand & Communications,Senior Marketing Manager,M3,NX01493,Maya Weber,"Chennai, India",2018-12-25,Full-Time,35,Remote,7958
NX01488,Patrick Carter,patrick.carter1488@nexacore.com,Legal,Employment Law,Legal Analyst,L1,NX02433,Mona Kapoor,"Pune, India",2024-10-26,Part-Time,12,Office,1494
NX01489,Ethan Meier,ethan.meier1489@nexacore.com,Sales,SMB Sales,Sales Development Rep,S1,NX03735,Ethan Becker,"Hyderabad, India",2025-09-05,Full-Time,15,Hybrid,3452
NX01490,Haruto Perez,haruto.perez1490@nexacore.com,Sales,SMB Sales,Senior Account Executive,S3,NX02727,Alec Reed,"Singapore, Singapore",2021-07-05,Part-Time,15,Hybrid,8274
NX01491,Akira Klein,akira.klein1491@nexacore.com,IT Support,End-User Computing,IT Support Analyst,T1,NX01893,Julia Walker,"Chennai, India",2025-04-28,Full-Time,21,Remote,9245
NX01492,Gabriel Bauer,gabriel.bauer1492@nexacore.com,Engineering,DevOps & SRE,Senior Software Engineer,E3,NX03097,Markus Price,"Berlin, Germany",2020-08-29,Part-Time,18,Office,9222
NX01493,Maya Weber,maya.weber1493@nexacore.com,Marketing,Demand Generation,Marketing Director,M4,,,"Berlin, Germany",2013-09-07,Full-Time,23,Hybrid,3050
NX01494,Jessica Moore,jessica.moore1494@nexacore.com,Engineering,QA & Testing,Software Engineer,E2,NX05074,Sara Foster,"Mumbai, India",2023-12-13,Full-Time,23,Office,8674
NX01495,Sophie Lewis,sophie.lewis1495@nexacore.com,HR,HR Business Partnering,Senior HR Specialist,H3,NX01383,Omar Thompson,"Edinburgh, UK",2017-07-24,Full-Time,22,Hybrid,4190
NX01496,Liam Davis,liam.davis1496@nexacore.com,Operations,Supply Chain,Senior Operations Mgr,O3,NX02232,Bernd Patel,"Hyderabad, India",2017-12-19,Full-Time,35,Office,4924
NX01497,Lucas Gonzalez,lucas.gonzalez1497@nexacore.com,Marketing,Brand & Communications,Marketing Coordinator,M1,NX02349,Jaya Gonzalez,"Hyderabad, India",2025-09-13,Full-Time,17,Office,4075
NX01498,Jana Singh,jana.singh1498@nexacore.com,Engineering,Platform Engineering,Principal Engineer,E5,,,"Austin, US",2013-07-12,Full-Time,34,Hybrid,8926
NX01499,Andrea Carter,andrea.carter1499@nexacore.com,Marketing,Product Marketing,Marketing Director,M4,,,"Hyderabad, India",2013-04-28,Full-Time,26,Hybrid,7523
NX01500,Tobias Hansen,tobias.hansen1500@nexacore.com,Engineering,Mobile & Web,Principal Engineer,E5,,,"Edinburgh, UK",2013-08-21,Part-Time,32,Hybrid,6428
NX01501,Rebecca Wood,rebecca.wood1501@nexacore.com,Operations,Supply Chain,Senior Operations Mgr,O3,NX01459,Gaurav Santos,"Singapore, Singapore",2020-05-08,Full-Time,18,Hybrid,1612
NX01502,Manish Gonzalez,manish.gonzalez1502@nexacore.com,Engineering,Cloud Infrastructure,Software Engineer,E2,NX01710,Ashley Meyer,"Munich, Germany",2024-08-25,Full-Time,20,Remote,4533
NX01503,Emma Zhang,emma.zhang1503@nexacore.com,Finance,Accounting,Finance Manager,F3,NX01510,Ayesha Varma,"Singapore, Singapore",2020-02-10,Contract,23,Remote,8331
NX01504,Devika Lopez,devika.lopez1504@nexacore.com,Sales,Sales Operations,Sales Development Rep,S1,NX02821,Tanvi Muller,"Manchester, UK",2025-03-21,Contract,11,Office,7350
NX01505,Karan Hoffmann,karan.hoffmann1505@nexacore.com,Engineering,QA & Testing,Staff Engineer,E4,NX01132,Clara Murphy,"Hyderabad, India",2019-11-22,Full-Time,30,Office,1244
NX01506,Emma Zhang,emma.zhang1506@nexacore.com,Operations,Facilities,Operations Specialist,O2,NX03040,Wei Hughes,"Hyderabad, India",2021-09-16,Full-Time,20,Hybrid,3645
NX01507,Arjun Kim,arjun.kim1507@nexacore.com,Engineering,QA & Testing,Software Engineer,E2,NX02625,Jaya Lewis,"Manchester, UK",2024-11-10,Full-Time,11,Hybrid,8548
NX01508,Laura Perez,laura.perez1508@nexacore.com,Marketing,Product Marketing,Marketing Director,M4,,,"Munich, Germany",2014-10-22,Part-Time,19,Hybrid,1648
NX01509,Pankaj Klein,pankaj.klein1509@nexacore.com,Engineering,DevOps & SRE,Software Engineer,E2,NX05210,Anita Wood,"Berlin, Germany",2024-05-26,Contract,15,Remote,7122
NX01510,Ayesha Varma,ayesha.varma1510@nexacore.com,Finance,Treasury,Senior Finance Manager,F4,,,"Singapore, Singapore",2016-04-04,Full-Time,34,Hybrid,1934
NX01511,Kate Wang,kate.wang1511@nexacore.com,Engineering,QA & Testing,Senior Software Engineer,E3,NX02839,Carlos Sharma,"Bangalore, India",2023-02-23,Full-Time,15,Hybrid,2195
NX01512,Julia Miller,julia.miller1512@nexacore.com,HR,HR Business Partnering,HR Generalist,H2,NX01382,Sofia Yamada,"Hyderabad, India",2021-07-18,Full-Time,15,Office,2787
NX01513,Ayesha Hall,ayesha.hall1513@nexacore.com,Customer Success,Onboarding,Customer Success Manager,C2,NX04389,Sven Pillai,"Edinburgh, UK",2022-03-17,Full-Time,19,Hybrid,6610
NX01514,Sven Hughes,sven.hughes1514@nexacore.com,Finance,Treasury,Finance Analyst,F1,NX04067,Ryan Rao,"Pune, India",2025-04-15,Full-Time,16,Office,3384
NX01515,Jessica Lewis,jessica.lewis1515@nexacore.com,Customer Success,Onboarding,Senior CSM,C3,NX01123,Lena Kumar,"Edinburgh, UK",2017-10-13,Full-Time,29,Hybrid,1886
NX01516,Jessica Becker,jessica.becker1516@nexacore.com,Customer Success,Renewals,Customer Success Manager,C2,NX04750,Tina Klein,"Seattle, US",2024-01-22,Full-Time,23,Remote,5487
NX01517,Ravi Cruz,ravi.cruz1517@nexacore.com,IT Support,IT Operations,IT Support Engineer,T2,NX02494,Blake Patel,"Munich, Germany",2023-09-15,Full-Time,17,Office,4015
NX01518,Anita Das,anita.das1518@nexacore.com,Engineering,DevOps & SRE,Software Engineer,E2,NX02262,Zara Garcia,"London, UK",2023-10-26,Full-Time,12,Hybrid,8890
NX01519,Sofia Reed,sofia.reed1519@nexacore.com,Engineering,Cloud Infrastructure,Senior Software Engineer,E3,NX02236,Michael Schmidt,"Berlin, Germany",2020-06-28,Full-Time,31,Remote,4253
NX01520,Ashley Williams,ashley.williams1520@nexacore.com,Sales,SMB Sales,Sales Manager,S4,NX02598,Aditi White,"London, UK",2018-06-10,Part-Time,16,Remote,1232
NX01521,Eva Nielsen,eva.nielsen1521@nexacore.com,Data & Analytics,Business Intelligence,Data Scientist,D3,NX01901,Amara White,"Frankfurt, Germany",2017-09-26,Full-Time,22,Hybrid,5305
NX01522,Vikas Williams,vikas.williams1522@nexacore.com,Finance,FP&A,Senior Finance Analyst,F2,NX04190,Jessica Wang,"Munich, Germany",2021-09-21,Full-Time,26,Remote,1597
NX01523,Jonas Wright,jonas.wright1523@nexacore.com,Operations,Business Operations,Senior Operations Mgr,O3,NX01427,Samuel Martinez,"Berlin, Germany",2018-01-01,Part-Time,16,Office,4541
NX01524,Nora Hoffmann,nora.hoffmann1524@nexacore.com,Customer Success,Account Management,CS Associate,C1,NX04750,Tina Klein,"Bangalore, India",2025-08-01,Full-Time,17,Hybrid,9226
NX01525,David Wang,david.wang1525@nexacore.com,Operations,Procurement,Operations Specialist,O2,NX04534,Lucas Chen,"Munich, Germany",2022-07-31,Full-Time,14,Office,9571
NX01526,Nicolas Desai,nicolas.desai1526@nexacore.com,Customer Success,Account Management,Customer Success Manager,C2,NX01786,Harry Moore,"Munich, Germany",2024-01-07,Full-Time,20,Hybrid,9892
NX01527,Sabrina Meyer,sabrina.meyer1527@nexacore.com,Data & Analytics,ML & AI,Data Scientist,D3,NX03028,Kate Roth,"Berlin, Germany",2018-12-17,Part-Time,23,Hybrid,2435
NX01528,Carlos Das,carlos.das1528@nexacore.com,Engineering,Platform Engineering,Staff Engineer,E4,NX01738,Grace Bauer,"Berlin, Germany",2018-05-09,Full-Time,18,Office,2633
NX01529,Sara Pillai,sara.pillai1529@nexacore.com,Engineering,QA & Testing,Staff Engineer,E4,NX01482,Oliver Lewis,"Mumbai, India",2016-10-15,Part-Time,23,Hybrid,8448
NX01530,Pedro Desai,pedro.desai1530@nexacore.com,Engineering,Cloud Infrastructure,Principal Engineer,E5,,,"Frankfurt, Germany",2013-11-13,Full-Time,21,Hybrid,7765
NX01531,Raj Anderson,raj.anderson1531@nexacore.com,Engineering,Mobile & Web,Senior Software Engineer,E3,NX05498,Ananya Hansen,"Austin, US",2023-04-18,Contract,19,Hybrid,6036
NX01532,Robert Turner,robert.turner1532@nexacore.com,Operations,Business Operations,Operations Analyst,O1,NX05989,Anita Kim,"Bangalore, India",2025-09-01,Full-Time,9,Hybrid,7134
NX01533,Valentina Wood,valentina.wood1533@nexacore.com,Sales,Sales Operations,Sales Director,S5,,,"London, UK",2012-08-10,Full-Time,18,Office,7412
NX01534,Isabel Scott,isabel.scott1534@nexacore.com,Engineering,DevOps & SRE,Software Engineer,E2,NX04183,Siddhant Thompson,"Mumbai, India",2024-05-17,Contract,13,Office,3846
NX01535,Ravi Lewis,ravi.lewis1535@nexacore.com,Operations,Business Operations,Senior Operations Mgr,O3,NX02232,Bernd Patel,"Berlin, Germany",2018-12-03,Full-Time,19,Hybrid,2939
NX01536,Rahul Young,rahul.young1536@nexacore.com,Customer Success,Support Engineering,Customer Success Manager,C2,NX03022,Lucas Jain,"New York, US",2024-09-20,Full-Time,17,Hybrid,1189
NX01537,Fiona Bennet,fiona.bennet1537@nexacore.com,Engineering,QA & Testing,Associate Engineer,E1,NX02749,Sven Hall,"Hyderabad, India",2025-06-05,Contract,21,Office,8433
NX01538,Olivia Hall,olivia.hall1538@nexacore.com,Sales,SMB Sales,Senior Account Executive,S3,NX01398,Manish Weber,"Austin, US",2020-11-29,Full-Time,19,Hybrid,5267
NX01539,Anita Kim,anita.kim1539@nexacore.com,Legal,Corporate Legal,Associate Counsel,L2,NX04391,Kabir Martinez,"Chennai, India",2019-10-07,Part-Time,11,Hybrid,2694
NX01540,Chris Nielsen,chris.nielsen1540@nexacore.com,Engineering,QA & Testing,Senior Software Engineer,E3,NX04951,Amrita Perez,"Pune, India",2023-02-26,Full-Time,22,Hybrid,2520
NX01541,Ashley Philips,ashley.philips1541@nexacore.com,Customer Success,Support Engineering,Senior CSM,C3,NX01730,Kiara Kim,"San Francisco, US",2021-05-16,Full-Time,18,Hybrid,2205
NX01542,Sven Sharma,sven.sharma1542@nexacore.com,Data & Analytics,Data Engineering,Senior Data Analyst,D2,NX01151,Ashley Thomas,"San Francisco, US",2022-05-31,Part-Time,10,Office,8387
NX01543,Gabriel Hall,gabriel.hall1543@nexacore.com,Engineering,Mobile & Web,Senior Software Engineer,E3,NX03760,Carlos Desai,"Bangalore, India",2020-07-20,Full-Time,30,Remote,2920
NX01544,Nisha Martin,nisha.martin1544@nexacore.com,Engineering,DevOps & SRE,Staff Engineer,E4,NX01312,Eva Lim,"Bangalore, India",2018-06-08,Full-Time,32,Office,4159
NX01545,Amara Reed,amara.reed1545@nexacore.com,HR,Talent Acquisition,HR Generalist,H2,NX03618,Vikas Jones,"Singapore, Singapore",2023-09-24,Contract,22,Hybrid,4554
NX01546,Amara Lim,amara.lim1546@nexacore.com,Operations,Business Operations,Senior Operations Mgr,O3,NX02232,Bernd Patel,"Austin, US",2019-03-01,Full-Time,27,Remote,5483
NX01547,Stefan Harris,stefan.harris1547@nexacore.com,Data & Analytics,Data Engineering,Data Scientist,D3,NX03028,Kate Roth,"Manchester, UK",2019-08-13,Part-Time,13,Office,9123
NX01548,Sabrina Price,sabrina.price1548@nexacore.com,Finance,Treasury,Senior Finance Analyst,F2,NX01503,Emma Zhang,"San Francisco, US",2023-10-29,Full-Time,17,Hybrid,7436
NX01549,Carlos Sanchez,carlos.sanchez1549@nexacore.com,Legal,Employment Law,Legal Director,L4,,,"Boston, US",2014-05-25,Full-Time,22,Hybrid,8309
NX01550,Rosa Santos,rosa.santos1550@nexacore.com,Engineering,Mobile & Web,Staff Engineer,E4,NX01433,Hannah Clark,"London, UK",2020-02-16,Contract,27,Hybrid,6782
NX01551,Patrick Sharma,patrick.sharma1551@nexacore.com,Operations,Supply Chain,Operations Director,O4,,,"Munich, Germany",2014-04-11,Full-Time,17,Hybrid,7714
NX01552,Maria Schmidt,maria.schmidt1552@nexacore.com,Operations,Facilities,Operations Specialist,O2,NX03661,William Peters,"Edinburgh, UK",2024-01-05,Full-Time,12,Hybrid,4046
NX01553,Olivia Jones,olivia.jones1553@nexacore.com,Engineering,Platform Engineering,Senior Software Engineer,E3,NX05556,Luka Davis,"San Francisco, US",2022-05-28,Part-Time,15,Hybrid,3003
NX01554,Aisha Lewis,aisha.lewis1554@nexacore.com,Customer Success,Onboarding,Senior CSM,C3,NX01817,Maya Lewis,"London, UK",2020-07-25,Full-Time,24,Office,2085
NX01555,Priya Klein,priya.klein1555@nexacore.com,Product,Growth,Senior Product Manager,P3,NX05189,Mohamed Nielsen,"Singapore, Singapore",2020-08-08,Full-Time,29,Hybrid,7909
NX01556,Sabrina Lewis,sabrina.lewis1556@nexacore.com,Sales,Sales Operations,Sales Manager,S4,NX01533,Valentina Wood,"San Francisco, US",2017-08-01,Full-Time,34,Hybrid,5496
NX01557,Rohit Dubois,rohit.dubois1557@nexacore.com,Engineering,Platform Engineering,Senior Software Engineer,E3,NX02035,Rafael Mendes,"Munich, Germany",2022-10-30,Full-Time,20,Office,1348
NX01558,Lucas Becker,lucas.becker1558@nexacore.com,Data & Analytics,Data Engineering,Lead Data Scientist,D4,NX02580,Oliver Moore,"Munich, Germany",2016-12-14,Full-Time,34,Hybrid,9740
NX01559,Wei Brown,wei.brown1559@nexacore.com,Customer Success,Support Engineering,Customer Success Manager,C2,NX01604,Stefan Walker,"Bangalore, India",2024-08-18,Full-Time,17,Office,5931
NX01560,Linda Lewis,linda.lewis1560@nexacore.com,Finance,Tax & Compliance,Finance Manager,F3,NX01589,Sebastian Reddy,"Edinburgh, UK",2018-01-05,Full-Time,34,Office,7444
NX01561,Markus Wang,markus.wang1561@nexacore.com,Marketing,Content & SEO,Senior Marketing Manager,M3,NX01832,Anna Price,"Frankfurt, Germany",2016-11-15,Part-Time,27,Hybrid,1479
NX01562,Julia Carter,julia.carter1562@nexacore.com,Finance,FP&A,Finance Manager,F3,NX01248,Patrick Kaur,"Chennai, India",2016-07-24,Full-Time,22,Hybrid,4708
NX01563,Grace Das,grace.das1563@nexacore.com,Sales,SMB Sales,Sales Manager,S4,NX01533,Valentina Wood,"Manchester, UK",2014-12-11,Contract,34,Hybrid,5254
NX01564,Andrea Desai,andrea.desai1564@nexacore.com,Finance,FP&A,Senior Finance Analyst,F2,NX05106,Carlos Davies,"Boston, US",2022-10-15,Full-Time,15,Hybrid,5422
NX01565,Grace Fischer,grace.fischer1565@nexacore.com,Customer Success,Renewals,CS Director,C4,,,"Pune, India",2016-07-20,Full-Time,17,Hybrid,7771
NX01566,Sarah Thompson,sarah.thompson1566@nexacore.com,Customer Success,Onboarding,Senior CSM,C3,NX01608,David Kumar,"Singapore, Singapore",2020-06-04,Contract,18,Hybrid,5596
NX01567,Mohamed Zhang,mohamed.zhang1567@nexacore.com,Engineering,DevOps & SRE,Staff Engineer,E4,NX02557,Lena Taylor,"Austin, US",2018-02-11,Full-Time,33,Hybrid,6783
NX01568,Kate Thomas,kate.thomas1568@nexacore.com,Data & Analytics,Business Intelligence,Data Analyst,D1,NX02313,Wei Dubois,"Hyderabad, India",2025-01-11,Full-Time,13,Office,4541
NX01569,Simon Miller,simon.miller1569@nexacore.com,Operations,Business Operations,Operations Specialist,O2,NX01744,Laura Hughes,"Frankfurt, Germany",2023-10-09,Full-Time,15,Hybrid,6108
NX01570,Shirin Taylor,shirin.taylor1570@nexacore.com,Customer Success,Account Management,Customer Success Manager,C2,NX01796,Ethan Kaur,"Singapore, Singapore",2023-09-17,Full-Time,13,Hybrid,8412
NX01571,Usha Harris,usha.harris1571@nexacore.com,Operations,Procurement,Operations Specialist,O2,NX03362,Mona Philips,"San Francisco, US",2021-12-15,Full-Time,20,Hybrid,2672
NX01572,Ethan Patel,ethan.patel1572@nexacore.com,Marketing,Brand & Communications,Marketing Director,M4,,,"Pune, India",2015-12-18,Full-Time,27,Hybrid,1468
NX01573,Sofia Thomas,sofia.thomas1573@nexacore.com,Legal,Employment Law,Legal Analyst,L1,NX03520,Mira Reed,"Munich, Germany",2024-06-18,Full-Time,22,Hybrid,6806
NX01574,Saanvi Hughes,saanvi.hughes1574@nexacore.com,Data & Analytics,Business Intelligence,Data Scientist,D3,NX02580,Oliver Moore,"Edinburgh, UK",2021-03-14,Contract,17,Office,5466
NX01575,Paola Davies,paola.davies1575@nexacore.com,IT Support,End-User Computing,IT Support Engineer,T2,NX01971,Emma Roberts,"Edinburgh, UK",2023-12-04,Part-Time,10,Office,3894
NX01576,Linda Reddy,linda.reddy1576@nexacore.com,Customer Success,Renewals,Senior CSM,C3,NX01121,Robert Gupta,"Singapore, Singapore",2019-04-01,Full-Time,28,Hybrid,2819
NX01577,Jonathan Desai,jonathan.desai1577@nexacore.com,Sales,Enterprise Sales,Account Executive,S2,NX02422,Kate Mendes,"Mumbai, India",2023-07-15,Contract,22,Hybrid,5513
NX01578,Julia Shah,julia.shah1578@nexacore.com,Sales,Presales,Account Executive,S2,NX04692,Thomas Reed,"Edinburgh, UK",2023-08-29,Full-Time,17,Hybrid,9112
NX01579,Jason Green,jason.green1579@nexacore.com,Marketing,Demand Generation,Senior Marketing Manager,M3,NX01499,Andrea Carter,"Manchester, UK",2018-12-20,Part-Time,26,Hybrid,2544
NX01580,Henrik Pillai,henrik.pillai1580@nexacore.com,Legal,Employment Law,Senior Counsel,L3,NX03445,Lars Philips,"Frankfurt, Germany",2016-09-22,Part-Time,23,Hybrid,3789
NX01581,Milan Varma,milan.varma1581@nexacore.com,IT Support,End-User Computing,IT Manager,T4,,,"New York, US",2015-11-01,Full-Time,35,Hybrid,8775
NX01582,Ryan Liu,ryan.liu1582@nexacore.com,Product,Core Product,Product Manager,P2,NX04078,Pedro Thompson,"New York, US",2024-01-17,Full-Time,25,Hybrid,6769
NX01583,Sofia Sanchez,sofia.sanchez1583@nexacore.com,Customer Success,Onboarding,Customer Success Manager,C2,NX02318,Luka Gupta,"Frankfurt, Germany",2024-07-05,Full-Time,23,Office,5762
NX01584,Kabir Reddy,kabir.reddy1584@nexacore.com,Engineering,QA & Testing,Software Engineer,E2,NX03517,Tom Peters,"New York, US",2024-08-04,Full-Time,12,Hybrid,6499
NX01585,Sebastian Petrov,sebastian.petrov1585@nexacore.com,Product,Platform,Product Manager,P2,NX04733,Shreya Peters,"Seattle, US",2023-06-04,Part-Time,18,Office,6777
NX01586,Martin Weber,martin.weber1586@nexacore.com,IT Support,IT Operations,Senior IT Engineer,T3,NX01279,Aditi Bauer,"Singapore, Singapore",2021-05-30,Part-Time,12,Office,9508
NX01587,Alejandro Foster,alejandro.foster1587@nexacore.com,Marketing,Content & SEO,Marketing Specialist,M2,NX02238,Isabel Green,"Austin, US",2022-08-08,Part-Time,15,Hybrid,8056
NX01588,Omar Hoffmann,omar.hoffmann1588@nexacore.com,Operations,Supply Chain,Operations Analyst,O1,NX02153,Diego Davies,"San Francisco, US",2024-07-26,Full-Time,13,Remote,9927
NX01589,Sebastian Reddy,sebastian.reddy1589@nexacore.com,Finance,Accounting,Senior Finance Manager,F4,,,"Seattle, US",2016-01-27,Part-Time,14,Hybrid,7836
NX01590,Linda Lee,linda.lee1590@nexacore.com,Engineering,Cloud Infrastructure,Staff Engineer,E4,NX02557,Lena Taylor,"Mumbai, India",2018-12-21,Contract,32,Office,8101
NX01591,Shirin Ross,shirin.ross1591@nexacore.com,Product,Platform,Senior Product Manager,P3,NX01286,Linda Hansen,"Boston, US",2021-03-27,Full-Time,27,Hybrid,8640
NX01592,Eva Rao,eva.rao1592@nexacore.com,Engineering,Mobile & Web,Senior Software Engineer,E3,NX02629,James Kapoor,"New York, US",2023-02-11,Full-Time,18,Office,1255
NX01593,Shirin Brown,shirin.brown1593@nexacore.com,Engineering,Cloud Infrastructure,Associate Engineer,E1,NX04896,Liam Martinez,"Boston, US",2025-01-31,Contract,23,Hybrid,8050
NX01594,Oliver Thomas,oliver.thomas1594@nexacore.com,Customer Success,Onboarding,Customer Success Manager,C2,NX04750,Tina Klein,"Mumbai, India",2022-08-21,Full-Time,11,Hybrid,3540
NX01595,Beatrice White,beatrice.white1595@nexacore.com,Finance,Tax & Compliance,Senior Finance Analyst,F2,NX02265,Alex Carter,"Chennai, India",2021-11-07,Part-Time,19,Hybrid,5764
NX01596,Jonathan Bhatt,jonathan.bhatt1596@nexacore.com,Product,Analytics,Senior Product Manager,P3,NX02322,Lucas Rao,"Manchester, UK",2019-10-15,Full-Time,21,Remote,2607
NX01597,Laura Kumar,laura.kumar1597@nexacore.com,Operations,Facilities,Senior Operations Mgr,O3,NX01923,Jason Roth,"New York, US",2019-04-22,Contract,17,Office,3280
NX01598,Jana Kapoor,jana.kapoor1598@nexacore.com,IT Support,End-User Computing,IT Support Engineer,T2,NX01143,Mona Philips,"Berlin, Germany",2023-01-28,Contract,18,Hybrid,8555
NX01599,Zoe Hall,zoe.hall1599@nexacore.com,Engineering,DevOps & SRE,Senior Software Engineer,E3,NX03988,Stefan Cruz,"Berlin, Germany",2020-12-17,Full-Time,21,Hybrid,9254
NX01600,Olivia Patel,olivia.patel1600@nexacore.com,Data & Analytics,ML & AI,Lead Data Scientist,D4,NX04897,Ishan Evans,"Berlin, Germany",2014-02-20,Full-Time,35,Office,1432
NX01601,Rohit Das,rohit.das1601@nexacore.com,Engineering,Cloud Infrastructure,Senior Software Engineer,E3,NX05210,Anita Wood,"Boston, US",2021-02-24,Full-Time,14,Office,5806
NX01602,Anita Yamada,anita.yamada1602@nexacore.com,Legal,IP & Compliance,Legal Analyst,L1,NX02266,Aryan Wood,"Chennai, India",2025-11-10,Full-Time,9,Remote,9487
NX01603,Shreya Carter,shreya.carter1603@nexacore.com,Sales,Enterprise Sales,Account Executive,S2,NX01280,Yuki Cruz,"Mumbai, India",2024-07-19,Full-Time,22,Remote,5760
NX01604,Stefan Walker,stefan.walker1604@nexacore.com,Customer Success,Support Engineering,Senior CSM,C3,NX02097,Jason Clark,"Mumbai, India",2020-05-15,Full-Time,32,Remote,4359
NX01605,Valentina Foster,valentina.foster1605@nexacore.com,Operations,Procurement,Senior Operations Mgr,O3,NX01055,Alex Shah,"Chennai, India",2019-10-13,Full-Time,24,Remote,6093
NX01606,Aditi Petrov,aditi.petrov1606@nexacore.com,Operations,Business Operations,Operations Specialist,O2,NX04311,Andrea Miller,"Pune, India",2024-03-04,Full-Time,22,Hybrid,9516
NX01607,Bernd Jones,bernd.jones1607@nexacore.com,Sales,SMB Sales,Sales Manager,S4,NX05945,Rohit Nielsen,"Pune, India",2017-02-04,Full-Time,23,Hybrid,1911
NX01608,David Kumar,david.kumar1608@nexacore.com,Customer Success,Renewals,CS Director,C4,,,"Frankfurt, Germany",2016-12-09,Full-Time,27,Hybrid,8194
NX01609,David Nair,david.nair1609@nexacore.com,Engineering,Cloud Infrastructure,Staff Engineer,E4,NX02062,Valentina Scott,"Bangalore, India",2017-04-26,Full-Time,28,Hybrid,3797
NX01610,Uma Wood,uma.wood1610@nexacore.com,IT Support,Security Operations,IT Support Engineer,T2,NX03469,Lucas Jones,"San Francisco, US",2023-02-11,Full-Time,24,Office,9076
NX01611,Paola Thompson,paola.thompson1611@nexacore.com,Operations,Facilities,Senior Operations Mgr,O3,NX01399,Harry Petrov,"Edinburgh, UK",2017-08-20,Full-Time,22,Remote,7960
NX01612,Ethan Bennet,ethan.bennet1612@nexacore.com,HR,L&D,HR Generalist,H2,NX01945,Kate Hughes,"Munich, Germany",2022-04-10,Full-Time,20,Office,1558
NX01613,Sara Brown,sara.brown1613@nexacore.com,Sales,Sales Operations,Senior Account Executive,S3,NX02306,Alec Scott,"Chennai, India",2021-09-06,Full-Time,24,Remote,6861
NX01614,Tobias Pillai,tobias.pillai1614@nexacore.com,Sales,SMB Sales,Senior Account Executive,S3,NX01239,Nisha Klein,"Manchester, UK",2022-04-18,Part-Time,18,Office,3480
NX01615,Oliver Taylor,oliver.taylor1615@nexacore.com,Sales,Sales Operations,Account Executive,S2,NX03136,Noah Sharma,"Munich, Germany",2023-03-13,Part-Time,8,Hybrid,5963
NX01616,Rahul Chen,rahul.chen1616@nexacore.com,Marketing,Content & SEO,Senior Marketing Manager,M3,NX01493,Maya Weber,"Edinburgh, UK",2019-07-11,Full-Time,17,Office,9608
NX01617,Laura Evans,laura.evans1617@nexacore.com,Legal,Employment Law,Associate Counsel,L2,NX02787,Saanvi Roberts,"London, UK",2022-08-18,Contract,15,Office,2107
NX01618,Andrea Bennet,andrea.bennet1618@nexacore.com,HR,People Operations,HR Coordinator,H1,NX03223,Laura Brown,"Austin, US",2024-07-13,Full-Time,13,Remote,8805
NX01619,Mohamed Young,mohamed.young1619@nexacore.com,Operations,Business Operations,Senior Operations Mgr,O3,NX01349,Mohamed Rodriguez,"Austin, US",2018-09-02,Full-Time,22,Hybrid,2054
NX01620,Anna Scott,anna.scott1620@nexacore.com,IT Support,IT Operations,IT Support Analyst,T1,NX01414,Kevin Kumar,"Pune, India",2024-10-31,Full-Time,18,Remote,1482
NX01621,Hannah Lim,hannah.lim1621@nexacore.com,IT Support,End-User Computing,IT Manager,T4,,,"Munich, Germany",2012-11-13,Full-Time,18,Hybrid,4272
NX01622,James Kapoor,james.kapoor1622@nexacore.com,Engineering,DevOps & SRE,Software Engineer,E2,NX05001,Julia Nguyen,"Munich, Germany",2023-08-18,Part-Time,14,Hybrid,8111
NX01623,Wei Hansen,wei.hansen1623@nexacore.com,Engineering,Platform Engineering,Software Engineer,E2,NX03606,Michael Scott,"Bangalore, India",2024-09-08,Part-Time,12,Remote,1085
NX01624,Omar Zhou,omar.zhou1624@nexacore.com,Engineering,DevOps & SRE,Staff Engineer,E4,NX01229,Noah Nelson,"Hyderabad, India",2019-03-15,Full-Time,19,Hybrid,9129
NX01625,Ishan Hoffmann,ishan.hoffmann1625@nexacore.com,Sales,Presales,Senior Account Executive,S3,NX01239,Nisha Klein,"Singapore, Singapore",2019-12-30,Full-Time,29,Hybrid,2100
NX01626,Samuel Naidu,samuel.naidu1626@nexacore.com,Customer Success,Renewals,Customer Success Manager,C2,NX01922,Andrea Hughes,"Hyderabad, India",2024-05-24,Contract,16,Hybrid,2653
NX01627,Daniel Philips,daniel.philips1627@nexacore.com,Engineering,Cloud Infrastructure,Senior Software Engineer,E3,NX04380,Simon Williams,"Mumbai, India",2022-10-20,Contract,18,Office,5118
NX01628,Rafael Weber,rafael.weber1628@nexacore.com,Engineering,Mobile & Web,Software Engineer,E2,NX01609,David Nair,"Hyderabad, India",2024-11-03,Full-Time,20,Hybrid,9482
NX01629,Tobias Lee,tobias.lee1629@nexacore.com,Sales,Presales,Sales Manager,S4,NX05945,Rohit Nielsen,"Mumbai, India",2015-12-23,Contract,20,Remote,5309
NX01630,Amara Bhatt,amara.bhatt1630@nexacore.com,Legal,IP & Compliance,Associate Counsel,L2,NX02304,Wei Schmidt,"Berlin, Germany",2022-09-22,Full-Time,26,Hybrid,3282
NX01631,Jason Robinson,jason.robinson1631@nexacore.com,Data & Analytics,ML & AI,Data Analyst,D1,NX01726,Sabrina Taylor,"Mumbai, India",2024-10-25,Full-Time,14,Office,1579
NX01632,Noah Clark,noah.clark1632@nexacore.com,Sales,Presales,Sales Manager,S4,NX05913,Markus Petrov,"Hyderabad, India",2014-08-24,Contract,34,Office,2704
NX01633,Amrita Philips,amrita.philips1633@nexacore.com,IT Support,Security Operations,IT Support Engineer,T2,NX01971,Emma Roberts,"Austin, US",2021-11-27,Part-Time,8,Hybrid,4731
NX01634,Alejandro Chakraborty,alejandro.chakraborty1634@nexacore.com,Engineering,Platform Engineering,Staff Engineer,E4,NX01659,Alex Lim,"San Francisco, US",2016-08-02,Contract,35,Office,8899
NX01635,Anita Miller,anita.miller1635@nexacore.com,Engineering,DevOps & SRE,Senior Software Engineer,E3,NX03606,Michael Scott,"Chennai, India",2021-12-21,Full-Time,26,Remote,8175
NX01636,Daniel Scott,daniel.scott1636@nexacore.com,IT Support,IT Operations,IT Support Engineer,T2,NX04529,Aisha Hansen,"Manchester, UK",2021-11-21,Full-Time,22,Hybrid,4801
NX01637,Benjamin Sandoval,benjamin.sandoval1637@nexacore.com,Engineering,Platform Engineering,Staff Engineer,E4,NX01530,Pedro Desai,"Austin, US",2018-04-18,Full-Time,18,Remote,1750
NX01638,Akira Williams,akira.williams1638@nexacore.com,Engineering,Cloud Infrastructure,Software Engineer,E2,NX02312,Leo Garcia,"Mumbai, India",2024-06-08,Full-Time,16,Hybrid,1716
NX01639,Milan Martin,milan.martin1639@nexacore.com,Sales,SMB Sales,Senior Account Executive,S3,NX02071,Arjun Kim,"Boston, US",2022-03-08,Full-Time,26,Office,2258
NX01640,Ashley Kapoor,ashley.kapoor1640@nexacore.com,IT Support,Security Operations,Senior IT Engineer,T3,NX01709,Siddhant Weber,"San Francisco, US",2018-07-29,Full-Time,28,Remote,8266
NX01641,Martin Meier,martin.meier1641@nexacore.com,Data & Analytics,ML & AI,Senior Data Analyst,D2,NX05891,Vikas Williams,"Austin, US",2022-11-19,Contract,11,Hybrid,2710
NX01642,Anita Martin,anita.martin1642@nexacore.com,Sales,Presales,Account Executive,S2,NX03615,Jessica Meyer,"Frankfurt, Germany",2023-11-07,Full-Time,18,Hybrid,5996
NX01643,Jaya Dubois,jaya.dubois1643@nexacore.com,Operations,Facilities,Senior Operations Mgr,O3,NX01675,Ryan Klein,"Chennai, India",2019-01-11,Full-Time,21,Hybrid,2871
NX01644,Alejandro Philips,alejandro.philips1644@nexacore.com,Engineering,Platform Engineering,Senior Software Engineer,E3,NX05968,Ayesha Kumar,"Seattle, US",2022-04-16,Full-Time,27,Office,1978
NX01645,Lisa Scott,lisa.scott1645@nexacore.com,Product,Analytics,Product Manager,P2,NX02187,Aisha Sandoval,"Frankfurt, Germany",2022-05-11,Full-Time,22,Office,4370
NX01646,Pedro Hall,pedro.hall1646@nexacore.com,Sales,Presales,Sales Development Rep,S1,NX01871,Elena Foster,"Mumbai, India",2025-05-02,Part-Time,9,Hybrid,1425
NX01647,Nikita Kaur,nikita.kaur1647@nexacore.com,Product,Growth,Principal PM,P4,NX01286,Linda Hansen,"Bangalore, India",2017-02-27,Full-Time,22,Remote,1935
NX01648,Chen Robinson,chen.robinson1648@nexacore.com,Sales,Presales,Senior Account Executive,S3,NX01700,Ashley Clark,"Boston, US",2021-12-09,Contract,13,Office,5261
NX01649,Gabriel Meyer,gabriel.meyer1649@nexacore.com,Marketing,Content & SEO,Marketing Specialist,M2,NX04782,Fiona Gupta,"Austin, US",2023-03-08,Full-Time,19,Hybrid,2401
NX01650,Kevin Zhang,kevin.zhang1650@nexacore.com,Marketing,Product Marketing,Marketing Coordinator,M1,NX05407,Martin Singh,"London, UK",2025-04-08,Contract,18,Office,5403
NX01651,Kiara Taylor,kiara.taylor1651@nexacore.com,Engineering,QA & Testing,Senior Software Engineer,E3,NX05120,Elena Robinson,"Bangalore, India",2020-07-22,Full-Time,23,Hybrid,3929
NX01652,Sara Patel,sara.patel1652@nexacore.com,Engineering,Platform Engineering,Associate Engineer,E1,NX04893,Julia Cruz,"Munich, Germany",2025-04-16,Full-Time,16,Office,4569
NX01653,Rebecca Chakraborty,rebecca.chakraborty1653@nexacore.com,Data & Analytics,Data Engineering,Senior Data Analyst,D2,NX01099,Elena Liu,"Seattle, US",2022-12-19,Contract,13,Office,3945
NX01654,Laura Zhang,laura.zhang1654@nexacore.com,Sales,Sales Operations,Account Executive,S2,NX04517,Lars Jones,"Seattle, US",2023-08-28,Full-Time,21,Hybrid,1812
NX01655,Karen Desai,karen.desai1655@nexacore.com,Customer Success,Onboarding,CS Director,C4,,,"New York, US",2016-08-05,Part-Time,20,Office,1687
NX01656,Kabir Chakraborty,kabir.chakraborty1656@nexacore.com,Marketing,Product Marketing,Senior Marketing Manager,M3,NX01289,Isabel Liu,"Seattle, US",2016-11-07,Full-Time,24,Remote,9854
NX01657,Andrea Santos,andrea.santos1657@nexacore.com,Engineering,Cloud Infrastructure,Senior Software Engineer,E3,NX05556,Luka Davis,"Manchester, UK",2021-03-16,Full-Time,15,Hybrid,2268
NX01658,Karl Hoffmann,karl.hoffmann1658@nexacore.com,Operations,Facilities,Operations Analyst,O1,NX01886,Mohamed Wood,"Manchester, UK",2024-11-19,Part-Time,10,Office,3344
NX01659,Alex Lim,alex.lim1659@nexacore.com,Engineering,QA & Testing,Principal Engineer,E5,,,"Manchester, UK",2015-11-16,Full-Time,20,Office,5817
NX01660,Amara Gonzalez,amara.gonzalez1660@nexacore.com,Engineering,Mobile & Web,Principal Engineer,E5,,,"Mumbai, India",2015-07-30,Full-Time,32,Hybrid,4464
NX01661,Milan Price,milan.price1661@nexacore.com,Sales,Sales Operations,Sales Development Rep,S1,NX02822,Rahul Nguyen,"San Francisco, US",2025-04-26,Full-Time,21,Office,7243
NX01662,Axel Clark,axel.clark1662@nexacore.com,HR,People Operations,Senior HR Specialist,H3,NX01327,Markus Lim,"Singapore, Singapore",2020-10-03,Contract,14,Remote,2986
NX01663,Wei Carter,wei.carter1663@nexacore.com,Data & Analytics,Data Governance,Senior Data Analyst,D2,NX01215,Usha Davis,"Singapore, Singapore",2022-12-04,Contract,18,Office,4998
NX01664,Neha Jones,neha.jones1664@nexacore.com,Engineering,Mobile & Web,Staff Engineer,E4,NX01149,David Kapoor,"Austin, US",2018-06-01,Full-Time,28,Hybrid,8291
NX01665,Rebecca Meier,rebecca.meier1665@nexacore.com,Customer Success,Onboarding,Customer Success Manager,C2,NX05353,Valentina Philips,"Manchester, UK",2024-11-02,Contract,13,Office,8932
NX01666,Kabir Nguyen,kabir.nguyen1666@nexacore.com,Sales,Presales,Sales Manager,S4,NX03029,Kevin Lim,"Austin, US",2015-03-21,Contract,22,Hybrid,3263
NX01667,Laura Klein,laura.klein1667@nexacore.com,Customer Success,Support Engineering,Customer Success Manager,C2,NX01380,Sophie Petrov,"London, UK",2022-02-05,Full-Time,25,Hybrid,9096
NX01668,James Hall,james.hall1668@nexacore.com,IT Support,IT Operations,IT Support Engineer,T2,NX02154,Amelia Singh,"Bangalore, India",2021-12-26,Full-Time,12,Hybrid,8698
NX01669,Blake Evans,blake.evans1669@nexacore.com,Sales,Enterprise Sales,Account Executive,S2,NX03290,Zoe Hoffmann,"Berlin, Germany",2024-02-19,Full-Time,21,Remote,9436
NX01670,Wei Miller,wei.miller1670@nexacore.com,Marketing,Content & SEO,Senior Marketing Manager,M3,NX01499,Andrea Carter,"Manchester, UK",2019-01-31,Full-Time,26,Office,2950
NX01671,Nikita Lopez,nikita.lopez1671@nexacore.com,Marketing,Brand & Communications,Marketing Director,M4,,,"Mumbai, India",2015-04-14,Full-Time,21,Remote,7699
NX01672,Sebastian Wood,sebastian.wood1672@nexacore.com,Product,Analytics,Product Manager,P2,NX01555,Priya Klein,"Boston, US",2024-05-17,Full-Time,23,Remote,3494
NX01673,Aditi Sandoval,aditi.sandoval1673@nexacore.com,Data & Analytics,ML & AI,Senior Data Analyst,D2,NX01099,Elena Liu,"Munich, Germany",2021-10-29,Full-Time,21,Hybrid,2587
NX01674,Karen Kumar,karen.kumar1674@nexacore.com,HR,HR Business Partnering,Senior HR Specialist,H3,NX01802,Laura Meier,"London, UK",2021-01-25,Full-Time,13,Office,9326
NX01675,Ryan Klein,ryan.klein1675@nexacore.com,Operations,Facilities,Operations Director,O4,,,"Edinburgh, UK",2014-06-11,Full-Time,29,Hybrid,8053
NX01676,Valentina Kim,valentina.kim1676@nexacore.com,Sales,Sales Operations,Account Executive,S2,NX03313,Sneha Evans,"Pune, India",2024-02-16,Full-Time,17,Hybrid,8973
NX01677,Samuel Jain,samuel.jain1677@nexacore.com,Legal,Corporate Legal,Senior Counsel,L3,NX03191,Linda Roth,"Boston, US",2018-04-11,Full-Time,28,Office,5565
NX01678,Emma Davies,emma.davies1678@nexacore.com,Data & Analytics,Business Intelligence,Data Scientist,D3,NX01210,Michael Varma,"Singapore, Singapore",2020-04-05,Full-Time,16,Hybrid,9813
NX01679,Isabel Anderson,isabel.anderson1679@nexacore.com,Engineering,DevOps & SRE,Senior Software Engineer,E3,NX02678,Zara Price,"Bangalore, India",2023-02-24,Full-Time,14,Hybrid,8288
NX01680,Vikas Evans,vikas.evans1680@nexacore.com,Engineering,DevOps & SRE,Staff Engineer,E4,NX02027,Ethan Santos,"Boston, US",2018-11-29,Full-Time,32,Remote,8281
NX01681,Saanvi Philips,saanvi.philips1681@nexacore.com,Operations,Facilities,Senior Operations Mgr,O3,NX01843,Pedro Sandoval,"Hyderabad, India",2018-08-24,Full-Time,24,Hybrid,2295
NX01682,Jonathan Wilson,jonathan.wilson1682@nexacore.com,Engineering,Platform Engineering,Senior Software Engineer,E3,NX03246,Usha Anderson,"London, UK",2022-10-02,Full-Time,11,Office,2213
NX01683,Milan Bhatt,milan.bhatt1683@nexacore.com,Engineering,DevOps & SRE,Senior Software Engineer,E3,NX03246,Usha Anderson,"Pune, India",2022-11-14,Part-Time,10,Office,1583
NX01684,Aisha Jones,aisha.jones1684@nexacore.com,Engineering,Cloud Infrastructure,Software Engineer,E2,NX05885,Zara White,"Edinburgh, UK",2023-11-18,Full-Time,21,Remote,8938
NX01685,Henrik Wilson,henrik.wilson1685@nexacore.com,Engineering,DevOps & SRE,Staff Engineer,E4,NX01895,Henrik Rao,"Boston, US",2019-11-06,Full-Time,17,Hybrid,4509
NX01686,Aarav Nair,aarav.nair1686@nexacore.com,Marketing,Brand & Communications,Marketing Specialist,M2,NX01190,Leo Klein,"Frankfurt, Germany",2023-10-22,Contract,24,Office,7851
NX01687,Lena Scott,lena.scott1687@nexacore.com,Sales,Presales,Senior Account Executive,S3,NX02832,Ravi Moore,"Austin, US",2021-05-20,Part-Time,20,Hybrid,5916
NX01688,Karen Koch,karen.koch1688@nexacore.com,HR,HR Business Partnering,Senior HR Specialist,H3,NX02174,Shreya Reddy,"Frankfurt, Germany",2020-03-23,Part-Time,17,Office,5840
NX01689,Bernd Jain,bernd.jain1689@nexacore.com,IT Support,End-User Computing,IT Support Engineer,T2,NX01640,Ashley Kapoor,"Boston, US",2022-10-24,Full-Time,14,Office,2897
NX01690,Harry Patel,harry.patel1690@nexacore.com,Operations,Facilities,Operations Specialist,O2,NX02125,Olivia Price,"Pune, India",2022-03-25,Full-Time,14,Remote,9014
NX01691,Riya Varma,riya.varma1691@nexacore.com,Operations,Business Operations,Senior Operations Mgr,O3,NX01273,Emma Mendes,"Bangalore, India",2021-02-19,Full-Time,18,Hybrid,1996
NX01692,Mohamed Kaur,mohamed.kaur1692@nexacore.com,Marketing,Product Marketing,Marketing Specialist,M2,NX05575,Patrick Reed,"Berlin, Germany",2021-12-20,Full-Time,28,Office,5396
NX01693,Sven Wilson,sven.wilson1693@nexacore.com,Operations,Business Operations,Operations Specialist,O2,NX01162,Nikita Green,"London, UK",2022-12-23,Part-Time,15,Hybrid,3728
NX01694,Yuki Hoffmann,yuki.hoffmann1694@nexacore.com,Product,Core Product,Senior Product Manager,P3,NX05189,Mohamed Nielsen,"London, UK",2020-10-19,Full-Time,31,Office,7212
NX01695,Benjamin Zhou,benjamin.zhou1695@nexacore.com,Customer Success,Support Engineering,Senior CSM,C3,NX02097,Jason Clark,"Manchester, UK",2019-07-31,Contract,27,Hybrid,6932
NX01696,Yuki Harris,yuki.harris1696@nexacore.com,Operations,Business Operations,Operations Specialist,O2,NX04793,Ananya Davis,"Edinburgh, UK",2023-02-27,Part-Time,13,Hybrid,6431
NX01697,Riya Hughes,riya.hughes1697@nexacore.com,Operations,Business Operations,Senior Operations Mgr,O3,NX01843,Pedro Sandoval,"Bangalore, India",2018-04-16,Full-Time,32,Hybrid,9216
NX01698,Raj Petrov,raj.petrov1698@nexacore.com,Data & Analytics,Data Engineering,Data Analyst,D1,NX01255,Daniel Walker,"New York, US",2025-06-15,Full-Time,9,Hybrid,5051
NX01699,Amelia Khan,amelia.khan1699@nexacore.com,Marketing,Brand & Communications,Marketing Specialist,M2,NX02536,Markus Meyer,"Edinburgh, UK",2024-05-07,Part-Time,12,Office,2391
NX01700,Ashley Clark,ashley.clark1700@nexacore.com,Sales,Presales,Sales Manager,S4,NX02426,Amara Davis,"Bangalore, India",2017-02-14,Full-Time,31,Remote,2565
NX01701,Rahul Hansen,rahul.hansen1701@nexacore.com,Operations,Facilities,Senior Operations Mgr,O3,NX02286,Rahul Turner,"London, UK",2018-06-21,Full-Time,27,Office,8518
NX01702,Jana Davies,jana.davies1702@nexacore.com,Product,Platform,Product Manager,P2,NX02576,Oliver Smith,"Frankfurt, Germany",2021-12-07,Full-Time,16,Hybrid,5563
NX01703,Stefan Klein,stefan.klein1703@nexacore.com,Customer Success,Account Management,Senior CSM,C3,NX01271,Antoine Peters,"Edinburgh, UK",2018-08-15,Full-Time,24,Office,9955
NX01704,Chen Nguyen,chen.nguyen1704@nexacore.com,Engineering,Cloud Infrastructure,Senior Software Engineer,E3,NX03169,Ashley Kapoor,"Bangalore, India",2021-10-01,Full-Time,26,Hybrid,6089
NX01705,Nicolas Foster,nicolas.foster1705@nexacore.com,Engineering,Platform Engineering,Software Engineer,E2,NX02262,Zara Garcia,"Pune, India",2023-10-01,Contract,10,Hybrid,5095
NX01706,Ayesha Foster,ayesha.foster1706@nexacore.com,HR,HR Business Partnering,Senior HR Specialist,H3,NX02289,Saanvi Shah,"Frankfurt, Germany",2016-12-13,Contract,28,Remote,1965
NX01707,Thomas Kapoor,thomas.kapoor1707@nexacore.com,Legal,IP & Compliance,Senior Counsel,L3,NX05399,Thomas Rodriguez,"Boston, US",2017-02-06,Part-Time,20,Hybrid,7660
NX01708,Aditi Khan,aditi.khan1708@nexacore.com,Sales,SMB Sales,Account Executive,S2,NX01911,Bernd Varma,"Frankfurt, Germany",2022-12-05,Contract,20,Office,6272
NX01709,Siddhant Weber,siddhant.weber1709@nexacore.com,IT Support,IT Operations,IT Manager,T4,,,"Singapore, Singapore",2012-08-15,Contract,32,Remote,7974
NX01710,Ashley Meyer,ashley.meyer1710@nexacore.com,Engineering,Cloud Infrastructure,Staff Engineer,E4,NX02169,Aryan Varma,"Bangalore, India",2018-05-30,Full-Time,29,Office,8169
NX01711,Clara Bhatt,clara.bhatt1711@nexacore.com,Operations,Procurement,Senior Operations Mgr,O3,NX01055,Alex Shah,"Frankfurt, Germany",2017-07-29,Full-Time,31,Remote,9963
NX01712,Rohit Moore,rohit.moore1712@nexacore.com,Operations,Supply Chain,Operations Director,O4,,,"Boston, US",2012-04-18,Full-Time,27,Office,9560
NX01713,Mohamed Scott,mohamed.scott1713@nexacore.com,Data & Analytics,ML & AI,Data Scientist,D3,NX02347,Anjali Scott,"New York, US",2021-01-13,Full-Time,20,Hybrid,9509
NX01714,Kiara Perez,kiara.perez1714@nexacore.com,Sales,Presales,Sales Manager,S4,NX01018,Nora Robinson,"San Francisco, US",2018-09-24,Full-Time,31,Remote,3690
NX01715,Vikram White,vikram.white1715@nexacore.com,Sales,Presales,Account Executive,S2,NX03534,Alejandro Murphy,"Bangalore, India",2024-01-04,Full-Time,23,Office,1091
NX01716,Michael Wang,michael.wang1716@nexacore.com,Engineering,Cloud Infrastructure,Senior Software Engineer,E3,NX02130,Amelia Kapoor,"San Francisco, US",2020-11-15,Part-Time,21,Hybrid,2001
NX01717,Simon Santos,simon.santos1717@nexacore.com,Engineering,Cloud Infrastructure,Senior Software Engineer,E3,NX01225,Nicolas Bauer,"Hyderabad, India",2020-08-30,Full-Time,20,Remote,1231
NX01718,Isabel Kim,isabel.kim1718@nexacore.com,Marketing,Product Marketing,Marketing Specialist,M2,NX02349,Jaya Gonzalez,"Berlin, Germany",2022-12-27,Contract,15,Remote,5173
NX01719,Zara Smith,zara.smith1719@nexacore.com,HR,People Operations,HR Coordinator,H1,NX05409,Ravi Jensen,"Hyderabad, India",2024-08-12,Contract,19,Hybrid,3921
NX01720,Lena Ross,lena.ross1720@nexacore.com,IT Support,End-User Computing,Senior IT Engineer,T3,NX02016,Anita Mendes,"Chennai, India",2019-09-13,Contract,23,Office,5542
NX01721,Sofia Hoffmann,sofia.hoffmann1721@nexacore.com,Engineering,Cloud Infrastructure,Software Engineer,E2,NX03641,Lisa Jain,"Bangalore, India",2024-08-29,Full-Time,14,Hybrid,3400
NX01722,Emma Green,emma.green1722@nexacore.com,Data & Analytics,Data Governance,Lead Data Scientist,D4,NX01201,Sara Martinez,"Bangalore, India",2015-12-07,Full-Time,31,Hybrid,9383
NX01723,Samuel Naidu,samuel.naidu1723@nexacore.com,Customer Success,Renewals,Senior CSM,C3,NX01121,Robert Gupta,"London, UK",2018-03-31,Full-Time,18,Office,7442
NX01724,Paul Zhou,paul.zhou1724@nexacore.com,Sales,Presales,Sales Manager,S4,NX02046,Clara Davies,"Frankfurt, Germany",2017-01-03,Full-Time,19,Hybrid,2281
NX01725,Jessica Green,jessica.green1725@nexacore.com,Data & Analytics,ML & AI,Senior Data Analyst,D2,NX01547,Stefan Harris,"Chennai, India",2021-10-13,Full-Time,21,Office,2970
NX01726,Sabrina Taylor,sabrina.taylor1726@nexacore.com,Data & Analytics,ML & AI,Lead Data Scientist,D4,NX02347,Anjali Scott,"New York, US",2016-09-01,Full-Time,24,Hybrid,7948
NX01727,Jessica Scott,jessica.scott1727@nexacore.com,Operations,Business Operations,Operations Director,O4,,,"Edinburgh, UK",2015-01-17,Full-Time,29,Hybrid,8243
NX01728,Omar Reddy,omar.reddy1728@nexacore.com,IT Support,End-User Computing,IT Support Engineer,T2,NX01284,James Singh,"Bangalore, India",2022-10-09,Contract,16,Hybrid,5157
NX01729,Tobias Bauer,tobias.bauer1729@nexacore.com,Engineering,QA & Testing,Senior Software Engineer,E3,NX01550,Rosa Santos,"Seattle, US",2023-04-02,Full-Time,15,Remote,1719
NX01730,Kiara Kim,kiara.kim1730@nexacore.com,Customer Success,Onboarding,CS Director,C4,,,"Bangalore, India",2012-02-15,Part-Time,21,Office,9033
NX01731,Hannah Perez,hannah.perez1731@nexacore.com,Sales,Enterprise Sales,Senior Account Executive,S3,NX02552,Priya Wilson,"Mumbai, India",2020-01-16,Full-Time,29,Hybrid,3898
NX01732,Devika Cruz,devika.cruz1732@nexacore.com,Operations,Procurement,Senior Operations Mgr,O3,NX01675,Ryan Klein,"Pune, India",2019-10-27,Full-Time,23,Office,2597
NX01733,Zoe Kim,zoe.kim1733@nexacore.com,Product,Growth,Principal PM,P4,NX05503,William Brown,"Bangalore, India",2016-11-02,Full-Time,30,Remote,7000
NX01734,Valentina Bauer,valentina.bauer1734@nexacore.com,Engineering,DevOps & SRE,Associate Engineer,E1,NX02625,Jaya Lewis,"Berlin, Germany",2025-01-01,Part-Time,6,Remote,3416
NX01735,Leo Cruz,leo.cruz1735@nexacore.com,Sales,SMB Sales,Senior Account Executive,S3,NX03313,Sneha Evans,"Munich, Germany",2020-02-04,Full-Time,17,Hybrid,7705
NX01736,Hannah Singh,hannah.singh1736@nexacore.com,Operations,Supply Chain,Operations Specialist,O2,NX01064,Julia Anderson,"Boston, US",2022-08-16,Full-Time,13,Office,2410
NX01737,Siddhant Das,siddhant.das1737@nexacore.com,Sales,Enterprise Sales,Account Executive,S2,NX02253,Neha Ross,"Hyderabad, India",2024-10-02,Full-Time,14,Remote,1329
NX01738,Grace Bauer,grace.bauer1738@nexacore.com,Engineering,Cloud Infrastructure,Principal Engineer,E5,,,"Manchester, UK",2016-03-30,Full-Time,28,Hybrid,6042
NX01739,Ishan Wright,ishan.wright1739@nexacore.com,Finance,Accounting,Finance Manager,F3,NX01248,Patrick Kaur,"Boston, US",2018-12-24,Full-Time,27,Office,3300
NX01740,Milan Muller,milan.muller1740@nexacore.com,HR,People Operations,HR Generalist,H2,NX03223,Laura Brown,"San Francisco, US",2024-01-17,Full-Time,17,Hybrid,8202
NX01741,Lena Das,lena.das1741@nexacore.com,Operations,Procurement,Operations Specialist,O2,NX02163,Grace Hall,"Manchester, UK",2022-08-13,Contract,11,Hybrid,8367
NX01742,Grace Bhatt,grace.bhatt1742@nexacore.com,Product,Analytics,Product Manager,P2,NX01321,Jana Liu,"Chennai, India",2023-10-02,Contract,12,Office,6683
NX01743,Luka Hoffmann,luka.hoffmann1743@nexacore.com,HR,L&D,Senior HR Specialist,H3,NX01802,Laura Meier,"Singapore, Singapore",2017-10-01,Contract,19,Remote,4452
NX01744,Laura Hughes,laura.hughes1744@nexacore.com,Operations,Procurement,Senior Operations Mgr,O3,NX01923,Jason Roth,"Seattle, US",2021-01-21,Full-Time,26,Hybrid,8785
NX01745,Elena Patel,elena.patel1745@nexacore.com,IT Support,Security Operations,IT Support Engineer,T2,NX05934,Vikas Nielsen,"London, UK",2022-05-16,Full-Time,28,Office,6281
NX01746,Carlos Sharma,carlos.sharma1746@nexacore.com,Data & Analytics,ML & AI,Senior Data Analyst,D2,NX05990,Gabriel Meyer,"Bangalore, India",2021-06-30,Full-Time,26,Office,4065
NX01747,Olivia Lee,olivia.lee1747@nexacore.com,Customer Success,Account Management,Senior CSM,C3,NX01271,Antoine Peters,"Munich, Germany",2018-05-03,Contract,21,Hybrid,8126
NX01748,Rajesh Perez,rajesh.perez1748@nexacore.com,Sales,SMB Sales,Senior Account Executive,S3,NX03431,Anita Peters,"Seattle, US",2020-03-11,Part-Time,14,Hybrid,7572
NX01749,Markus Brown,markus.brown1749@nexacore.com,Marketing,Demand Generation,Marketing Specialist,M2,NX03299,Ananya Shah,"Singapore, Singapore",2021-12-20,Full-Time,17,Office,1467
NX01750,Gabriel Price,gabriel.price1750@nexacore.com,HR,People Operations,HR Manager,H4,,,"Boston, US",2014-10-05,Contract,17,Remote,3286
NX01751,Devika Thomas,devika.thomas1751@nexacore.com,HR,L&D,Senior HR Specialist,H3,NX01802,Laura Meier,"Mumbai, India",2017-10-06,Full-Time,24,Hybrid,8515
NX01752,Raj Green,raj.green1752@nexacore.com,Data & Analytics,Data Governance,Senior Data Analyst,D2,NX01099,Elena Liu,"Bangalore, India",2023-11-17,Part-Time,12,Hybrid,6038
NX01753,Axel Hall,axel.hall1753@nexacore.com,Marketing,Demand Generation,Senior Marketing Manager,M3,NX01432,Wei Varma,"San Francisco, US",2018-09-29,Full-Time,18,Hybrid,7131
NX01754,Aditi Peters,aditi.peters1754@nexacore.com,Sales,SMB Sales,Senior Account Executive,S3,NX02983,Tobias Yamada,"Manchester, UK",2020-10-01,Full-Time,25,Office,8738
NX01755,Paul Patel,paul.patel1755@nexacore.com,Data & Analytics,Business Intelligence,Senior Data Analyst,D2,NX03781,Ravi Martin,"Pune, India",2022-11-07,Full-Time,23,Hybrid,7551
NX01756,Mona Klein,mona.klein1756@nexacore.com,Operations,Procurement,Operations Specialist,O2,NX04003,Thomas Roberts,"Edinburgh, UK",2022-08-20,Contract,27,Hybrid,4632
NX01757,Harry Zhang,harry.zhang1757@nexacore.com,Sales,SMB Sales,Senior Account Executive,S3,NX04692,Thomas Reed,"Manchester, UK",2021-04-09,Full-Time,19,Hybrid,2265
NX01758,Kabir Fischer,kabir.fischer1758@nexacore.com,Marketing,Content & SEO,Marketing Specialist,M2,NX01297,Valentina Liu,"San Francisco, US",2023-01-24,Full-Time,17,Hybrid,7292
NX01759,Haruto Naidu,haruto.naidu1759@nexacore.com,Engineering,Cloud Infrastructure,Staff Engineer,E4,NX02281,Samuel Jensen,"Boston, US",2019-05-02,Full-Time,34,Office,5276
NX01760,Rohit Gupta,rohit.gupta1760@nexacore.com,Finance,Accounting,Finance Manager,F3,NX02466,Shirin Sharma,"Edinburgh, UK",2017-01-28,Part-Time,28,Office,6673
NX01761,Blake Taylor,blake.taylor1761@nexacore.com,Customer Success,Renewals,Customer Success Manager,C2,NX02329,Nora Peters,"Bangalore, India",2024-05-21,Full-Time,13,Hybrid,8449
NX01762,Aisha Petrov,aisha.petrov1762@nexacore.com,Operations,Procurement,Operations Specialist,O2,NX01283,Jonathan Jensen,"Berlin, Germany",2021-12-05,Full-Time,26,Hybrid,8377
NX01763,Tobias Mendes,tobias.mendes1763@nexacore.com,Customer Success,Renewals,Customer Success Manager,C2,NX03637,Isabel Bhatt,"London, UK",2024-07-18,Contract,17,Hybrid,9711
NX01764,Priya Turner,priya.turner1764@nexacore.com,Engineering,Platform Engineering,Principal Engineer,E5,,,"Chennai, India",2014-07-23,Full-Time,17,Hybrid,5224
NX01765,James Price,james.price1765@nexacore.com,Sales,Presales,Account Executive,S2,NX02479,Milan Hall,"Berlin, Germany",2023-03-26,Full-Time,12,Office,8540
NX01766,Pankaj Carter,pankaj.carter1766@nexacore.com,Product,Platform,Senior Product Manager,P3,NX01316,Jonas Lee,"Seattle, US",2019-04-23,Full-Time,35,Hybrid,9892
NX01767,Leo Gupta,leo.gupta1767@nexacore.com,Marketing,Product Marketing,Marketing Specialist,M2,NX02416,Jaya Murphy,"Manchester, UK",2021-10-07,Full-Time,28,Hybrid,2829
NX01768,Olivia Wilson,olivia.wilson1768@nexacore.com,Operations,Supply Chain,Operations Analyst,O1,NX02414,Anjali Varma,"Edinburgh, UK",2024-10-16,Full-Time,21,Hybrid,3369
NX01769,Thomas Nair,thomas.nair1769@nexacore.com,Engineering,Mobile & Web,Staff Engineer,E4,NX01206,Andrea Taylor,"Manchester, UK",2019-12-22,Full-Time,17,Remote,8510
NX01770,Ananya Clark,ananya.clark1770@nexacore.com,Data & Analytics,ML & AI,Data Scientist,D3,NX01201,Sara Martinez,"Manchester, UK",2020-01-30,Full-Time,30,Hybrid,7257
NX01771,Usha Williams,usha.williams1771@nexacore.com,Sales,Enterprise Sales,Account Executive,S2,NX02561,Mira Gonzalez,"London, UK",2023-01-14,Part-Time,18,Remote,4013
NX01772,Lars Williams,lars.williams1772@nexacore.com,IT Support,Security Operations,Senior IT Engineer,T3,NX01079,Nora Murphy,"Hyderabad, India",2017-09-18,Full-Time,27,Hybrid,5967
NX01773,Usha Roberts,usha.roberts1773@nexacore.com,Engineering,Cloud Infrastructure,Senior Software Engineer,E3,NX03132,Sophie Hughes,"Mumbai, India",2021-06-23,Full-Time,16,Office,5502
NX01774,Henrik Kim,henrik.kim1774@nexacore.com,Sales,Enterprise Sales,Account Executive,S2,NX04747,Mona Rao,"Edinburgh, UK",2023-03-19,Full-Time,14,Remote,4393
NX01775,Alec Murphy,alec.murphy1775@nexacore.com,Sales,SMB Sales,Senior Account Executive,S3,NX02822,Rahul Nguyen,"Seattle, US",2020-03-13,Full-Time,23,Office,2591
NX01776,Jonathan Jain,jonathan.jain1776@nexacore.com,Engineering,Platform Engineering,Staff Engineer,E4,NX01206,Andrea Taylor,"London, UK",2020-01-23,Full-Time,19,Hybrid,7893
NX01777,Neha Roberts,neha.roberts1777@nexacore.com,Data & Analytics,Data Governance,Senior Data Analyst,D2,NX01244,Noah Bauer,"Frankfurt, Germany",2022-09-11,Contract,16,Hybrid,8280
NX01778,Eva Patel,eva.patel1778@nexacore.com,Product,Analytics,Product Manager,P2,NX03556,Pedro Walker,"San Francisco, US",2024-02-02,Contract,17,Remote,7601
NX01779,Amelia Thomas,amelia.thomas1779@nexacore.com,Marketing,Brand & Communications,Marketing Coordinator,M1,NX03731,Laura Miller,"Frankfurt, Germany",2024-09-30,Contract,15,Hybrid,7048
NX01780,Martin Koch,martin.koch1780@nexacore.com,Engineering,Mobile & Web,Associate Engineer,E1,NX02989,Harry Hansen,"Munich, Germany",2025-05-18,Part-Time,12,Office,6761
NX01781,Saanvi Murphy,saanvi.murphy1781@nexacore.com,Customer Success,Onboarding,Senior CSM,C3,NX01121,Robert Gupta,"Boston, US",2021-05-09,Contract,19,Remote,9807
NX01782,Devika Meyer,devika.meyer1782@nexacore.com,Sales,Enterprise Sales,Account Executive,S2,NX03099,Liam Foster,"Pune, India",2023-10-17,Full-Time,16,Hybrid,3926
NX01783,Freya Zhang,freya.zhang1783@nexacore.com,Legal,Employment Law,Associate Counsel,L2,NX02141,Jessica Reed,"Edinburgh, UK",2022-08-16,Contract,14,Office,5569
NX01784,Mira Zhang,mira.zhang1784@nexacore.com,Sales,Sales Operations,Sales Director,S5,,,"Pune, India",2014-02-28,Part-Time,25,Remote,9229
NX01785,Yuki Reed,yuki.reed1785@nexacore.com,IT Support,IT Operations,Senior IT Engineer,T3,NX01279,Aditi Bauer,"Austin, US",2018-04-12,Full-Time,21,Office,3571
NX01786,Harry Moore,harry.moore1786@nexacore.com,Customer Success,Support Engineering,Senior CSM,C3,NX02159,Andrei Kim,"Bangalore, India",2018-03-03,Contract,30,Hybrid,2610
NX01787,Priya Sanchez,priya.sanchez1787@nexacore.com,Data & Analytics,Data Governance,Data Scientist,D3,NX01210,Michael Varma,"Berlin, Germany",2019-10-13,Full-Time,26,Hybrid,3270
NX01788,Tobias Cruz,tobias.cruz1788@nexacore.com,IT Support,Security Operations,Senior IT Engineer,T3,NX01709,Siddhant Weber,"Berlin, Germany",2020-02-13,Full-Time,15,Hybrid,8731
NX01789,Benjamin Mendes,benjamin.mendes1789@nexacore.com,Sales,Enterprise Sales,Sales Manager,S4,NX04481,Maya Jain,"Edinburgh, UK",2016-07-06,Contract,30,Office,8500
NX01790,Paola Williams,paola.williams1790@nexacore.com,Finance,Accounting,Senior Finance Manager,F4,,,"New York, US",2015-04-27,Full-Time,31,Remote,5800
NX01791,Antoine Bennet,antoine.bennet1791@nexacore.com,Product,Growth,Senior Product Manager,P3,NX01144,Rebecca Koch,"Munich, Germany",2019-03-27,Full-Time,28,Hybrid,3897
NX01792,Siddhant Pillai,siddhant.pillai1792@nexacore.com,Sales,Enterprise Sales,Senior Account Executive,S3,NX03167,Nicolas Smith,"London, UK",2021-07-27,Full-Time,27,Hybrid,1112
NX01793,Amelia Varma,amelia.varma1793@nexacore.com,Product,Analytics,Associate PM,P1,NX01596,Jonathan Bhatt,"Singapore, Singapore",2024-11-22,Full-Time,19,Office,9803
NX01794,Daniel White,daniel.white1794@nexacore.com,Product,Core Product,Associate PM,P1,NX04300,Emma Williams,"Munich, Germany",2024-12-21,Full-Time,17,Remote,1653
NX01795,Pankaj Moore,pankaj.moore1795@nexacore.com,IT Support,Security Operations,IT Support Engineer,T2,NX02218,Sofia Philips,"Singapore, Singapore",2021-10-13,Part-Time,19,Remote,2697
NX01796,Ethan Kaur,ethan.kaur1796@nexacore.com,Customer Success,Onboarding,Senior CSM,C3,NX01954,Lisa Walker,"New York, US",2019-08-05,Full-Time,26,Office,8906
NX01797,Jaya Kaur,jaya.kaur1797@nexacore.com,Marketing,Brand & Communications,Marketing Coordinator,M1,NX01579,Jason Green,"London, UK",2024-10-24,Part-Time,7,Remote,5009
NX01798,Laura Lopez,laura.lopez1798@nexacore.com,Data & Analytics,ML & AI,Data Scientist,D3,NX05303,Rosa Wright,"Munich, Germany",2019-01-09,Full-Time,27,Office,1585
NX01799,Elena Foster,elena.foster1799@nexacore.com,Sales,Sales Operations,Senior Account Executive,S3,NX02410,Axel Nelson,"Bangalore, India",2020-07-28,Full-Time,22,Hybrid,6024
NX01800,Freya Ross,freya.ross1800@nexacore.com,Customer Success,Support Engineering,Senior CSM,C3,NX01565,Grace Fischer,"Frankfurt, Germany",2019-05-24,Part-Time,22,Office,3400
NX01801,Manish Miller,manish.miller1801@nexacore.com,IT Support,IT Operations,Senior IT Engineer,T3,NX01160,Leo Becker,"Austin, US",2020-05-30,Full-Time,15,Hybrid,1197
NX01802,Laura Meier,laura.meier1802@nexacore.com,HR,HR Business Partnering,HR Manager,H4,,,"Frankfurt, Germany",2013-09-14,Contract,31,Hybrid,9209
NX01803,Milan Rao,milan.rao1803@nexacore.com,Sales,Sales Operations,Account Executive,S2,NX02612,Sophie Young,"Edinburgh, UK",2024-02-01,Full-Time,10,Remote,3873
NX01804,Stefan Meyer,stefan.meyer1804@nexacore.com,Data & Analytics,Data Engineering,Senior Data Analyst,D2,NX01947,Riya Carter,"Hyderabad, India",2022-12-29,Full-Time,23,Hybrid,5559
NX01805,Daniel Taylor,daniel.taylor1805@nexacore.com,Sales,SMB Sales,Senior Account Executive,S3,NX04616,Rajesh Patel,"Manchester, UK",2020-07-08,Full-Time,31,Office,9587
NX01806,Kabir Wood,kabir.wood1806@nexacore.com,Engineering,Cloud Infrastructure,Senior Software Engineer,E3,NX01101,Sebastian Petrov,"Manchester, UK",2022-03-23,Part-Time,15,Hybrid,9313
NX01807,Arjun Khan,arjun.khan1807@nexacore.com,Sales,Enterprise Sales,Senior Account Executive,S3,NX04616,Rajesh Patel,"Mumbai, India",2021-01-12,Full-Time,23,Office,3993
NX01808,Kate Jensen,kate.jensen1808@nexacore.com,Finance,Treasury,Senior Finance Analyst,F2,NX03063,Thomas Nguyen,"New York, US",2023-05-08,Full-Time,25,Office,4113
NX01809,Antoine Evans,antoine.evans1809@nexacore.com,Sales,Sales Operations,Account Executive,S2,NX01172,Alejandro Chakraborty,"Mumbai, India",2023-06-23,Full-Time,10,Hybrid,8606
NX01810,Blake Reed,blake.reed1810@nexacore.com,Sales,Enterprise Sales,Account Executive,S2,NX01280,Yuki Cruz,"London, UK",2023-11-30,Part-Time,9,Hybrid,2366
NX01811,Sofia Harris,sofia.harris1811@nexacore.com,Marketing,Brand & Communications,Marketing Specialist,M2,NX01839,Maya Hall,"San Francisco, US",2023-01-30,Contract,14,Office,2827
NX01812,Sara Zhou,sara.zhou1812@nexacore.com,HR,People Operations,Senior HR Specialist,H3,NX01327,Markus Lim,"Munich, Germany",2018-04-17,Full-Time,27,Hybrid,9070
NX01813,Harry Liu,harry.liu1813@nexacore.com,Engineering,QA & Testing,Principal Engineer,E5,,,"Frankfurt, Germany",2014-06-29,Contract,27,Hybrid,9719
NX01814,Kevin Lopez,kevin.lopez1814@nexacore.com,Operations,Facilities,Operations Specialist,O2,NX02163,Grace Hall,"Singapore, Singapore",2021-10-14,Full-Time,24,Remote,8988
NX01815,Aditi Lewis,aditi.lewis1815@nexacore.com,Sales,Presales,Sales Development Rep,S1,NX03432,Sophie Klein,"Frankfurt, Germany",2024-12-11,Full-Time,13,Hybrid,5991
NX01816,Bernd Nelson,bernd.nelson1816@nexacore.com,IT Support,IT Operations,Senior IT Engineer,T3,NX02162,Zara Davis,"New York, US",2018-03-17,Full-Time,26,Hybrid,9221
NX01817,Maya Lewis,maya.lewis1817@nexacore.com,Customer Success,Renewals,CS Director,C4,,,"Pune, India",2015-03-07,Part-Time,16,Hybrid,3532
NX01818,Mohamed Gonzalez,mohamed.gonzalez1818@nexacore.com,Engineering,Cloud Infrastructure,Staff Engineer,E4,NX01042,Shirin Price,"Edinburgh, UK",2020-02-13,Full-Time,23,Hybrid,9461
NX01819,Sofia Taylor,sofia.taylor1819@nexacore.com,Legal,Employment Law,Legal Analyst,L1,NX04599,Sarah Pillai,"Berlin, Germany",2023-08-22,Part-Time,9,Hybrid,5974
NX01820,Paola Foster,paola.foster1820@nexacore.com,Operations,Facilities,Senior Operations Mgr,O3,NX01843,Pedro Sandoval,"London, UK",2017-03-02,Part-Time,16,Hybrid,6046
NX01821,Rosa Ross,rosa.ross1821@nexacore.com,Customer Success,Renewals,CS Associate,C1,NX01554,Aisha Lewis,"Berlin, Germany",2025-01-20,Full-Time,18,Office,3292
NX01822,Shirin Zhang,shirin.zhang1822@nexacore.com,Finance,Tax & Compliance,Senior Finance Analyst,F2,NX01562,Julia Carter,"Bangalore, India",2023-10-05,Part-Time,12,Hybrid,5829
NX01823,Patrick Bennet,patrick.bennet1823@nexacore.com,Operations,Facilities,Senior Operations Mgr,O3,NX01273,Emma Mendes,"Berlin, Germany",2020-08-18,Full-Time,25,Hybrid,4522
NX01824,Tobias Nelson,tobias.nelson1824@nexacore.com,Customer Success,Support Engineering,Customer Success Manager,C2,NX01287,Mohamed Nair,"Pune, India",2024-02-16,Full-Time,10,Hybrid,8698
NX01825,Andrea Zhou,andrea.zhou1825@nexacore.com,Data & Analytics,Data Governance,Head of Data,D5,,,"Frankfurt, Germany",2012-12-27,Full-Time,23,Hybrid,1971
NX01826,Blake Chakraborty,blake.chakraborty1826@nexacore.com,Sales,Sales Operations,Senior Account Executive,S3,NX02251,Gaurav Moore,"Seattle, US",2021-11-05,Contract,26,Hybrid,8730
NX01827,Diego Wright,diego.wright1827@nexacore.com,Engineering,Platform Engineering,Staff Engineer,E4,NX01883,Alex Hughes,"London, UK",2017-03-14,Part-Time,26,Office,5896
NX01828,Jana Rodriguez,jana.rodriguez1828@nexacore.com,Sales,Enterprise Sales,Senior Account Executive,S3,NX02479,Milan Hall,"Munich, Germany",2020-06-23,Full-Time,23,Hybrid,9700
NX01829,Manish Walker,manish.walker1829@nexacore.com,Sales,Enterprise Sales,Sales Manager,S4,NX01969,Mohamed Sharma,"Chennai, India",2018-11-24,Full-Time,24,Remote,8304
NX01830,Jessica Hall,jessica.hall1830@nexacore.com,Product,Platform,Product Manager,P2,NX01391,William Singh,"Munich, Germany",2022-07-15,Full-Time,19,Office,5183
NX01831,Alejandro Fischer,alejandro.fischer1831@nexacore.com,Product,Core Product,Senior Product Manager,P3,NX01308,Kate Gupta,"Berlin, Germany",2017-07-04,Full-Time,34,Office,9657
NX01832,Anna Price,anna.price1832@nexacore.com,Marketing,Product Marketing,Marketing Director,M4,,,"Bangalore, India",2012-04-14,Contract,19,Office,6358
NX01833,Yuki Petrov,yuki.petrov1833@nexacore.com,Sales,Sales Operations,Sales Manager,S4,NX05532,Arjun Peters,"London, UK",2018-07-26,Part-Time,24,Hybrid,2840
NX01834,William Gonzalez,william.gonzalez1834@nexacore.com,Marketing,Brand & Communications,Marketing Director,M4,,,"Munich, Germany",2012-07-21,Contract,33,Remote,8060
NX01835,Linda Patel,linda.patel1835@nexacore.com,Legal,IP & Compliance,Legal Analyst,L1,NX02141,Jessica Reed,"Chennai, India",2024-11-04,Part-Time,9,Hybrid,8439
NX01836,Wei Zhou,wei.zhou1836@nexacore.com,Marketing,Content & SEO,Marketing Specialist,M2,NX01753,Axel Hall,"Bangalore, India",2023-02-02,Full-Time,15,Office,1309
NX01837,Aisha Jain,aisha.jain1837@nexacore.com,Operations,Facilities,Senior Operations Mgr,O3,NX01055,Alex Shah,"Berlin, Germany",2016-09-07,Full-Time,25,Hybrid,9722
NX01838,Shreya Taylor,shreya.taylor1838@nexacore.com,Engineering,Cloud Infrastructure,Software Engineer,E2,NX05176,Shreya Wright,"Manchester, UK",2024-03-08,Part-Time,14,Office,4377
NX01839,Maya Hall,maya.hall1839@nexacore.com,Marketing,Brand & Communications,Marketing Director,M4,NX01360,Antoine Petrov,"Bangalore, India",2014-09-22,Contract,31,Office,9848
NX01840,Nora Chen,nora.chen1840@nexacore.com,Data & Analytics,ML & AI,Senior Data Analyst,D2,NX01547,Stefan Harris,"London, UK",2023-10-18,Full-Time,20,Remote,7951
NX01841,Liam Jensen,liam.jensen1841@nexacore.com,HR,People Operations,HR Manager,H4,,,"Manchester, UK",2016-03-26,Full-Time,21,Hybrid,3017
NX01842,Paul Bennet,paul.bennet1842@nexacore.com,Operations,Procurement,Operations Specialist,O2,NX01501,Rebecca Wood,"San Francisco, US",2021-10-04,Full-Time,23,Hybrid,4369
NX01843,Pedro Sandoval,pedro.sandoval1843@nexacore.com,Operations,Supply Chain,Operations Director,O4,,,"Hyderabad, India",2015-06-26,Full-Time,19,Office,2993
NX01844,Gabriel Yamada,gabriel.yamada1844@nexacore.com,Product,Growth,Senior Product Manager,P3,NX01286,Linda Hansen,"Pune, India",2020-02-17,Full-Time,23,Remote,7801
NX01845,Ishan Hoffmann,ishan.hoffmann1845@nexacore.com,Product,Core Product,Product Manager,P2,NX04650,Oliver Sanchez,"Singapore, Singapore",2023-06-11,Full-Time,11,Office,1264
NX01846,Aditi Meyer,aditi.meyer1846@nexacore.com,Product,Analytics,Product Manager,P2,NX01974,Gabriel Chen,"Edinburgh, UK",2022-07-19,Full-Time,25,Hybrid,8113
NX01847,Markus Jensen,markus.jensen1847@nexacore.com,Finance,FP&A,Senior Finance Manager,F4,,,"Edinburgh, UK",2014-06-30,Full-Time,25,Hybrid,1743
NX01848,Emma Jones,emma.jones1848@nexacore.com,HR,People Operations,HR Generalist,H2,NX01386,Omar Brown,"Bangalore, India",2024-03-03,Full-Time,10,Office,1638
NX01849,Anna Santos,anna.santos1849@nexacore.com,Legal,Corporate Legal,Associate Counsel,L2,NX02747,Karan Sanchez,"Boston, US",2022-01-29,Full-Time,16,Office,3824
NX01850,Hannah Rao,hannah.rao1850@nexacore.com,Customer Success,Account Management,Senior CSM,C3,NX02128,Karan White,"New York, US",2017-11-15,Full-Time,20,Hybrid,4343
NX01851,Maya Moore,maya.moore1851@nexacore.com,Product,Platform,Associate PM,P1,NX02076,Bernd Jones,"Seattle, US",2025-06-09,Contract,16,Hybrid,1466
NX01852,Sneha Bhatt,sneha.bhatt1852@nexacore.com,Engineering,Cloud Infrastructure,Senior Software Engineer,E3,NX04257,Amelia Scott,"Berlin, Germany",2022-05-15,Full-Time,13,Office,3781
NX01853,Freya Davies,freya.davies1853@nexacore.com,Engineering,Platform Engineering,Senior Software Engineer,E3,NX05556,Luka Davis,"Manchester, UK",2022-01-13,Full-Time,26,Hybrid,8793
NX01854,Siddhant Murphy,siddhant.murphy1854@nexacore.com,Operations,Procurement,Operations Analyst,O1,NX01925,Fiona Foster,"Chennai, India",2026-02-27,Contract,14,Remote,5208
NX01855,Deepa Lim,deepa.lim1855@nexacore.com,Product,Platform,Senior Product Manager,P3,NX01286,Linda Hansen,"Pune, India",2018-05-08,Full-Time,17,Office,4215
NX01856,Deepa Jain,deepa.jain1856@nexacore.com,Data & Analytics,Business Intelligence,Data Analyst,D1,NX01256,Daniel Schmidt,"Chennai, India",2024-10-20,Full-Time,12,Remote,7616
NX01857,Lucas Scott,lucas.scott1857@nexacore.com,Legal,Corporate Legal,Legal Analyst,L1,NX02041,Sara Chen,"Austin, US",2023-12-15,Full-Time,16,Hybrid,6384
NX01858,Siddhant Thompson,siddhant.thompson1858@nexacore.com,Marketing,Product Marketing,Marketing Specialist,M2,NX01988,Mohamed Sharma,"Chennai, India",2022-06-06,Full-Time,28,Office,7308
NX01859,Andrei Harris,andrei.harris1859@nexacore.com,Engineering,Cloud Infrastructure,Associate Engineer,E1,NX02909,Milan Fischer,"Bangalore, India",2025-04-16,Full-Time,20,Remote,3652
NX01860,Raj Lim,raj.lim1860@nexacore.com,Operations,Supply Chain,Operations Specialist,O2,NX04382,Noah Nielsen,"Frankfurt, Germany",2023-11-28,Full-Time,13,Hybrid,8407
NX01861,Jessica Nielsen,jessica.nielsen1861@nexacore.com,Product,Platform,Product Manager,P2,NX02187,Aisha Sandoval,"Munich, Germany",2023-03-13,Full-Time,11,Remote,6527
NX01862,Nikita Hall,nikita.hall1862@nexacore.com,Marketing,Product Marketing,Marketing Specialist,M2,NX02403,Aryan Hughes,"London, UK",2021-09-10,Full-Time,19,Office,9504
NX01863,Lena Chen,lena.chen1863@nexacore.com,Operations,Facilities,Operations Director,O4,,,"Berlin, Germany",2014-01-17,Part-Time,32,Hybrid,4721
NX01864,Shreya Desai,shreya.desai1864@nexacore.com,Product,Core Product,Product Manager,P2,NX04136,Aditi Schmidt,"Boston, US",2022-12-30,Full-Time,25,Hybrid,9269
NX01865,Haruto Mitchell,haruto.mitchell1865@nexacore.com,Engineering,QA & Testing,Software Engineer,E2,NX05643,Wei Davies,"San Francisco, US",2023-09-21,Full-Time,19,Remote,6798
NX01866,Vikram Santos,vikram.santos1866@nexacore.com,Customer Success,Account Management,Senior CSM,C3,NX01315,Sofia Khan,"Singapore, Singapore",2017-08-20,Contract,18,Hybrid,4775
NX01867,Wei Green,wei.green1867@nexacore.com,HR,L&D,HR Generalist,H2,NX03223,Laura Brown,"New York, US",2024-02-05,Full-Time,18,Remote,3491
NX01868,Zara Scott,zara.scott1868@nexacore.com,Finance,Treasury,Senior Finance Manager,F4,,,"San Francisco, US",2014-03-09,Full-Time,23,Hybrid,5857
NX01869,Rafael Rao,rafael.rao1869@nexacore.com,Engineering,DevOps & SRE,Software Engineer,E2,NX02808,Eva Fischer,"Frankfurt, Germany",2024-04-19,Full-Time,16,Hybrid,1005
NX01870,Ashley Kapoor,ashley.kapoor1870@nexacore.com,Sales,Sales Operations,Senior Account Executive,S3,NX02018,Amara Perez,"San Francisco, US",2020-04-22,Part-Time,24,Office,7723
NX01871,Elena Foster,elena.foster1871@nexacore.com,Sales,Presales,Sales Manager,S4,NX01969,Mohamed Sharma,"New York, US",2017-10-26,Full-Time,22,Office,7406
NX01872,Isabel Jones,isabel.jones1872@nexacore.com,Customer Success,Support Engineering,Customer Success Manager,C2,NX03612,Ayesha Davis,"Hyderabad, India",2024-04-22,Full-Time,22,Hybrid,3487
NX01873,Jason Nelson,jason.nelson1873@nexacore.com,Engineering,Cloud Infrastructure,Staff Engineer,E4,NX02169,Aryan Varma,"Seattle, US",2019-10-16,Full-Time,24,Hybrid,9589
NX01874,Carlos Zhang,carlos.zhang1874@nexacore.com,Engineering,QA & Testing,Senior Software Engineer,E3,NX04183,Siddhant Thompson,"Frankfurt, Germany",2021-10-19,Full-Time,26,Remote,9867
NX01875,Shirin Garcia,shirin.garcia1875@nexacore.com,Product,Core Product,Product Manager,P2,NX04056,Stefan Young,"London, UK",2022-04-25,Full-Time,21,Hybrid,2848
NX01876,Simon Naidu,simon.naidu1876@nexacore.com,Operations,Business Operations,Senior Operations Mgr,O3,NX01399,Harry Petrov,"Frankfurt, Germany",2021-01-17,Full-Time,20,Hybrid,4953
NX01877,Thomas Wang,thomas.wang1877@nexacore.com,IT Support,IT Operations,IT Support Analyst,T1,NX02218,Sofia Philips,"Berlin, Germany",2024-07-18,Full-Time,19,Remote,5519
NX01878,Kiara Singh,kiara.singh1878@nexacore.com,Product,Platform,VP of Product,P5,,,"Berlin, Germany",2013-04-02,Part-Time,35,Hybrid,2656
NX01879,Sven Jones,sven.jones1879@nexacore.com,Engineering,QA & Testing,Senior Software Engineer,E3,NX02008,Leo Rodriguez,"Frankfurt, Germany",2021-11-21,Full-Time,26,Office,8993
NX01880,Paul Schmidt,paul.schmidt1880@nexacore.com,Marketing,Content & SEO,Senior Marketing Manager,M3,NX01671,Nikita Lopez,"Mumbai, India",2020-04-14,Contract,30,Hybrid,2555
NX01881,Daniel Young,daniel.young1881@nexacore.com,IT Support,End-User Computing,Senior IT Engineer,T3,NX02162,Zara Davis,"Manchester, UK",2018-11-22,Contract,22,Remote,7451
NX01882,Ananya Martin,ananya.martin1882@nexacore.com,IT Support,Security Operations,Senior IT Engineer,T3,NX01279,Aditi Bauer,"Munich, Germany",2016-08-01,Full-Time,23,Office,8074
NX01883,Alex Hughes,alex.hughes1883@nexacore.com,Engineering,QA & Testing,Principal Engineer,E5,,,"New York, US",2014-09-05,Full-Time,26,Remote,7752
NX01884,Amara Wilson,amara.wilson1884@nexacore.com,Customer Success,Renewals,Customer Success Manager,C2,NX03361,Elena Kaur,"Seattle, US",2022-08-18,Full-Time,20,Remote,5532
NX01885,Sarah Carter,sarah.carter1885@nexacore.com,Product,Platform,Product Manager,P2,NX05178,Ravi Johnson,"Munich, Germany",2023-04-28,Part-Time,16,Remote,4430
NX01886,Mohamed Wood,mohamed.wood1886@nexacore.com,Operations,Procurement,Senior Operations Mgr,O3,NX02286,Rahul Turner,"Manchester, UK",2016-09-08,Full-Time,24,Office,9818
NX01887,Kabir Lewis,kabir.lewis1887@nexacore.com,Engineering,Mobile & Web,Staff Engineer,E4,NX01204,Alex Klein,"Pune, India",2019-10-11,Part-Time,15,Hybrid,9146
NX01888,Henrik Yamada,henrik.yamada1888@nexacore.com,Marketing,Content & SEO,Senior Marketing Manager,M3,NX01499,Andrea Carter,"San Francisco, US",2021-05-24,Full-Time,17,Remote,6922
NX01889,Freya Green,freya.green1889@nexacore.com,Finance,Tax & Compliance,Finance Manager,F3,NX01868,Zara Scott,"Bangalore, India",2020-05-12,Full-Time,17,Hybrid,5853
NX01890,Yuki Gupta,yuki.gupta1890@nexacore.com,Sales,Presales,Account Executive,S2,NX01911,Bernd Varma,"Hyderabad, India",2024-09-08,Full-Time,13,Hybrid,7629
NX01891,Lena Foster,lena.foster1891@nexacore.com,Operations,Facilities,Operations Director,O4,,,"Manchester, UK",2015-05-08,Full-Time,26,Hybrid,2346
NX01892,Mohamed Jain,mohamed.jain1892@nexacore.com,Marketing,Content & SEO,Marketing Specialist,M2,NX05969,Ravi Wood,"Mumbai, India",2024-03-17,Full-Time,25,Office,9101
NX01893,Julia Walker,julia.walker1893@nexacore.com,IT Support,End-User Computing,Senior IT Engineer,T3,NX01337,Priya Thomas,"Austin, US",2019-09-08,Full-Time,29,Office,1203
NX01894,Maria Jones,maria.jones1894@nexacore.com,Customer Success,Onboarding,Senior CSM,C3,NX01123,Lena Kumar,"Frankfurt, Germany",2020-08-30,Full-Time,25,Office,7755
NX01895,Henrik Rao,henrik.rao1895@nexacore.com,Engineering,QA & Testing,Principal Engineer,E5,,,"Edinburgh, UK",2016-01-24,Part-Time,24,Office,6963
NX01896,Lena Nair,lena.nair1896@nexacore.com,Finance,Tax & Compliance,Finance Manager,F3,NX02492,Haruto Wilson,"Manchester, UK",2020-11-16,Full-Time,27,Hybrid,6270
NX01897,Kevin Reed,kevin.reed1897@nexacore.com,Sales,SMB Sales,Senior Account Executive,S3,NX02628,Diego Liu,"Pune, India",2021-06-30,Contract,26,Remote,4732
NX01898,Nora White,nora.white1898@nexacore.com,IT Support,Security Operations,Senior IT Engineer,T3,NX01621,Hannah Lim,"Austin, US",2020-07-09,Full-Time,17,Hybrid,8174
NX01899,Tina Sandoval,tina.sandoval1899@nexacore.com,Sales,Presales,Senior Account Executive,S3,NX02844,Sneha Garcia,"Hyderabad, India",2020-08-16,Full-Time,30,Hybrid,6695
NX01900,Sophie Weber,sophie.weber1900@nexacore.com,Sales,SMB Sales,Sales Development Rep,S1,NX03136,Noah Sharma,"Hyderabad, India",2024-12-01,Part-Time,10,Hybrid,5128
NX01901,Amara White,amara.white1901@nexacore.com,Data & Analytics,Data Governance,Head of Data,D5,,,"Berlin, Germany",2013-01-22,Part-Time,21,Hybrid,6076
NX01902,Yuki Wang,yuki.wang1902@nexacore.com,HR,L&D,Senior HR Specialist,H3,NX01750,Gabriel Price,"London, UK",2017-08-26,Full-Time,22,Office,3363
NX01903,Zara Varma,zara.varma1903@nexacore.com,Data & Analytics,ML & AI,Data Scientist,D3,NX01274,Aarav Patel,"Bangalore, India",2018-11-19,Contract,17,Hybrid,2960
NX01904,Aryan Scott,aryan.scott1904@nexacore.com,Operations,Supply Chain,Operations Specialist,O2,NX01535,Ravi Lewis,"Singapore, Singapore",2024-03-04,Full-Time,18,Remote,3938
NX01905,Haruto Bennet,haruto.bennet1905@nexacore.com,IT Support,Security Operations,IT Support Engineer,T2,NX02852,Sophie Bauer,"Frankfurt, Germany",2022-10-24,Part-Time,12,Hybrid,7347
NX01906,Rebecca Meyer,rebecca.meyer1906@nexacore.com,Sales,Presales,Account Executive,S2,NX03136,Noah Sharma,"Chennai, India",2024-08-29,Full-Time,21,Hybrid,8051
NX01907,Kiara Philips,kiara.philips1907@nexacore.com,Operations,Supply Chain,Operations Specialist,O2,NX04003,Thomas Roberts,"New York, US",2023-11-07,Full-Time,23,Office,6565
NX01908,Sebastian Yamada,sebastian.yamada1908@nexacore.com,Legal,Corporate Legal,Senior Counsel,L3,NX05399,Thomas Rodriguez,"Singapore, Singapore",2016-04-13,Full-Time,18,Hybrid,1969
NX01909,Patrick Davies,patrick.davies1909@nexacore.com,Engineering,Cloud Infrastructure,Associate Engineer,E1,NX04552,Zoe Lewis,"Bangalore, India",2025-12-12,Contract,17,Hybrid,1453
NX01910,Patrick Chen,patrick.chen1910@nexacore.com,Sales,SMB Sales,Senior Account Executive,S3,NX03068,Elena Mendes,"San Francisco, US",2021-04-03,Part-Time,19,Office,6656
NX01911,Bernd Varma,bernd.varma1911@nexacore.com,Sales,SMB Sales,Sales Manager,S4,NX02702,Andrea Mitchell,"Manchester, UK",2015-12-23,Contract,30,Hybrid,9312
NX01912,Eva Nelson,eva.nelson1912@nexacore.com,Product,Core Product,Senior Product Manager,P3,NX01194,Anita Liu,"Mumbai, India",2017-07-13,Contract,26,Hybrid,2765
NX01913,Nora Varma,nora.varma1913@nexacore.com,IT Support,End-User Computing,Senior IT Engineer,T3,NX01581,Milan Varma,"Singapore, Singapore",2021-04-01,Full-Time,27,Hybrid,6527
NX01914,Shirin Thomas,shirin.thomas1914@nexacore.com,Customer Success,Renewals,Senior CSM,C3,NX01315,Sofia Khan,"Munich, Germany",2020-09-14,Full-Time,24,Remote,6991
NX01915,Emma Johnson,emma.johnson1915@nexacore.com,Sales,Presales,Account Executive,S2,NX03142,Jason Walker,"San Francisco, US",2022-07-06,Full-Time,12,Hybrid,2618
NX01916,Vikas Das,vikas.das1916@nexacore.com,Finance,Tax & Compliance,Finance Manager,F3,NX01248,Patrick Kaur,"Singapore, Singapore",2018-12-28,Contract,23,Office,9951
NX01917,Jana Klein,jana.klein1917@nexacore.com,Operations,Facilities,Operations Specialist,O2,NX01643,Jaya Dubois,"Chennai, India",2023-02-01,Full-Time,14,Hybrid,7623
NX01918,Sabrina Meyer,sabrina.meyer1918@nexacore.com,Operations,Supply Chain,Operations Analyst,O1,NX05148,Blake Roth,"Frankfurt, Germany",2024-07-28,Full-Time,16,Office,7370
NX01919,Maya Philips,maya.philips1919@nexacore.com,Operations,Facilities,Operations Specialist,O2,NX03661,William Peters,"Mumbai, India",2023-12-23,Contract,16,Hybrid,9893
NX01920,Hannah Smith,hannah.smith1920@nexacore.com,Legal,IP & Compliance,Legal Analyst,L1,NX02673,Sebastian Mitchell,"Mumbai, India",2025-02-26,Contract,17,Hybrid,4084
NX01921,Oliver Reed,oliver.reed1921@nexacore.com,Operations,Supply Chain,Senior Operations Mgr,O3,NX01863,Lena Chen,"Berlin, Germany",2021-01-10,Part-Time,14,Office,7075
NX01922,Andrea Hughes,andrea.hughes1922@nexacore.com,Customer Success,Onboarding,Senior CSM,C3,NX01608,David Kumar,"Munich, Germany",2018-11-24,Full-Time,29,Hybrid,9114
NX01923,Jason Roth,jason.roth1923@nexacore.com,Operations,Supply Chain,Operations Director,O4,,,"Mumbai, India",2015-10-30,Full-Time,26,Hybrid,1077
NX01924,Karan Thomas,karan.thomas1924@nexacore.com,Product,Platform,Product Manager,P2,NX03715,Alejandro Martin,"New York, US",2022-05-26,Full-Time,17,Hybrid,1733
NX01925,Fiona Foster,fiona.foster1925@nexacore.com,Operations,Business Operations,Senior Operations Mgr,O3,NX02307,Maya Sharma,"Seattle, US",2020-06-27,Full-Time,22,Remote,4356
NX01926,Liam Muller,liam.muller1926@nexacore.com,HR,Talent Acquisition,HR Generalist,H2,NX03483,Nisha Lee,"Berlin, Germany",2023-03-12,Full-Time,21,Office,8998
NX01927,Kiara Santos,kiara.santos1927@nexacore.com,Marketing,Brand & Communications,Senior Marketing Manager,M3,NX01572,Ethan Patel,"Edinburgh, UK",2018-02-25,Full-Time,28,Remote,2155
NX01928,Clara Desai,clara.desai1928@nexacore.com,Sales,SMB Sales,Senior Account Executive,S3,NX02617,Rahul Hansen,"Frankfurt, Germany",2020-11-24,Full-Time,23,Hybrid,7524
NX01929,Lucas Reed,lucas.reed1929@nexacore.com,Legal,IP & Compliance,Legal Analyst,L1,NX02960,Rajesh Young,"Boston, US",2024-07-31,Contract,17,Hybrid,4311
NX01930,Beatrice Rodriguez,beatrice.rodriguez1930@nexacore.com,Engineering,DevOps & SRE,Principal Engineer,E5,,,"San Francisco, US",2012-05-03,Full-Time,20,Office,2791
NX01931,Chris Jensen,chris.jensen1931@nexacore.com,HR,Talent Acquisition,Senior HR Specialist,H3,NX02289,Saanvi Shah,"Edinburgh, UK",2018-02-26,Full-Time,33,Hybrid,4960
NX01932,Sabrina Scott,sabrina.scott1932@nexacore.com,Legal,IP & Compliance,Associate Counsel,L2,NX01908,Sebastian Yamada,"Munich, Germany",2021-10-11,Part-Time,20,Hybrid,9251
NX01933,Ishan Zhang,ishan.zhang1933@nexacore.com,Engineering,Cloud Infrastructure,Associate Engineer,E1,NX04380,Simon Williams,"London, UK",2025-09-12,Full-Time,16,Office,5109
NX01934,Hannah Martin,hannah.martin1934@nexacore.com,Engineering,DevOps & SRE,Senior Software Engineer,E3,NX01002,Manish Hansen,"San Francisco, US",2022-04-16,Part-Time,16,Hybrid,9283
NX01935,Antoine Jain,antoine.jain1935@nexacore.com,Sales,SMB Sales,Sales Manager,S4,NX01784,Mira Zhang,"San Francisco, US",2018-10-17,Full-Time,21,Remote,2136
NX01936,Kate Schmidt,kate.schmidt1936@nexacore.com,Data & Analytics,ML & AI,Lead Data Scientist,D4,NX01201,Sara Martinez,"New York, US",2014-01-27,Full-Time,32,Office,2067
NX01937,Rebecca Rao,rebecca.rao1937@nexacore.com,Sales,Enterprise Sales,Account Executive,S2,NX02408,Rajesh Chen,"New York, US",2022-06-21,Part-Time,17,Hybrid,4828
NX01938,Aditi Meyer,aditi.meyer1938@nexacore.com,Product,Core Product,Associate PM,P1,NX04650,Oliver Sanchez,"Mumbai, India",2024-06-24,Full-Time,11,Office,1576
NX01939,Zoe Clark,zoe.clark1939@nexacore.com,Customer Success,Onboarding,Customer Success Manager,C2,NX04495,Jason Bennet,"Frankfurt, Germany",2022-04-18,Contract,17,Remote,8367
NX01940,Karl Varma,karl.varma1940@nexacore.com,IT Support,IT Operations,IT Support Engineer,T2,NX01881,Daniel Young,"Seattle, US",2021-08-19,Full-Time,25,Remote,8441
NX01941,Yuki Meier,yuki.meier1941@nexacore.com,Customer Success,Account Management,Senior CSM,C3,NX01130,Valentina Klein,"Chennai, India",2018-08-01,Full-Time,23,Remote,5214
NX01942,Gabriel Mendes,gabriel.mendes1942@nexacore.com,Sales,Enterprise Sales,Sales Development Rep,S1,NX01700,Ashley Clark,"Berlin, Germany",2025-03-15,Full-Time,12,Hybrid,9871
NX01943,Kabir Moore,kabir.moore1943@nexacore.com,Customer Success,Account Management,Customer Success Manager,C2,NX05137,Elena Meyer,"Manchester, UK",2021-12-30,Full-Time,15,Office,8410
NX01944,Sara Miller,sara.miller1944@nexacore.com,Legal,IP & Compliance,Associate Counsel,L2,NX04361,Riya Lim,"Manchester, UK",2019-06-26,Full-Time,17,Hybrid,4373
NX01945,Kate Hughes,kate.hughes1945@nexacore.com,HR,People Operations,Senior HR Specialist,H3,NX02289,Saanvi Shah,"San Francisco, US",2017-11-19,Part-Time,14,Remote,9981
NX01946,Rebecca Mendes,rebecca.mendes1946@nexacore.com,Engineering,Mobile & Web,Senior Software Engineer,E3,NX01680,Vikas Evans,"San Francisco, US",2021-07-11,Full-Time,15,Hybrid,5920
NX01947,Riya Carter,riya.carter1947@nexacore.com,Data & Analytics,Business Intelligence,Lead Data Scientist,D4,NX01901,Amara White,"San Francisco, US",2016-01-04,Full-Time,23,Office,9478
NX01948,Saanvi Hall,saanvi.hall1948@nexacore.com,Engineering,DevOps & SRE,Senior Software Engineer,E3,NX05176,Shreya Wright,"Bangalore, India",2022-04-18,Part-Time,18,Hybrid,5478
NX01949,Fiona Smith,fiona.smith1949@nexacore.com,Data & Analytics,Data Governance,Senior Data Analyst,D2,NX01936,Kate Schmidt,"San Francisco, US",2022-12-07,Full-Time,23,Office,8973
NX01950,Milan Scott,milan.scott1950@nexacore.com,Product,Core Product,Associate PM,P1,NX01370,Kate Peters,"Pune, India",2025-06-24,Full-Time,21,Hybrid,6431
NX01951,Benjamin Lewis,benjamin.lewis1951@nexacore.com,Legal,IP & Compliance,Legal Director,L4,,,"San Francisco, US",2014-04-10,Part-Time,33,Hybrid,6946
NX01952,Milan Sanchez,milan.sanchez1952@nexacore.com,Data & Analytics,Data Governance,Senior Data Analyst,D2,NX01600,Olivia Patel,"Frankfurt, Germany",2024-01-21,Full-Time,22,Remote,3618
NX01953,Eva Gonzalez,eva.gonzalez1953@nexacore.com,Data & Analytics,Data Governance,Senior Data Analyst,D2,NX05205,Fiona Robinson,"Pune, India",2022-01-31,Contract,12,Office,8693
NX01954,Lisa Walker,lisa.walker1954@nexacore.com,Customer Success,Account Management,CS Director,C4,,,"Pune, India",2015-08-18,Part-Time,31,Hybrid,3221
NX01955,Pedro Perez,pedro.perez1955@nexacore.com,Finance,Treasury,Finance Manager,F3,NX01847,Markus Jensen,"Frankfurt, Germany",2020-04-27,Full-Time,22,Hybrid,8224
NX01956,Haruto Nguyen,haruto.nguyen1956@nexacore.com,Customer Success,Onboarding,Customer Success Manager,C2,NX01541,Ashley Philips,"Frankfurt, Germany",2022-09-07,Part-Time,17,Office,7061
NX01957,Arjun Gupta,arjun.gupta1957@nexacore.com,Engineering,Cloud Infrastructure,Principal Engineer,E5,,,"Boston, US",2015-06-17,Part-Time,26,Office,6254
NX01958,Manish White,manish.white1958@nexacore.com,Sales,Enterprise Sales,Sales Development Rep,S1,NX03957,Pedro Schmidt,"Manchester, UK",2025-08-04,Contract,12,Office,7844
NX01959,Grace Meier,grace.meier1959@nexacore.com,Marketing,Product Marketing,Marketing Director,M4,NX01360,Antoine Petrov,"San Francisco, US",2013-03-29,Contract,35,Hybrid,9021
NX01960,Mira Green,mira.green1960@nexacore.com,Operations,Supply Chain,Operations Specialist,O2,NX01744,Laura Hughes,"Austin, US",2023-05-10,Part-Time,13,Hybrid,1662
NX01961,Liam Wright,liam.wright1961@nexacore.com,Operations,Procurement,Operations Analyst,O1,NX02163,Grace Hall,"Hyderabad, India",2025-04-29,Full-Time,14,Office,1174
NX01962,Alec Kumar,alec.kumar1962@nexacore.com,Sales,Presales,Senior Account Executive,S3,NX02479,Milan Hall,"San Francisco, US",2022-04-06,Full-Time,21,Office,7146
NX01963,Nicolas Meier,nicolas.meier1963@nexacore.com,Customer Success,Renewals,Customer Success Manager,C2,NX05346,Alejandro Wright,"Berlin, Germany",2024-05-15,Part-Time,12,Hybrid,4160
NX01964,Tanvi Klein,tanvi.klein1964@nexacore.com,Data & Analytics,ML & AI,Data Analyst,D1,NX01787,Priya Sanchez,"Hyderabad, India",2024-09-24,Full-Time,18,Remote,9336
NX01965,Clara Becker,clara.becker1965@nexacore.com,Engineering,Cloud Infrastructure,Software Engineer,E2,NX02194,Daniel Williams,"Pune, India",2024-01-24,Full-Time,21,Hybrid,4882
NX01966,Beatrice Clark,beatrice.clark1966@nexacore.com,IT Support,End-User Computing,Senior IT Engineer,T3,NX01079,Nora Murphy,"Bangalore, India",2016-05-27,Part-Time,30,Hybrid,3559
NX01967,Shreya Sharma,shreya.sharma1967@nexacore.com,Engineering,Mobile & Web,Associate Engineer,E1,NX05951,Patrick Sanchez,"Pune, India",2025-01-25,Contract,20,Hybrid,2329
NX01968,Henrik Das,henrik.das1968@nexacore.com,Product,Core Product,Product Manager,P2,NX04662,Fiona Liu,"Bangalore, India",2023-08-18,Full-Time,23,Remote,7338
NX01969,Mohamed Sharma,mohamed.sharma1969@nexacore.com,Sales,SMB Sales,Sales Director,S5,,,"Frankfurt, Germany",2012-12-04,Full-Time,30,Remote,8687
NX01970,Luka Wilson,luka.wilson1970@nexacore.com,Product,Core Product,Associate PM,P1,NX02547,Jana Rodriguez,"Munich, Germany",2025-11-27,Full-Time,18,Office,5313
NX01971,Emma Roberts,emma.roberts1971@nexacore.com,IT Support,Security Operations,Senior IT Engineer,T3,NX01235,Eva Walker,"San Francisco, US",2019-01-11,Part-Time,20,Hybrid,4064
NX01972,Mohamed Yamada,mohamed.yamada1972@nexacore.com,Engineering,Cloud Infrastructure,Staff Engineer,E4,NX02281,Samuel Jensen,"New York, US",2017-01-22,Full-Time,22,Remote,9301
NX01973,Luka Hughes,luka.hughes1973@nexacore.com,Customer Success,Renewals,Customer Success Manager,C2,NX05154,Ethan Meier,"Seattle, US",2023-07-28,Full-Time,17,Remote,5611
NX01974,Gabriel Chen,gabriel.chen1974@nexacore.com,Product,Core Product,Principal PM,P4,NX01286,Linda Hansen,"Hyderabad, India",2015-10-14,Full-Time,22,Hybrid,2309
NX01975,Sarah Bauer,sarah.bauer1975@nexacore.com,HR,Talent Acquisition,Senior HR Specialist,H3,NX02289,Saanvi Shah,"London, UK",2019-01-16,Contract,33,Hybrid,5299
NX01976,Mira Nguyen,mira.nguyen1976@nexacore.com,Marketing,Product Marketing,Marketing Specialist,M2,NX01579,Jason Green,"Frankfurt, Germany",2023-01-15,Full-Time,17,Office,9944
NX01977,Ishan Jensen,ishan.jensen1977@nexacore.com,Engineering,QA & Testing,Senior Software Engineer,E3,NX03169,Ashley Kapoor,"New York, US",2022-08-08,Full-Time,13,Remote,6314
NX01978,Ravi Patel,ravi.patel1978@nexacore.com,Data & Analytics,Data Governance,Data Scientist,D3,NX01787,Priya Sanchez,"Munich, Germany",2018-07-17,Full-Time,22,Hybrid,1401
NX01979,Elena Lewis,elena.lewis1979@nexacore.com,HR,HR Business Partnering,HR Coordinator,H1,NX02324,Devika Meier,"Chennai, India",2025-08-22,Full-Time,11,Hybrid,3830
NX01980,Eva Sandoval,eva.sandoval1980@nexacore.com,Sales,SMB Sales,Senior Account Executive,S3,NX03142,Jason Walker,"San Francisco, US",2022-04-16,Full-Time,21,Hybrid,6526
NX01981,James Becker,james.becker1981@nexacore.com,Engineering,DevOps & SRE,Staff Engineer,E4,NX02579,Kiara Garcia,"Edinburgh, UK",2017-02-10,Full-Time,18,Hybrid,5549
NX01982,Kabir Hansen,kabir.hansen1982@nexacore.com,Product,Analytics,Principal PM,P4,NX01878,Kiara Singh,"Frankfurt, Germany",2014-08-16,Full-Time,20,Office,1979
NX01983,Oliver Davis,oliver.davis1983@nexacore.com,Engineering,Platform Engineering,Staff Engineer,E4,NX02374,Nicolas Harris,"London, UK",2020-02-25,Part-Time,21,Office,9499
NX01984,Thomas Hughes,thomas.hughes1984@nexacore.com,Marketing,Content & SEO,Senior Marketing Manager,M3,NX01180,Martin Das,"Frankfurt, Germany",2019-11-13,Full-Time,24,Hybrid,8028
NX01985,David Santos,david.santos1985@nexacore.com,Operations,Business Operations,Senior Operations Mgr,O3,NX02307,Maya Sharma,"Singapore, Singapore",2018-09-04,Full-Time,31,Hybrid,7054
NX01986,Sofia Chen,sofia.chen1986@nexacore.com,Legal,Corporate Legal,Legal Analyst,L1,NX01295,Pedro Moore,"Munich, Germany",2023-06-10,Full-Time,15,Office,4824
NX01987,Milan Singh,milan.singh1987@nexacore.com,Data & Analytics,Data Governance,Data Scientist,D3,NX04541,Chen Lopez,"Seattle, US",2020-06-19,Contract,25,Hybrid,3082
NX01988,Mohamed Sharma,mohamed.sharma1988@nexacore.com,Marketing,Demand Generation,Senior Marketing Manager,M3,NX01432,Wei Varma,"Austin, US",2020-07-25,Full-Time,31,Office,6135
NX01989,Uma Davies,uma.davies1989@nexacore.com,Legal,IP & Compliance,Legal Analyst,L1,NX05110,Karan Johnson,"Chennai, India",2024-10-11,Contract,16,Hybrid,5358
NX01990,Arjun Nguyen,arjun.nguyen1990@nexacore.com,Engineering,DevOps & SRE,Software Engineer,E2,NX03368,Shreya Perez,"San Francisco, US",2024-03-31,Full-Time,24,Remote,8761
NX01991,Kevin Jain,kevin.jain1991@nexacore.com,Marketing,Brand & Communications,Marketing Specialist,M2,NX03299,Ananya Shah,"London, UK",2021-06-10,Full-Time,21,Office,6243
NX01992,Sven Lewis,sven.lewis1992@nexacore.com,Engineering,QA & Testing,Principal Engineer,E5,,,"San Francisco, US",2014-04-03,Part-Time,32,Hybrid,5843
NX01993,Anna Wood,anna.wood1993@nexacore.com,Sales,SMB Sales,Account Executive,S2,NX03068,Elena Mendes,"Singapore, Singapore",2023-06-24,Contract,12,Hybrid,1178
NX01994,Markus Kaur,markus.kaur1994@nexacore.com,Marketing,Demand Generation,Marketing Coordinator,M1,NX01670,Wei Miller,"Chennai, India",2025-05-20,Full-Time,11,Hybrid,7904
NX01995,Axel Mendes,axel.mendes1995@nexacore.com,Data & Analytics,Data Governance,Senior Data Analyst,D2,NX01787,Priya Sanchez,"Chennai, India",2022-05-15,Full-Time,15,Remote,6146
NX01996,Chen Kim,chen.kim1996@nexacore.com,Engineering,DevOps & SRE,Staff Engineer,E4,NX01482,Oliver Lewis,"Seattle, US",2020-02-24,Full-Time,28,Remote,3105
NX01997,Mohamed Becker,mohamed.becker1997@nexacore.com,Finance,FP&A,Senior Finance Analyst,F2,NX02373,Oliver Nguyen,"Mumbai, India",2021-06-28,Full-Time,19,Office,7144
NX01998,Alex Sharma,alex.sharma1998@nexacore.com,Marketing,Content & SEO,Marketing Specialist,M2,NX03299,Ananya Shah,"London, UK",2022-10-16,Full-Time,26,Hybrid,5635
NX01999,Mohamed Ross,mohamed.ross1999@nexacore.com,Data & Analytics,Data Engineering,Data Scientist,D3,NX04738,Samuel Fischer,"Singapore, Singapore",2018-10-31,Full-Time,20,Remote,2046
NX02000,Arjun Fischer,arjun.fischer2000@nexacore.com,Product,Growth,Principal PM,P4,NX05503,William Brown,"Pune, India",2014-11-02,Contract,33,Hybrid,6903
NX02001,Olivia Lopez,olivia.lopez2001@nexacore.com,Engineering,Platform Engineering,Senior Software Engineer,E3,NX05556,Luka Davis,"Berlin, Germany",2021-04-25,Full-Time,30,Hybrid,9596
NX02002,Robert Smith,robert.smith2002@nexacore.com,Operations,Procurement,Senior Operations Mgr,O3,NX01727,Jessica Scott,"Chennai, India",2017-05-28,Contract,30,Hybrid,2888
NX02003,Laura Jensen,laura.jensen2003@nexacore.com,Sales,SMB Sales,Senior Account Executive,S3,NX03317,Anita Martin,"Mumbai, India",2020-09-12,Part-Time,12,Remote,4694
NX02004,Sophie Brown,sophie.brown2004@nexacore.com,Data & Analytics,Data Engineering,Lead Data Scientist,D4,NX01389,Kate Hughes,"Austin, US",2014-05-29,Full-Time,19,Hybrid,6234
NX02005,Mohamed Miller,mohamed.miller2005@nexacore.com,Finance,Treasury,Finance Manager,F3,NX01248,Patrick Kaur,"Bangalore, India",2021-04-21,Contract,18,Hybrid,2113
NX02006,Ananya Harris,ananya.harris2006@nexacore.com,Finance,FP&A,Finance Manager,F3,NX01248,Patrick Kaur,"San Francisco, US",2021-05-01,Full-Time,29,Office,7031
NX02007,Uma Green,uma.green2007@nexacore.com,Engineering,DevOps & SRE,Associate Engineer,E1,NX03925,Stefan Williams,"San Francisco, US",2025-10-28,Full-Time,10,Office,5610
NX02008,Leo Rodriguez,leo.rodriguez2008@nexacore.com,Engineering,Mobile & Web,Staff Engineer,E4,NX01660,Amara Gonzalez,"Singapore, Singapore",2017-01-14,Full-Time,27,Hybrid,6480
NX02009,James Lim,james.lim2009@nexacore.com,Customer Success,Support Engineering,Customer Success Manager,C2,NX03687,Karl Young,"Edinburgh, UK",2023-03-19,Full-Time,13,Remote,9385
NX02010,Ravi Hoffmann,ravi.hoffmann2010@nexacore.com,Marketing,Demand Generation,Senior Marketing Manager,M3,NX01834,William Gonzalez,"Pune, India",2017-07-13,Full-Time,29,Office,4279
NX02011,Markus Walker,markus.walker2011@nexacore.com,Operations,Business Operations,Operations Analyst,O1,NX01118,Sarah Rodriguez,"Boston, US",2025-01-16,Full-Time,20,Office,5134
NX02012,Jonas Price,jonas.price2012@nexacore.com,Operations,Supply Chain,Senior Operations Mgr,O3,NX01551,Patrick Sharma,"Boston, US",2017-02-13,Full-Time,25,Hybrid,4380
NX02013,Tina Williams,tina.williams2013@nexacore.com,Sales,Presales,Senior Account Executive,S3,NX03431,Anita Peters,"London, UK",2020-03-17,Full-Time,18,Office,8867
NX02014,Luka Thompson,luka.thompson2014@nexacore.com,Engineering,Cloud Infrastructure,Principal Engineer,E5,,,"Hyderabad, India",2016-02-07,Contract,35,Hybrid,1819
NX02015,Aisha Kim,aisha.kim2015@nexacore.com,Customer Success,Onboarding,Senior CSM,C3,NX02097,Jason Clark,"Boston, US",2018-08-12,Full-Time,30,Office,2593
NX02016,Anita Mendes,anita.mendes2016@nexacore.com,IT Support,End-User Computing,IT Manager,T4,,,"San Francisco, US",2016-04-30,Full-Time,27,Remote,7840
NX02017,Alejandro Kumar,alejandro.kumar2017@nexacore.com,Engineering,Platform Engineering,Senior Software Engineer,E3,NX02989,Harry Hansen,"Pune, India",2023-04-24,Full-Time,21,Hybrid,2971
NX02018,Amara Perez,amara.perez2018@nexacore.com,Sales,SMB Sales,Sales Manager,S4,NX04644,Chen Green,"Bangalore, India",2018-09-15,Full-Time,17,Hybrid,5475
NX02019,Liam Becker,liam.becker2019@nexacore.com,Engineering,QA & Testing,Staff Engineer,E4,NX02177,Diego Becker,"Frankfurt, Germany",2019-02-27,Full-Time,33,Remote,7513
NX02020,Paul Bennet,paul.bennet2020@nexacore.com,Customer Success,Onboarding,Customer Success Manager,C2,NX04048,Samuel Muller,"Frankfurt, Germany",2022-02-10,Full-Time,28,Office,2032
NX02021,Lisa Weber,lisa.weber2021@nexacore.com,Engineering,Mobile & Web,Associate Engineer,E1,NX01567,Mohamed Zhang,"Frankfurt, Germany",2025-06-27,Full-Time,18,Hybrid,4847
NX02022,Sarah Anderson,sarah.anderson2022@nexacore.com,Engineering,Platform Engineering,Senior Software Engineer,E3,NX02858,Tina Murphy,"Berlin, Germany",2021-05-16,Contract,30,Remote,5694
NX02023,Pankaj Das,pankaj.das2023@nexacore.com,Product,Platform,Product Manager,P2,NX04102,Zara Das,"Munich, Germany",2024-02-11,Full-Time,14,Office,9859
NX02024,Ethan Lim,ethan.lim2024@nexacore.com,HR,L&D,HR Generalist,H2,NX01706,Ayesha Foster,"Berlin, Germany",2022-03-01,Full-Time,18,Office,5791
NX02025,Ethan Turner,ethan.turner2025@nexacore.com,Engineering,DevOps & SRE,Software Engineer,E2,NX02175,Harry Naidu,"Berlin, Germany",2024-10-04,Full-Time,21,Office,6452
NX02026,Olivia Smith,olivia.smith2026@nexacore.com,Product,Analytics,Product Manager,P2,NX01647,Nikita Kaur,"Munich, Germany",2024-02-27,Contract,15,Remote,9296
NX02027,Ethan Santos,ethan.santos2027@nexacore.com,Engineering,Mobile & Web,Principal Engineer,E5,,,"New York, US",2013-06-24,Contract,29,Hybrid,7493
NX02028,Axel Murphy,axel.murphy2028@nexacore.com,Product,Core Product,Senior Product Manager,P3,NX01111,David Bennet,"Singapore, Singapore",2021-01-16,Contract,31,Hybrid,5173
NX02029,Gaurav Wood,gaurav.wood2029@nexacore.com,Engineering,Cloud Infrastructure,Senior Software Engineer,E3,NX01052,Liam Liu,"London, UK",2022-10-19,Full-Time,16,Hybrid,9985
NX02030,Raj Rao,raj.rao2030@nexacore.com,Engineering,DevOps & SRE,Staff Engineer,E4,NX01042,Shirin Price,"Austin, US",2018-05-06,Contract,32,Hybrid,4699
NX02031,Shirin Garcia,shirin.garcia2031@nexacore.com,IT Support,Security Operations,IT Manager,T4,,,"San Francisco, US",2015-12-14,Part-Time,29,Hybrid,9113
NX02032,Emma Clark,emma.clark2032@nexacore.com,Engineering,Mobile & Web,Staff Engineer,E4,NX01253,Lena Sanchez,"Austin, US",2017-03-21,Full-Time,32,Hybrid,4129
NX02033,Alex Becker,alex.becker2033@nexacore.com,Operations,Supply Chain,Operations Specialist,O2,NX05764,Anjali Evans,"Boston, US",2023-12-08,Full-Time,23,Hybrid,2098
NX02034,Kiara Nguyen,kiara.nguyen2034@nexacore.com,Engineering,Platform Engineering,Senior Software Engineer,E3,NX04380,Simon Williams,"Berlin, Germany",2022-02-17,Full-Time,20,Remote,6622
NX02035,Rafael Mendes,rafael.mendes2035@nexacore.com,Engineering,Cloud Infrastructure,Staff Engineer,E4,NX02062,Valentina Scott,"Boston, US",2020-04-24,Full-Time,15,Office,1686
NX02036,Tanvi Bhatt,tanvi.bhatt2036@nexacore.com,Customer Success,Renewals,Customer Success Manager,C2,NX02440,Tobias Foster,"London, UK",2023-05-30,Full-Time,15,Hybrid,9831
NX02037,Blake Naidu,blake.naidu2037@nexacore.com,IT Support,Security Operations,IT Manager,T4,,,"Manchester, UK",2012-06-08,Part-Time,34,Office,8986
NX02038,Beatrice Perez,beatrice.perez2038@nexacore.com,HR,L&D,Senior HR Specialist,H3,NX01841,Liam Jensen,"Hyderabad, India",2018-09-11,Full-Time,32,Hybrid,8449
NX02039,Pedro Wright,pedro.wright2039@nexacore.com,Engineering,Mobile & Web,Associate Engineer,E1,NX01101,Sebastian Petrov,"Austin, US",2025-04-29,Contract,15,Office,8392
NX02040,Jonas Scott,jonas.scott2040@nexacore.com,Engineering,DevOps & SRE,Software Engineer,E2,NX02319,Alex Fischer,"Pune, India",2024-05-10,Full-Time,25,Remote,9295
NX02041,Sara Chen,sara.chen2041@nexacore.com,Legal,Employment Law,Senior Counsel,L3,NX03445,Lars Philips,"New York, US",2019-01-26,Full-Time,18,Hybrid,1798
NX02042,Kiara Sanchez,kiara.sanchez2042@nexacore.com,Sales,Enterprise Sales,Sales Manager,S4,NX02915,James Hoffmann,"Singapore, Singapore",2015-10-09,Full-Time,30,Hybrid,1652
NX02043,Manish Santos,manish.santos2043@nexacore.com,Legal,IP & Compliance,Legal Analyst,L1,NX01908,Sebastian Yamada,"Berlin, Germany",2024-03-02,Full-Time,23,Remote,4262
NX02044,Stefan Petrov,stefan.petrov2044@nexacore.com,Sales,SMB Sales,Sales Manager,S4,NX02439,Lars Liu,"Bangalore, India",2017-06-27,Full-Time,30,Remote,7172
NX02045,Andrea Kumar,andrea.kumar2045@nexacore.com,Customer Success,Account Management,Senior CSM,C3,NX01515,Jessica Lewis,"Austin, US",2020-05-19,Full-Time,26,Remote,8285
NX02046,Clara Davies,clara.davies2046@nexacore.com,Sales,SMB Sales,Sales Director,S5,,,"Chennai, India",2013-06-04,Full-Time,17,Remote,1387
NX02047,Samuel Philips,samuel.philips2047@nexacore.com,Engineering,Mobile & Web,Senior Software Engineer,E3,NX02749,Sven Hall,"Berlin, Germany",2020-12-21,Full-Time,20,Remote,9904
NX02048,Chen Murphy,chen.murphy2048@nexacore.com,Sales,Presales,Senior Account Executive,S3,NX04117,Jonas Naidu,"Mumbai, India",2020-08-31,Full-Time,29,Office,2067
NX02049,Beatrice Kaur,beatrice.kaur2049@nexacore.com,Data & Analytics,ML & AI,Lead Data Scientist,D4,NX02347,Anjali Scott,"Frankfurt, Germany",2015-04-26,Full-Time,31,Office,2982
NX02050,Alex Gonzalez,alex.gonzalez2050@nexacore.com,Engineering,Platform Engineering,Senior Software Engineer,E3,NX02412,Samuel Lee,"New York, US",2021-10-03,Part-Time,15,Hybrid,5309
NX02051,Sophie Chen,sophie.chen2051@nexacore.com,Customer Success,Account Management,CS Associate,C1,NX02365,Lucas Naidu,"Berlin, Germany",2025-04-06,Full-Time,21,Office,5920
NX02052,Diego Wright,diego.wright2052@nexacore.com,Product,Analytics,Senior Product Manager,P3,NX05503,William Brown,"Bangalore, India",2021-03-08,Full-Time,28,Hybrid,9594
NX02053,Leo Sanchez,leo.sanchez2053@nexacore.com,Sales,Enterprise Sales,Sales Manager,S4,NX05913,Markus Petrov,"Boston, US",2015-04-17,Full-Time,20,Hybrid,4498
NX02054,Ishan Thomas,ishan.thomas2054@nexacore.com,Marketing,Content & SEO,Marketing Coordinator,M1,NX01616,Rahul Chen,"Frankfurt, Germany",2024-08-20,Full-Time,15,Hybrid,9870
NX02055,Aryan Foster,aryan.foster2055@nexacore.com,Data & Analytics,Business Intelligence,Senior Data Analyst,D2,NX01099,Elena Liu,"Singapore, Singapore",2021-06-30,Full-Time,24,Hybrid,5047
NX02056,Riya Sharma,riya.sharma2056@nexacore.com,Engineering,Mobile & Web,Associate Engineer,E1,NX01369,Uma Weber,"Austin, US",2025-01-02,Full-Time,23,Office,6250
NX02057,Raj Bennet,raj.bennet2057@nexacore.com,Sales,SMB Sales,Senior Account Executive,S3,NX02164,Karan Muller,"Manchester, UK",2020-02-06,Full-Time,26,Office,3086
NX02058,Sophie Scott,sophie.scott2058@nexacore.com,Marketing,Content & SEO,Senior Marketing Manager,M3,NX01475,Alejandro Brown,"New York, US",2021-01-11,Full-Time,29,Office,8090
NX02059,Amara Murphy,amara.murphy2059@nexacore.com,Operations,Supply Chain,Senior Operations Mgr,O3,NX01675,Ryan Klein,"Hyderabad, India",2018-01-26,Part-Time,17,Hybrid,5544
NX02060,Rahul Kim,rahul.kim2060@nexacore.com,Sales,Presales,Senior Account Executive,S3,NX01935,Antoine Jain,"London, UK",2020-02-08,Full-Time,24,Office,8699
NX02061,Uma Petrov,uma.petrov2061@nexacore.com,Product,Analytics,Associate PM,P1,NX02052,Diego Wright,"Chennai, India",2024-09-12,Full-Time,18,Hybrid,9728
NX02062,Valentina Scott,valentina.scott2062@nexacore.com,Engineering,Platform Engineering,Principal Engineer,E5,,,"Seattle, US",2014-12-11,Part-Time,25,Hybrid,9413
NX02063,Kabir Lewis,kabir.lewis2063@nexacore.com,Engineering,Mobile & Web,Senior Software Engineer,E3,NX02600,Beatrice Murphy,"Austin, US",2022-08-24,Contract,21,Hybrid,6488
NX02064,Valentina Turner,valentina.turner2064@nexacore.com,Sales,Presales,Senior Account Executive,S3,NX04232,Ethan Turner,"Seattle, US",2021-12-11,Full-Time,23,Office,3281
NX02065,Maria Hansen,maria.hansen2065@nexacore.com,Engineering,Mobile & Web,Staff Engineer,E4,NX01530,Pedro Desai,"London, UK",2020-06-05,Full-Time,30,Office,5775
NX02066,Kevin Hoffmann,kevin.hoffmann2066@nexacore.com,IT Support,Security Operations,Senior IT Engineer,T3,NX02162,Zara Davis,"London, UK",2017-06-26,Full-Time,28,Remote,7416
NX02067,Stefan White,stefan.white2067@nexacore.com,Operations,Facilities,Operations Specialist,O2,NX01886,Mohamed Wood,"Munich, Germany",2024-03-31,Contract,23,Hybrid,5137
NX02068,David Meyer,david.meyer2068@nexacore.com,Sales,Presales,Sales Manager,S4,NX01969,Mohamed Sharma,"Bangalore, India",2017-06-14,Full-Time,20,Hybrid,8450
NX02069,Linda Price,linda.price2069@nexacore.com,HR,HR Business Partnering,HR Manager,H4,,,"San Francisco, US",2013-04-13,Full-Time,20,Hybrid,2770
NX02070,Sofia Nair,sofia.nair2070@nexacore.com,Data & Analytics,Data Governance,Senior Data Analyst,D2,NX04405,Shirin Petrov,"London, UK",2024-01-01,Full-Time,24,Hybrid,1672
NX02071,Arjun Kim,arjun.kim2071@nexacore.com,Sales,Enterprise Sales,Sales Manager,S4,NX04644,Chen Green,"Seattle, US",2015-03-07,Full-Time,22,Hybrid,4356
NX02072,Ananya Thomas,ananya.thomas2072@nexacore.com,Marketing,Brand & Communications,Marketing Director,M4,NX01572,Ethan Patel,"Bangalore, India",2013-07-03,Full-Time,27,Hybrid,5656
NX02073,Saanvi Johnson,saanvi.johnson2073@nexacore.com,Sales,SMB Sales,Senior Account Executive,S3,NX03431,Anita Peters,"Austin, US",2020-07-16,Contract,14,Office,6792
NX02074,Karl Garcia,karl.garcia2074@nexacore.com,Engineering,Platform Engineering,Staff Engineer,E4,NX01738,Grace Bauer,"London, UK",2017-07-03,Full-Time,23,Hybrid,4328
NX02075,Zara Scott,zara.scott2075@nexacore.com,Operations,Supply Chain,Senior Operations Mgr,O3,NX01273,Emma Mendes,"New York, US",2018-07-06,Full-Time,20,Office,3040
NX02076,Bernd Jones,bernd.jones2076@nexacore.com,Product,Analytics,Senior Product Manager,P3,NX01196,Harry Kaur,"Austin, US",2020-01-25,Full-Time,28,Office,4610
NX02077,Lisa Davis,lisa.davis2077@nexacore.com,Operations,Supply Chain,Operations Specialist,O2,NX01837,Aisha Jain,"Austin, US",2021-10-29,Part-Time,11,Hybrid,7335
NX02078,Sarah Hughes,sarah.hughes2078@nexacore.com,Customer Success,Account Management,Senior CSM,C3,NX04919,Paola Thomas,"Pune, India",2018-11-12,Full-Time,31,Office,7299
NX02079,Pedro Becker,pedro.becker2079@nexacore.com,Legal,Employment Law,Associate Counsel,L2,NX01295,Pedro Moore,"Seattle, US",2021-04-17,Full-Time,15,Remote,6608
NX02080,Mohamed Becker,mohamed.becker2080@nexacore.com,Engineering,DevOps & SRE,Staff Engineer,E4,NX01992,Sven Lewis,"Singapore, Singapore",2016-12-28,Contract,29,Office,7110
NX02081,Emma Weber,emma.weber2081@nexacore.com,Marketing,Brand & Communications,Marketing Specialist,M2,NX05566,Alex Gonzalez,"Edinburgh, UK",2023-10-21,Full-Time,14,Office,7637
NX02082,Linda Jones,linda.jones2082@nexacore.com,IT Support,Security Operations,Senior IT Engineer,T3,NX01160,Leo Becker,"Boston, US",2020-03-14,Full-Time,33,Office,4998
NX02083,Antoine Nguyen,antoine.nguyen2083@nexacore.com,HR,Talent Acquisition,HR Generalist,H2,NX05926,Amelia Liu,"Edinburgh, UK",2022-08-01,Contract,12,Hybrid,8148
NX02084,Sarah Naidu,sarah.naidu2084@nexacore.com,Marketing,Brand & Communications,Marketing Specialist,M2,NX04421,Rebecca Peters,"Berlin, Germany",2023-08-19,Full-Time,17,Hybrid,8840
NX02085,Freya Green,freya.green2085@nexacore.com,Marketing,Demand Generation,Senior Marketing Manager,M3,NX01834,William Gonzalez,"Singapore, Singapore",2017-06-06,Contract,34,Office,7249
NX02086,Pankaj Carter,pankaj.carter2086@nexacore.com,Engineering,Cloud Infrastructure,Software Engineer,E2,NX03038,Andrea Lewis,"Hyderabad, India",2024-08-29,Part-Time,6,Hybrid,1820
NX02087,Kiara Cruz,kiara.cruz2087@nexacore.com,Marketing,Product Marketing,Marketing Specialist,M2,NX01094,Gabriel Weber,"Munich, Germany",2024-04-17,Full-Time,17,Hybrid,4047
NX02088,Kabir Muller,kabir.muller2088@nexacore.com,Operations,Facilities,Operations Specialist,O2,NX01374,Riya Yamada,"New York, US",2023-08-21,Contract,24,Hybrid,3882
NX02089,Luka Robinson,luka.robinson2089@nexacore.com,Finance,Treasury,Finance Analyst,F1,NX01560,Linda Lewis,"Berlin, Germany",2025-07-22,Full-Time,18,Hybrid,2262
NX02090,Arjun Zhang,arjun.zhang2090@nexacore.com,Engineering,Platform Engineering,Software Engineer,E2,NX02385,Jessica Patel,"Seattle, US",2024-06-06,Full-Time,14,Office,3931
NX02091,Fiona Reed,fiona.reed2091@nexacore.com,Product,Growth,Principal PM,P4,NX01335,Shreya Patel,"Austin, US",2016-09-01,Full-Time,27,Hybrid,9409
NX02092,Alejandro Pillai,alejandro.pillai2092@nexacore.com,Engineering,QA & Testing,Software Engineer,E2,NX04592,Sebastian Bauer,"Mumbai, India",2024-02-06,Full-Time,21,Hybrid,3167
NX02093,Karan Schmidt,karan.schmidt2093@nexacore.com,Customer Success,Support Engineering,Customer Success Manager,C2,NX02301,Leo Mitchell,"Seattle, US",2021-08-30,Full-Time,26,Hybrid,5066
NX02094,Gabriel Singh,gabriel.singh2094@nexacore.com,Engineering,QA & Testing,Software Engineer,E2,NX02262,Zara Garcia,"Mumbai, India",2024-05-10,Full-Time,11,Office,9665
NX02095,Tanvi Turner,tanvi.turner2095@nexacore.com,Engineering,DevOps & SRE,Principal Engineer,E5,,,"Edinburgh, UK",2014-01-28,Contract,19,Office,6798
NX02096,Ravi Yamada,ravi.yamada2096@nexacore.com,Legal,IP & Compliance,Associate Counsel,L2,NX02041,Sara Chen,"Singapore, Singapore",2021-03-18,Full-Time,27,Hybrid,1596
NX02097,Jason Clark,jason.clark2097@nexacore.com,Customer Success,Support Engineering,CS Director,C4,,,"Boston, US",2015-09-22,Full-Time,23,Office,5907
NX02098,Patrick Bennet,patrick.bennet2098@nexacore.com,Sales,Sales Operations,Account Executive,S2,NX02278,Sneha Reed,"Frankfurt, Germany",2023-09-15,Full-Time,21,Hybrid,8371
NX02099,Elena Taylor,elena.taylor2099@nexacore.com,Sales,Sales Operations,Sales Development Rep,S1,NX02422,Kate Mendes,"Edinburgh, UK",2025-08-22,Full-Time,14,Hybrid,5143
NX02100,Sven Moore,sven.moore2100@nexacore.com,Sales,Presales,Senior Account Executive,S3,NX03205,Jana Kaur,"Munich, Germany",2021-08-09,Full-Time,28,Hybrid,5020
NX02101,Ethan Singh,ethan.singh2101@nexacore.com,HR,Talent Acquisition,HR Generalist,H2,NX02709,Kevin Mitchell,"Boston, US",2022-08-01,Full-Time,15,Hybrid,8100
NX02102,Ashley Santos,ashley.santos2102@nexacore.com,Engineering,Mobile & Web,Senior Software Engineer,E3,NX01637,Benjamin Sandoval,"Manchester, UK",2021-06-03,Contract,16,Office,2110
NX02103,Oliver Liu,oliver.liu2103@nexacore.com,Finance,Accounting,Finance Analyst,F1,NX01350,Chen Martinez,"Boston, US",2025-10-09,Contract,19,Hybrid,5417
NX02104,Anna Bennet,anna.bennet2104@nexacore.com,Operations,Business Operations,Operations Specialist,O2,NX01619,Mohamed Young,"Singapore, Singapore",2021-10-03,Full-Time,15,Hybrid,6684
NX02105,Mona Klein,mona.klein2105@nexacore.com,Customer Success,Support Engineering,Customer Success Manager,C2,NX01723,Samuel Naidu,"Mumbai, India",2024-06-06,Contract,10,Office,8100
NX02106,Usha Bhatt,usha.bhatt2106@nexacore.com,Product,Core Product,Senior Product Manager,P3,NX05189,Mohamed Nielsen,"Chennai, India",2019-07-08,Full-Time,25,Hybrid,3358
NX02107,Emma Young,emma.young2107@nexacore.com,Legal,Corporate Legal,Associate Counsel,L2,NX04535,Noah Carter,"Hyderabad, India",2023-04-06,Contract,26,Office,1721
NX02108,Martin Bauer,martin.bauer2108@nexacore.com,Data & Analytics,Business Intelligence,Senior Data Analyst,D2,NX01072,Hannah Sharma,"San Francisco, US",2023-11-15,Full-Time,21,Office,7994
NX02109,Lars Hoffmann,lars.hoffmann2109@nexacore.com,Sales,Enterprise Sales,Account Executive,S2,NX03234,Sneha Rodriguez,"Hyderabad, India",2023-05-01,Full-Time,25,Hybrid,4589
NX02110,Simon Green,simon.green2110@nexacore.com,Finance,Treasury,Senior Finance Analyst,F2,NX05497,Rebecca Jensen,"Pune, India",2021-08-05,Full-Time,19,Remote,7096
NX02111,Sneha Kaur,sneha.kaur2111@nexacore.com,Sales,Sales Operations,Senior Account Executive,S3,NX03779,Gabriel Jensen,"London, UK",2019-05-24,Contract,17,Hybrid,9520
NX02112,Lisa Santos,lisa.santos2112@nexacore.com,Engineering,Cloud Infrastructure,Senior Software Engineer,E3,NX02312,Leo Garcia,"Austin, US",2021-05-31,Full-Time,15,Office,5924
NX02113,Tina Williams,tina.williams2113@nexacore.com,Operations,Procurement,Senior Operations Mgr,O3,NX02232,Bernd Patel,"Mumbai, India",2017-08-15,Contract,32,Hybrid,3424
NX02114,Julia Jain,julia.jain2114@nexacore.com,IT Support,End-User Computing,Senior IT Engineer,T3,NX01337,Priya Thomas,"Munich, Germany",2019-01-22,Full-Time,24,Hybrid,7760
NX02115,Rajesh Murphy,rajesh.murphy2115@nexacore.com,Engineering,QA & Testing,Software Engineer,E2,NX02438,Akira Taylor,"London, UK",2023-07-02,Full-Time,10,Hybrid,2086
NX02116,Milan Chakraborty,milan.chakraborty2116@nexacore.com,Customer Success,Renewals,Customer Success Manager,C2,NX01541,Ashley Philips,"Edinburgh, UK",2022-02-03,Full-Time,19,Hybrid,7068
NX02117,Daniel Lee,daniel.lee2117@nexacore.com,Finance,Accounting,Finance Manager,F3,NX01589,Sebastian Reddy,"Frankfurt, Germany",2020-05-04,Full-Time,20,Office,4852
NX02118,Luka Jones,luka.jones2118@nexacore.com,Customer Success,Account Management,Customer Success Manager,C2,NX05727,Robert Singh,"London, UK",2022-10-30,Full-Time,25,Office,2649
NX02119,Ayesha Cruz,ayesha.cruz2119@nexacore.com,Sales,Enterprise Sales,Senior Account Executive,S3,NX03234,Sneha Rodriguez,"Chennai, India",2021-05-07,Contract,27,Office,1841
NX02120,Aarav Perez,aarav.perez2120@nexacore.com,Customer Success,Account Management,CS Director,C4,,,"Mumbai, India",2013-03-13,Full-Time,24,Hybrid,2433
NX02121,Ananya Green,ananya.green2121@nexacore.com,Customer Success,Support Engineering,CS Director,C4,,,"London, UK",2012-04-13,Full-Time,34,Hybrid,1003
NX02122,Isabel Green,isabel.green2122@nexacore.com,Data & Analytics,Data Governance,Data Scientist,D3,NX05303,Rosa Wright,"Frankfurt, Germany",2020-04-05,Full-Time,17,Hybrid,2174
NX02123,Lucas Fischer,lucas.fischer2123@nexacore.com,Customer Success,Onboarding,Customer Success Manager,C2,NX03687,Karl Young,"Munich, Germany",2024-02-26,Contract,22,Hybrid,9133
NX02124,Julia Walker,julia.walker2124@nexacore.com,Operations,Facilities,Senior Operations Mgr,O3,NX01055,Alex Shah,"Mumbai, India",2019-06-11,Full-Time,18,Hybrid,8413
NX02125,Olivia Price,olivia.price2125@nexacore.com,Operations,Facilities,Senior Operations Mgr,O3,NX01551,Patrick Sharma,"Boston, US",2017-05-26,Part-Time,23,Remote,6067
NX02126,Mona Hoffmann,mona.hoffmann2126@nexacore.com,Engineering,Cloud Infrastructure,Software Engineer,E2,NX01013,Michael Zhou,"Munich, Germany",2024-03-23,Full-Time,24,Remote,2928
NX02127,Ethan Davis,ethan.davis2127@nexacore.com,Product,Analytics,Associate PM,P1,NX04650,Oliver Sanchez,"Chennai, India",2024-10-31,Full-Time,18,Remote,6242
NX02128,Karan White,karan.white2128@nexacore.com,Customer Success,Renewals,CS Director,C4,,,"Berlin, Germany",2015-01-29,Full-Time,18,Hybrid,5956
NX02129,Jaya Perez,jaya.perez2129@nexacore.com,IT Support,Security Operations,IT Support Engineer,T2,NX02158,Bernd Kaur,"Mumbai, India",2022-04-09,Full-Time,27,Hybrid,1801
NX02130,Amelia Kapoor,amelia.kapoor2130@nexacore.com,Engineering,DevOps & SRE,Staff Engineer,E4,NX01170,Michael Patel,"New York, US",2019-07-21,Full-Time,23,Office,8366
NX02131,Diego Lim,diego.lim2131@nexacore.com,Operations,Procurement,Operations Specialist,O2,NX04748,Simon Zhang,"London, UK",2023-12-09,Contract,20,Remote,5105
NX02132,Robert Das,robert.das2132@nexacore.com,HR,HR Business Partnering,HR Manager,H4,,,"London, UK",2016-03-02,Full-Time,19,Hybrid,9115
NX02133,Lisa Harris,lisa.harris2133@nexacore.com,HR,People Operations,Senior HR Specialist,H3,NX01327,Markus Lim,"Berlin, Germany",2019-11-01,Full-Time,23,Hybrid,7111
NX02134,Nikita Anderson,nikita.anderson2134@nexacore.com,Engineering,Platform Engineering,Software Engineer,E2,NX02839,Carlos Sharma,"Frankfurt, Germany",2023-10-10,Contract,17,Hybrid,9697
NX02135,Rahul Reddy,rahul.reddy2135@nexacore.com,Product,Growth,Product Manager,P2,NX01451,Pankaj Kim,"Berlin, Germany",2021-08-29,Part-Time,11,Hybrid,9964
NX02136,Manish Reed,manish.reed2136@nexacore.com,Sales,Presales,Sales Development Rep,S1,NX01666,Kabir Nguyen,"Mumbai, India",2025-07-31,Full-Time,11,Hybrid,2028
NX02137,Sofia Murphy,sofia.murphy2137@nexacore.com,Marketing,Content & SEO,Marketing Specialist,M2,NX01880,Paul Schmidt,"Austin, US",2023-09-09,Full-Time,16,Office,1634
NX02138,Kabir Thompson,kabir.thompson2138@nexacore.com,Engineering,QA & Testing,Associate Engineer,E1,NX01423,Maya Sandoval,"Seattle, US",2025-12-20,Full-Time,21,Hybrid,4633
NX02139,Sebastian Johnson,sebastian.johnson2139@nexacore.com,Operations,Procurement,Operations Director,O4,,,"Bangalore, India",2014-03-17,Full-Time,27,Hybrid,9769
NX02140,Zoe Murphy,zoe.murphy2140@nexacore.com,Engineering,Platform Engineering,Staff Engineer,E4,NX02177,Diego Becker,"Singapore, Singapore",2017-10-15,Part-Time,27,Remote,9136
NX02141,Jessica Reed,jessica.reed2141@nexacore.com,Legal,Employment Law,Senior Counsel,L3,NX03993,Tina Smith,"Boston, US",2015-03-20,Full-Time,18,Hybrid,6383
NX02142,Harry Roberts,harry.roberts2142@nexacore.com,Engineering,Cloud Infrastructure,Software Engineer,E2,NX01624,Omar Zhou,"Bangalore, India",2024-10-13,Part-Time,11,Office,8862
NX02143,Alejandro Davies,alejandro.davies2143@nexacore.com,Marketing,Demand Generation,Marketing Specialist,M2,NX02238,Isabel Green,"Seattle, US",2023-02-17,Full-Time,14,Remote,3651
NX02144,Ryan Hoffmann,ryan.hoffmann2144@nexacore.com,Finance,Accounting,Senior Finance Analyst,F2,NX01916,Vikas Das,"Manchester, UK",2022-12-19,Full-Time,25,Hybrid,2248
NX02145,Fiona Dubois,fiona.dubois2145@nexacore.com,Finance,FP&A,Senior Finance Manager,F4,,,"Austin, US",2014-01-14,Full-Time,21,Hybrid,6530
NX02146,David Pillai,david.pillai2146@nexacore.com,Legal,Employment Law,Associate Counsel,L2,NX02633,Deepa Roberts,"Munich, Germany",2021-05-30,Contract,23,Hybrid,2364
NX02147,Olivia Das,olivia.das2147@nexacore.com,Customer Success,Support Engineering,Senior CSM,C3,NX01894,Maria Jones,"New York, US",2020-10-19,Full-Time,31,Hybrid,2415
NX02148,Antoine Gonzalez,antoine.gonzalez2148@nexacore.com,Sales,SMB Sales,Sales Manager,S4,NX02660,Yuki Garcia,"London, UK",2017-05-18,Full-Time,29,Office,8842
NX02149,Nora Bennet,nora.bennet2149@nexacore.com,Engineering,Mobile & Web,Staff Engineer,E4,NX01895,Henrik Rao,"Edinburgh, UK",2017-06-28,Full-Time,23,Hybrid,4479
NX02150,Gaurav Hansen,gaurav.hansen2150@nexacore.com,Engineering,QA & Testing,Staff Engineer,E4,NX02281,Samuel Jensen,"Frankfurt, Germany",2019-01-15,Contract,28,Remote,9099
NX02151,Shreya Miller,shreya.miller2151@nexacore.com,Engineering,Mobile & Web,Associate Engineer,E1,NX03097,Markus Price,"Manchester, UK",2025-04-24,Full-Time,23,Hybrid,6823
NX02152,Alec Thompson,alec.thompson2152@nexacore.com,Operations,Facilities,Senior Operations Mgr,O3,NX01427,Samuel Martinez,"London, UK",2017-01-10,Full-Time,21,Remote,2396
NX02153,Diego Davies,diego.davies2153@nexacore.com,Operations,Supply Chain,Senior Operations Mgr,O3,NX01923,Jason Roth,"Chennai, India",2020-09-11,Full-Time,21,Office,2962
NX02154,Amelia Singh,amelia.singh2154@nexacore.com,IT Support,IT Operations,Senior IT Engineer,T3,NX01235,Eva Walker,"Austin, US",2017-04-16,Full-Time,34,Office,2746
NX02155,Anjali Kumar,anjali.kumar2155@nexacore.com,Operations,Business Operations,Operations Specialist,O2,NX02258,Aarav Martin,"Seattle, US",2023-03-02,Full-Time,14,Hybrid,2218
NX02156,Wei Meier,wei.meier2156@nexacore.com,Sales,Enterprise Sales,Account Executive,S2,NX03340,Arjun Martin,"Frankfurt, Germany",2023-02-03,Full-Time,27,Remote,5671
NX02157,Mona Hall,mona.hall2157@nexacore.com,Marketing,Brand & Communications,Senior Marketing Manager,M3,NX01475,Alejandro Brown,"Chennai, India",2020-03-30,Contract,22,Office,2857
NX02158,Bernd Kaur,bernd.kaur2158@nexacore.com,IT Support,IT Operations,Senior IT Engineer,T3,NX01337,Priya Thomas,"London, UK",2020-06-14,Full-Time,29,Hybrid,4793
NX02159,Andrei Kim,andrei.kim2159@nexacore.com,Customer Success,Support Engineering,CS Director,C4,,,"Hyderabad, India",2014-11-30,Part-Time,17,Office,5869
NX02160,Markus Davies,markus.davies2160@nexacore.com,Engineering,DevOps & SRE,Software Engineer,E2,NX04171,Maya Rodriguez,"Mumbai, India",2024-09-10,Full-Time,19,Office,1852
NX02161,Elena Chen,elena.chen2161@nexacore.com,Marketing,Brand & Communications,Marketing Coordinator,M1,NX02743,Markus Hughes,"Bangalore, India",2025-03-03,Full-Time,18,Office,7651
NX02162,Zara Davis,zara.davis2162@nexacore.com,IT Support,IT Operations,IT Manager,T4,,,"New York, US",2015-12-09,Contract,33,Office,6473
NX02163,Grace Hall,grace.hall2163@nexacore.com,Operations,Supply Chain,Senior Operations Mgr,O3,NX01891,Lena Foster,"Bangalore, India",2018-09-07,Full-Time,30,Hybrid,9350
NX02164,Karan Muller,karan.muller2164@nexacore.com,Sales,Enterprise Sales,Sales Manager,S4,NX04083,Olivia Scott,"Singapore, Singapore",2017-09-09,Full-Time,29,Office,9071
NX02165,Karl Chakraborty,karl.chakraborty2165@nexacore.com,Operations,Procurement,Operations Specialist,O2,NX01523,Jonas Wright,"San Francisco, US",2022-04-02,Contract,13,Remote,5795
NX02166,Noah Fischer,noah.fischer2166@nexacore.com,Engineering,DevOps & SRE,Senior Software Engineer,E3,NX02596,Karen Dubois,"Berlin, Germany",2023-04-16,Contract,24,Hybrid,7884
NX02167,Lars Smith,lars.smith2167@nexacore.com,Finance,Treasury,Finance Manager,F3,NX01847,Markus Jensen,"Bangalore, India",2020-04-12,Full-Time,25,Office,3100
NX02168,Henrik Smith,henrik.smith2168@nexacore.com,Sales,Enterprise Sales,Sales Development Rep,S1,NX03340,Arjun Martin,"Austin, US",2025-04-01,Full-Time,12,Remote,1762
NX02169,Aryan Varma,aryan.varma2169@nexacore.com,Engineering,DevOps & SRE,Principal Engineer,E5,,,"Chennai, India",2014-03-13,Full-Time,35,Hybrid,4443
NX02170,Chris Wang,chris.wang2170@nexacore.com,HR,Talent Acquisition,HR Generalist,H2,NX04137,Linda Wang,"Berlin, Germany",2023-10-30,Full-Time,21,Hybrid,3019
NX02171,Paola Lim,paola.lim2171@nexacore.com,Engineering,DevOps & SRE,Staff Engineer,E4,NX01149,David Kapoor,"Edinburgh, UK",2019-04-11,Part-Time,20,Office,3390
NX02172,Jason Miller,jason.miller2172@nexacore.com,Engineering,Mobile & Web,Software Engineer,E2,NX01827,Diego Wright,"San Francisco, US",2023-07-06,Part-Time,12,Remote,8167
NX02173,Andrei Kapoor,andrei.kapoor2173@nexacore.com,IT Support,End-User Computing,IT Support Analyst,T1,NX01971,Emma Roberts,"Berlin, Germany",2024-12-10,Full-Time,10,Hybrid,1976
NX02174,Shreya Reddy,shreya.reddy2174@nexacore.com,HR,L&D,HR Manager,H4,,,"San Francisco, US",2016-03-23,Full-Time,26,Hybrid,5576
NX02175,Harry Naidu,harry.naidu2175@nexacore.com,Engineering,Platform Engineering,Staff Engineer,E4,NX02281,Samuel Jensen,"Frankfurt, Germany",2020-05-12,Contract,24,Hybrid,4675
NX02176,Sebastian Harris,sebastian.harris2176@nexacore.com,Legal,Employment Law,Associate Counsel,L2,NX05110,Karan Johnson,"Seattle, US",2023-04-16,Full-Time,20,Office,8178
NX02177,Diego Becker,diego.becker2177@nexacore.com,Engineering,Cloud Infrastructure,Principal Engineer,E5,,,"Frankfurt, Germany",2013-01-08,Full-Time,19,Hybrid,3370
NX02178,Chris Khan,chris.khan2178@nexacore.com,Finance,Tax & Compliance,Finance Analyst,F1,NX01050,Karen Meyer,"Singapore, Singapore",2024-08-05,Full-Time,13,Remote,9462
NX02179,Michael Wright,michael.wright2179@nexacore.com,Operations,Procurement,Operations Director,O4,,,"Bangalore, India",2014-04-27,Full-Time,28,Office,5633
NX02180,Kiara Jones,kiara.jones2180@nexacore.com,Sales,SMB Sales,Account Executive,S2,NX02421,Maya Zhang,"Frankfurt, Germany",2024-04-12,Contract,15,Hybrid,7876
NX02181,Nisha Anderson,nisha.anderson2181@nexacore.com,Customer Success,Renewals,Senior CSM,C3,NX03267,Sophie Sharma,"San Francisco, US",2018-07-31,Full-Time,22,Hybrid,5115
NX02182,Liam Sandoval,liam.sandoval2182@nexacore.com,Customer Success,Account Management,Senior CSM,C3,NX01850,Hannah Rao,"Edinburgh, UK",2020-08-04,Part-Time,21,Office,7224
NX02183,Sneha Shah,sneha.shah2183@nexacore.com,Engineering,Cloud Infrastructure,Staff Engineer,E4,NX02583,Maya Zhang,"Austin, US",2016-08-31,Full-Time,20,Hybrid,4951
NX02184,William Liu,william.liu2184@nexacore.com,Product,Analytics,Associate PM,P1,NX01077,Lucas Murphy,"Austin, US",2025-08-27,Full-Time,20,Office,3244
NX02185,Karen Muller,karen.muller2185@nexacore.com,Engineering,Platform Engineering,Senior Software Engineer,E3,NX01567,Mohamed Zhang,"San Francisco, US",2020-11-13,Full-Time,29,Office,2681
NX02186,Samuel White,samuel.white2186@nexacore.com,Engineering,Cloud Infrastructure,Software Engineer,E2,NX01059,Lena Gupta,"Austin, US",2023-09-25,Part-Time,16,Hybrid,5201
NX02187,Aisha Sandoval,aisha.sandoval2187@nexacore.com,Product,Analytics,Senior Product Manager,P3,NX01286,Linda Hansen,"Pune, India",2020-05-02,Full-Time,27,Remote,2531
NX02188,Nisha Johnson,nisha.johnson2188@nexacore.com,Product,Core Product,Senior Product Manager,P3,NX05189,Mohamed Nielsen,"Hyderabad, India",2020-11-09,Full-Time,24,Office,1723
NX02189,Sofia Walker,sofia.walker2189@nexacore.com,Sales,Sales Operations,Sales Manager,S4,NX04977,Clara Jones,"New York, US",2018-08-13,Part-Time,11,Remote,4544
NX02190,Riya Liu,riya.liu2190@nexacore.com,Sales,Enterprise Sales,Account Executive,S2,NX03657,Lisa Meyer,"Hyderabad, India",2023-08-12,Contract,17,Office,1001
NX02191,Ryan Wang,ryan.wang2191@nexacore.com,Operations,Facilities,Senior Operations Mgr,O3,NX01055,Alex Shah,"Manchester, UK",2019-02-11,Full-Time,32,Office,1349
NX02192,Linda Hansen,linda.hansen2192@nexacore.com,Marketing,Demand Generation,Marketing Coordinator,M1,NX01959,Grace Meier,"New York, US",2025-03-13,Full-Time,20,Remote,4425
NX02193,James Evans,james.evans2193@nexacore.com,Engineering,Mobile & Web,Senior Software Engineer,E3,NX02904,Freya Chen,"Munich, Germany",2021-09-20,Full-Time,25,Remote,1515
NX02194,Daniel Williams,daniel.williams2194@nexacore.com,Engineering,Cloud Infrastructure,Staff Engineer,E4,NX02579,Kiara Garcia,"Manchester, UK",2017-01-25,Part-Time,26,Hybrid,2036
NX02195,Freya Perez,freya.perez2195@nexacore.com,HR,HR Business Partnering,HR Coordinator,H1,NX02277,Linda Klein,"Bangalore, India",2025-04-29,Full-Time,13,Hybrid,7887
NX02196,Chen Cruz,chen.cruz2196@nexacore.com,Customer Success,Account Management,Customer Success Manager,C2,NX03328,Priya Jones,"San Francisco, US",2022-01-17,Full-Time,22,Hybrid,3722
NX02197,Leo White,leo.white2197@nexacore.com,Operations,Facilities,Senior Operations Mgr,O3,NX01413,Amelia Cruz,"Munich, Germany",2020-11-26,Full-Time,25,Office,8357
NX02198,Rosa Gupta,rosa.gupta2198@nexacore.com,Customer Success,Renewals,Senior CSM,C3,NX01894,Maria Jones,"Seattle, US",2020-02-04,Full-Time,33,Hybrid,4215
NX02199,Ravi Koch,ravi.koch2199@nexacore.com,Product,Analytics,Associate PM,P1,NX01831,Alejandro Fischer,"Munich, Germany",2024-06-20,Full-Time,21,Office,1881
NX02200,Kabir Wood,kabir.wood2200@nexacore.com,Engineering,QA & Testing,Senior Software Engineer,E3,NX02989,Harry Hansen,"Pune, India",2022-03-20,Contract,25,Office,1865
NX02201,Valentina Hall,valentina.hall2201@nexacore.com,Customer Success,Account Management,Senior CSM,C3,NX04206,Clara Mitchell,"Chennai, India",2021-02-24,Full-Time,14,Hybrid,2215
NX02202,Karan Reed,karan.reed2202@nexacore.com,IT Support,Security Operations,Senior IT Engineer,T3,NX01709,Siddhant Weber,"Hyderabad, India",2020-11-17,Full-Time,23,Office,6440
NX02203,Diego Gupta,diego.gupta2203@nexacore.com,Sales,Enterprise Sales,Account Executive,S2,NX03869,Kate Weber,"Berlin, Germany",2024-04-13,Full-Time,18,Hybrid,2464
NX02204,Valentina Foster,valentina.foster2204@nexacore.com,Sales,Presales,Senior Account Executive,S3,NX02838,Karan Davis,"Hyderabad, India",2019-11-10,Full-Time,23,Remote,8551
NX02205,Gaurav Varma,gaurav.varma2205@nexacore.com,Finance,Tax & Compliance,Finance Manager,F3,NX01510,Ayesha Varma,"London, UK",2018-02-13,Full-Time,35,Hybrid,1396
NX02206,Amara Cruz,amara.cruz2206@nexacore.com,HR,L&D,Senior HR Specialist,H3,NX02132,Robert Das,"New York, US",2020-05-25,Part-Time,13,Remote,4119
NX02207,Stefan Davies,stefan.davies2207@nexacore.com,HR,HR Business Partnering,Senior HR Specialist,H3,NX02069,Linda Price,"Manchester, UK",2018-05-16,Full-Time,35,Remote,3453
NX02208,Oliver Lewis,oliver.lewis2208@nexacore.com,HR,HR Business Partnering,HR Generalist,H2,NX01812,Sara Zhou,"Pune, India",2023-02-23,Contract,19,Remote,3609
NX02209,Ayesha Roberts,ayesha.roberts2209@nexacore.com,Engineering,Cloud Infrastructure,Senior Software Engineer,E3,NX04858,Paul Chakraborty,"Frankfurt, Germany",2020-12-30,Full-Time,29,Office,3467
NX02210,Hannah Young,hannah.young2210@nexacore.com,Sales,Sales Operations,Account Executive,S2,NX02479,Milan Hall,"Singapore, Singapore",2022-12-06,Contract,26,Hybrid,9309
NX02211,Sabrina Patel,sabrina.patel2211@nexacore.com,Engineering,Platform Engineering,Associate Engineer,E1,NX01972,Mohamed Yamada,"Mumbai, India",2026-01-14,Contract,18,Hybrid,7191
NX02212,Noah Singh,noah.singh2212@nexacore.com,Sales,Sales Operations,Senior Account Executive,S3,NX02068,David Meyer,"Hyderabad, India",2021-01-29,Full-Time,27,Remote,7638
NX02213,Paul Ross,paul.ross2213@nexacore.com,Product,Core Product,Senior Product Manager,P3,NX01194,Anita Liu,"Austin, US",2017-08-29,Full-Time,28,Hybrid,6269
NX02214,Paola Thomas,paola.thomas2214@nexacore.com,Finance,FP&A,Finance Manager,F3,NX02515,Diego Scott,"Manchester, UK",2017-11-11,Full-Time,34,Hybrid,1645
NX02215,Sneha Carter,sneha.carter2215@nexacore.com,Legal,IP & Compliance,Associate Counsel,L2,NX01908,Sebastian Yamada,"San Francisco, US",2020-03-03,Full-Time,16,Office,8537
NX02216,Oliver Becker,oliver.becker2216@nexacore.com,Customer Success,Account Management,Customer Success Manager,C2,NX01037,Rosa Shah,"Chennai, India",2023-05-08,Full-Time,24,Hybrid,7417
NX02217,Kiara Reddy,kiara.reddy2217@nexacore.com,Customer Success,Onboarding,Customer Success Manager,C2,NX05269,Mohamed Sharma,"Singapore, Singapore",2023-05-04,Part-Time,14,Hybrid,3907
NX02218,Sofia Philips,sofia.philips2218@nexacore.com,IT Support,End-User Computing,Senior IT Engineer,T3,NX01581,Milan Varma,"Singapore, Singapore",2018-10-26,Full-Time,19,Office,2051
NX02219,Rajesh Khan,rajesh.khan2219@nexacore.com,Engineering,Cloud Infrastructure,Software Engineer,E2,NX02236,Michael Schmidt,"Chennai, India",2024-04-22,Part-Time,7,Hybrid,5835
NX02220,Grace Rao,grace.rao2220@nexacore.com,Engineering,QA & Testing,Software Engineer,E2,NX05079,Clara Meyer,"Boston, US",2024-03-11,Full-Time,12,Hybrid,3138
NX02221,Paola Williams,paola.williams2221@nexacore.com,Sales,Presales,Sales Director,S5,,,"San Francisco, US",2014-03-09,Full-Time,33,Hybrid,8568
NX02222,Ananya Miller,ananya.miller2222@nexacore.com,Customer Success,Support Engineering,CS Director,C4,NX02097,Jason Clark,"Edinburgh, UK",2014-08-24,Full-Time,26,Hybrid,1693
NX02223,Henrik Moore,henrik.moore2223@nexacore.com,Operations,Business Operations,Senior Operations Mgr,O3,NX02286,Rahul Turner,"Manchester, UK",2019-04-01,Full-Time,29,Office,1381
NX02224,Ayesha Perez,ayesha.perez2224@nexacore.com,Engineering,DevOps & SRE,Staff Engineer,E4,NX02062,Valentina Scott,"Boston, US",2016-07-20,Full-Time,17,Hybrid,9689
NX02225,Tom Becker,tom.becker2225@nexacore.com,Customer Success,Account Management,Senior CSM,C3,NX04173,Gaurav Clark,"Pune, India",2020-09-01,Full-Time,15,Hybrid,3923
NX02226,Linda Liu,linda.liu2226@nexacore.com,Sales,SMB Sales,Sales Development Rep,S1,NX02617,Rahul Hansen,"Munich, Germany",2024-12-16,Contract,18,Remote,1615
NX02227,Manish Varma,manish.varma2227@nexacore.com,Customer Success,Onboarding,CS Director,C4,NX01338,Yuki Koch,"Boston, US",2015-06-14,Full-Time,24,Hybrid,4183
NX02228,Vikram Kapoor,vikram.kapoor2228@nexacore.com,Customer Success,Support Engineering,Customer Success Manager,C2,NX02508,Isabel Ross,"Pune, India",2023-09-17,Full-Time,22,Remote,2475
NX02229,Bernd White,bernd.white2229@nexacore.com,Marketing,Content & SEO,Marketing Director,M4,NX01360,Antoine Petrov,"Singapore, Singapore",2016-04-15,Full-Time,18,Remote,1791
NX02230,James Johnson,james.johnson2230@nexacore.com,Product,Core Product,Product Manager,P2,NX02474,Rebecca Kim,"San Francisco, US",2024-05-02,Full-Time,15,Hybrid,4698
NX02231,Ananya Muller,ananya.muller2231@nexacore.com,Sales,Enterprise Sales,Sales Manager,S4,NX02915,James Hoffmann,"Hyderabad, India",2018-03-16,Full-Time,25,Office,7378
NX02232,Bernd Patel,bernd.patel2232@nexacore.com,Operations,Procurement,Operations Director,O4,,,"Singapore, Singapore",2015-07-28,Full-Time,35,Hybrid,1481
NX02233,Chen Liu,chen.liu2233@nexacore.com,Operations,Procurement,Senior Operations Mgr,O3,NX01863,Lena Chen,"Pune, India",2017-01-04,Contract,35,Hybrid,5004
NX02234,Paul Liu,paul.liu2234@nexacore.com,Product,Analytics,Product Manager,P2,NX01555,Priya Klein,"Frankfurt, Germany",2023-03-03,Full-Time,24,Remote,7807
NX02235,Aarav Shah,aarav.shah2235@nexacore.com,Operations,Business Operations,Senior Operations Mgr,O3,NX01891,Lena Foster,"Edinburgh, UK",2017-10-13,Full-Time,34,Office,2249
NX02236,Michael Schmidt,michael.schmidt2236@nexacore.com,Engineering,Platform Engineering,Staff Engineer,E4,NX01132,Clara Murphy,"Pune, India",2018-01-26,Contract,32,Remote,9834
NX02237,Manish Jain,manish.jain2237@nexacore.com,Engineering,Cloud Infrastructure,Senior Software Engineer,E3,NX01052,Liam Liu,"Edinburgh, UK",2022-09-21,Contract,23,Office,7672
NX02238,Isabel Green,isabel.green2238@nexacore.com,Marketing,Demand Generation,Senior Marketing Manager,M3,NX01360,Antoine Petrov,"San Francisco, US",2021-03-20,Contract,24,Office,8393
NX02239,Linda Liu,linda.liu2239@nexacore.com,HR,L&D,HR Generalist,H2,NX01931,Chris Jensen,"Berlin, Germany",2023-06-13,Full-Time,16,Hybrid,3130
NX02240,Vikas Reed,vikas.reed2240@nexacore.com,IT Support,IT Operations,IT Support Analyst,T1,NX05934,Vikas Nielsen,"Mumbai, India",2025-06-28,Full-Time,16,Remote,4893
NX02241,Thomas Mitchell,thomas.mitchell2241@nexacore.com,Engineering,DevOps & SRE,Senior Software Engineer,E3,NX05120,Elena Robinson,"Berlin, Germany",2021-01-31,Part-Time,21,Hybrid,3110
NX02242,Ryan Zhou,ryan.zhou2242@nexacore.com,Sales,Enterprise Sales,Senior Account Executive,S3,NX01158,Karl Smith,"Mumbai, India",2021-01-24,Full-Time,20,Hybrid,7399
NX02243,Raj Schmidt,raj.schmidt2243@nexacore.com,HR,Talent Acquisition,Senior HR Specialist,H3,NX02289,Saanvi Shah,"Bangalore, India",2019-04-01,Full-Time,25,Hybrid,4487
NX02244,Blake Gupta,blake.gupta2244@nexacore.com,Marketing,Demand Generation,Marketing Coordinator,M1,NX01616,Rahul Chen,"Seattle, US",2025-02-03,Full-Time,15,Hybrid,4004
NX02245,Sabrina Roth,sabrina.roth2245@nexacore.com,Engineering,Platform Engineering,Senior Software Engineer,E3,NX01550,Rosa Santos,"Frankfurt, Germany",2021-12-15,Part-Time,10,Office,3336
NX02246,Jaya Reddy,jaya.reddy2246@nexacore.com,Customer Success,Support Engineering,Customer Success Manager,C2,NX01747,Olivia Lee,"Boston, US",2024-07-03,Part-Time,6,Hybrid,1081
NX02247,Wei Nguyen,wei.nguyen2247@nexacore.com,Engineering,Cloud Infrastructure,Senior Software Engineer,E3,NX01416,Amrita Hansen,"London, UK",2021-06-15,Full-Time,12,Hybrid,9660
NX02248,Diego Muller,diego.muller2248@nexacore.com,Product,Core Product,Product Manager,P2,NX04162,Shreya Becker,"San Francisco, US",2022-05-22,Full-Time,26,Remote,1874
NX02249,Carlos Thompson,carlos.thompson2249@nexacore.com,Product,Platform,Associate PM,P1,NX02091,Fiona Reed,"Munich, Germany",2025-07-23,Part-Time,12,Remote,9313
NX02250,Paola Ross,paola.ross2250@nexacore.com,Operations,Supply Chain,Operations Specialist,O2,NX05068,Amrita Desai,"Boston, US",2024-01-12,Full-Time,11,Office,5181
NX02251,Gaurav Moore,gaurav.moore2251@nexacore.com,Sales,Presales,Sales Manager,S4,NX01784,Mira Zhang,"Edinburgh, UK",2017-02-13,Part-Time,16,Hybrid,2468
NX02252,Vikas Koch,vikas.koch2252@nexacore.com,Marketing,Demand Generation,Senior Marketing Manager,M3,NX01834,William Gonzalez,"Manchester, UK",2019-10-14,Contract,26,Office,3407
NX02253,Neha Ross,neha.ross2253@nexacore.com,Sales,Enterprise Sales,Sales Manager,S4,NX03029,Kevin Lim,"Boston, US",2016-01-25,Full-Time,29,Office,3869
NX02254,Ishan Davis,ishan.davis2254@nexacore.com,Customer Success,Account Management,Senior CSM,C3,NX01323,Akira Perez,"Austin, US",2017-12-27,Full-Time,23,Hybrid,1897
NX02255,Rebecca Shah,rebecca.shah2255@nexacore.com,Product,Core Product,Senior Product Manager,P3,NX01194,Anita Liu,"Frankfurt, Germany",2019-10-03,Full-Time,20,Office,1500
NX02256,Sara Gupta,sara.gupta2256@nexacore.com,Marketing,Demand Generation,Marketing Specialist,M2,NX02743,Markus Hughes,"Boston, US",2023-08-14,Contract,18,Remote,6337
NX02257,Omar Taylor,omar.taylor2257@nexacore.com,Customer Success,Account Management,CS Director,C4,NX01123,Lena Kumar,"Singapore, Singapore",2015-11-07,Full-Time,35,Remote,5664
NX02258,Aarav Martin,aarav.martin2258@nexacore.com,Operations,Procurement,Senior Operations Mgr,O3,NX01055,Alex Shah,"Pune, India",2020-07-30,Full-Time,21,Remote,1490
NX02259,Ethan Moore,ethan.moore2259@nexacore.com,HR,L&D,HR Generalist,H2,NX01362,Gaurav Williams,"Chennai, India",2023-04-17,Full-Time,15,Remote,7198
NX02260,Noah Muller,noah.muller2260@nexacore.com,Sales,Enterprise Sales,Senior Account Executive,S3,NX02481,Aditi Peters,"San Francisco, US",2021-06-05,Full-Time,28,Office,3387
NX02261,Ishan Reddy,ishan.reddy2261@nexacore.com,Engineering,Mobile & Web,Staff Engineer,E4,NX01930,Beatrice Rodriguez,"London, UK",2016-11-21,Full-Time,27,Hybrid,7531
NX02262,Zara Garcia,zara.garcia2262@nexacore.com,Engineering,Cloud Infrastructure,Staff Engineer,E4,NX01253,Lena Sanchez,"Boston, US",2019-12-14,Contract,33,Hybrid,3690
NX02263,Sophie Yamada,sophie.yamada2263@nexacore.com,Engineering,Cloud Infrastructure,Staff Engineer,E4,NX01764,Priya Turner,"Bangalore, India",2016-10-04,Full-Time,23,Remote,7378
NX02264,Antoine Chakraborty,antoine.chakraborty2264@nexacore.com,Product,Core Product,Associate PM,P1,NX01128,Isabel Zhang,"Edinburgh, UK",2024-10-27,Contract,20,Hybrid,6486
NX02265,Alex Carter,alex.carter2265@nexacore.com,Finance,FP&A,Finance Manager,F3,NX02351,Amelia Nguyen,"Edinburgh, UK",2020-02-03,Contract,31,Hybrid,5801
NX02266,Aryan Wood,aryan.wood2266@nexacore.com,Legal,IP & Compliance,Senior Counsel,L3,NX01549,Carlos Sanchez,"Mumbai, India",2017-12-28,Full-Time,19,Office,4209
NX02267,Sara Smith,sara.smith2267@nexacore.com,Sales,Presales,Account Executive,S2,NX01724,Paul Zhou,"Chennai, India",2022-06-12,Full-Time,19,Remote,5425
NX02268,Alec Philips,alec.philips2268@nexacore.com,Engineering,DevOps & SRE,Senior Software Engineer,E3,NX01086,Shirin Gupta,"Munich, Germany",2022-04-19,Contract,15,Hybrid,3289
NX02269,Ravi Young,ravi.young2269@nexacore.com,IT Support,IT Operations,IT Support Engineer,T2,NX01788,Tobias Cruz,"Chennai, India",2022-08-31,Contract,25,Hybrid,9062
NX02270,Sofia Miller,sofia.miller2270@nexacore.com,Marketing,Brand & Communications,Marketing Director,M4,NX01475,Alejandro Brown,"New York, US",2015-01-23,Contract,27,Remote,1372
NX02271,Raj Reddy,raj.reddy2271@nexacore.com,Marketing,Product Marketing,Marketing Specialist,M2,NX04303,Isabel Patel,"Hyderabad, India",2023-11-07,Full-Time,23,Hybrid,3173
NX02272,Milan Martinez,milan.martinez2272@nexacore.com,Sales,SMB Sales,Account Executive,S2,NX02251,Gaurav Moore,"San Francisco, US",2024-07-17,Full-Time,22,Office,8606
NX02273,Aisha Hoffmann,aisha.hoffmann2273@nexacore.com,Engineering,Cloud Infrastructure,Software Engineer,E2,NX02236,Michael Schmidt,"Pune, India",2024-02-20,Full-Time,22,Office,4585
NX02274,Rosa Johnson,rosa.johnson2274@nexacore.com,Finance,Tax & Compliance,Finance Manager,F3,NX01248,Patrick Kaur,"Chennai, India",2020-10-16,Full-Time,19,Office,2986
NX02275,Ishan Hughes,ishan.hughes2275@nexacore.com,IT Support,IT Operations,IT Support Engineer,T2,NX04500,Tobias Wang,"Hyderabad, India",2023-02-02,Part-Time,9,Office,1805
NX02276,Grace Sanchez,grace.sanchez2276@nexacore.com,Marketing,Product Marketing,Marketing Specialist,M2,NX02085,Freya Green,"Mumbai, India",2023-02-16,Full-Time,24,Office,8064
NX02277,Linda Klein,linda.klein2277@nexacore.com,HR,Talent Acquisition,Senior HR Specialist,H3,NX02289,Saanvi Shah,"Austin, US",2019-03-23,Full-Time,32,Hybrid,7526
NX02278,Sneha Reed,sneha.reed2278@nexacore.com,Sales,Enterprise Sales,Sales Manager,S4,NX03047,Sara Ross,"Chennai, India",2017-09-30,Full-Time,19,Remote,3790
NX02279,Henrik Clark,henrik.clark2279@nexacore.com,Customer Success,Onboarding,CS Director,C4,NX01338,Yuki Koch,"New York, US",2016-03-24,Part-Time,14,Hybrid,9785
NX02280,Haruto Davis,haruto.davis2280@nexacore.com,Operations,Business Operations,Operations Specialist,O2,NX04534,Lucas Chen,"Seattle, US",2024-01-24,Contract,15,Office,9049
NX02281,Samuel Jensen,samuel.jensen2281@nexacore.com,Engineering,DevOps & SRE,Principal Engineer,E5,,,"Austin, US",2016-04-05,Contract,19,Hybrid,3903
NX02282,Zoe Varma,zoe.varma2282@nexacore.com,Engineering,Mobile & Web,Software Engineer,E2,NX05854,Maria Sharma,"Berlin, Germany",2023-08-06,Full-Time,11,Hybrid,1375
NX02283,Thomas Wang,thomas.wang2283@nexacore.com,Operations,Procurement,Operations Specialist,O2,NX03676,Akira Roth,"Edinburgh, UK",2021-09-02,Part-Time,20,Hybrid,7597
NX02284,Tina Johnson,tina.johnson2284@nexacore.com,IT Support,IT Operations,IT Support Engineer,T2,NX01284,James Singh,"Singapore, Singapore",2022-07-13,Full-Time,15,Hybrid,9857
NX02285,Emma Cruz,emma.cruz2285@nexacore.com,Legal,Employment Law,Associate Counsel,L2,NX02673,Sebastian Mitchell,"New York, US",2019-11-24,Full-Time,28,Hybrid,2412
NX02286,Rahul Turner,rahul.turner2286@nexacore.com,Operations,Facilities,Operations Director,O4,,,"Bangalore, India",2012-11-02,Full-Time,32,Office,5340
NX02287,Ravi Ross,ravi.ross2287@nexacore.com,Product,Growth,Senior Product Manager,P3,NX01694,Yuki Hoffmann,"Hyderabad, India",2018-02-06,Contract,33,Remote,3273
NX02288,Mona Ross,mona.ross2288@nexacore.com,Product,Analytics,Senior Product Manager,P3,NX03556,Pedro Walker,"Munich, Germany",2020-08-27,Contract,23,Hybrid,4853
NX02289,Saanvi Shah,saanvi.shah2289@nexacore.com,HR,L&D,HR Manager,H4,,,"Bangalore, India",2016-01-06,Full-Time,25,Hybrid,1555
NX02290,Kabir Thomas,kabir.thomas2290@nexacore.com,Sales,Presales,Senior Account Executive,S3,NX04615,Vikas Dubois,"Seattle, US",2019-09-02,Contract,23,Hybrid,9391
NX02291,Antoine Smith,antoine.smith2291@nexacore.com,Engineering,Platform Engineering,Staff Engineer,E4,NX01500,Tobias Hansen,"Boston, US",2019-11-29,Full-Time,19,Office,1586
NX02292,Samuel Das,samuel.das2292@nexacore.com,Finance,Tax & Compliance,Senior Finance Analyst,F2,NX01760,Rohit Gupta,"New York, US",2022-03-07,Full-Time,14,Office,4211
NX02293,Zara Zhang,zara.zhang2293@nexacore.com,Data & Analytics,Business Intelligence,Senior Data Analyst,D2,NX01357,Sara Wood,"Bangalore, India",2023-03-24,Contract,25,Office,2040
NX02294,Siddhant Philips,siddhant.philips2294@nexacore.com,Operations,Procurement,Senior Operations Mgr,O3,NX01712,Rohit Moore,"Edinburgh, UK",2016-08-27,Contract,22,Hybrid,9287
NX02295,Tina White,tina.white2295@nexacore.com,Finance,Accounting,Finance Manager,F3,NX01790,Paola Williams,"Chennai, India",2020-06-14,Full-Time,30,Office,9718
NX02296,Mira Varma,mira.varma2296@nexacore.com,Sales,Enterprise Sales,Sales Manager,S4,NX01969,Mohamed Sharma,"Edinburgh, UK",2019-03-20,Part-Time,19,Hybrid,7040
NX02297,Anita Wang,anita.wang2297@nexacore.com,Data & Analytics,ML & AI,Data Scientist,D3,NX01099,Elena Liu,"Bangalore, India",2018-04-17,Part-Time,16,Hybrid,6437
NX02298,Shirin Ross,shirin.ross2298@nexacore.com,HR,Talent Acquisition,HR Generalist,H2,NX05343,Nora Desai,"Bangalore, India",2024-01-24,Part-Time,8,Hybrid,3882
NX02299,Nisha Mendes,nisha.mendes2299@nexacore.com,Finance,Tax & Compliance,Senior Finance Analyst,F2,NX01739,Ishan Wright,"Seattle, US",2022-03-26,Full-Time,17,Office,4213
NX02300,Elena Martinez,elena.martinez2300@nexacore.com,Customer Success,Support Engineering,Senior CSM,C3,NX03684,Lucas Santos,"New York, US",2019-11-08,Part-Time,14,Hybrid,9727
NX02301,Leo Mitchell,leo.mitchell2301@nexacore.com,Customer Success,Account Management,CS Director,C4,NX01121,Robert Gupta,"San Francisco, US",2014-12-24,Contract,23,Office,3693
NX02302,Laura Cruz,laura.cruz2302@nexacore.com,Operations,Facilities,Senior Operations Mgr,O3,NX01041,Sneha Sharma,"New York, US",2018-09-11,Contract,20,Hybrid,3914
NX02303,Nisha Miller,nisha.miller2303@nexacore.com,Customer Success,Account Management,Customer Success Manager,C2,NX01796,Ethan Kaur,"New York, US",2023-08-30,Full-Time,18,Office,6625
NX02304,Wei Schmidt,wei.schmidt2304@nexacore.com,Legal,Employment Law,Senior Counsel,L3,NX05399,Thomas Rodriguez,"Manchester, UK",2016-07-24,Full-Time,19,Hybrid,2740
NX02305,Rahul Mendes,rahul.mendes2305@nexacore.com,Operations,Facilities,Senior Operations Mgr,O3,NX04250,Pankaj Nair,"Bangalore, India",2021-01-04,Part-Time,16,Office,6314
NX02306,Alec Scott,alec.scott2306@nexacore.com,Sales,Sales Operations,Sales Manager,S4,NX01784,Mira Zhang,"Frankfurt, Germany",2017-03-31,Part-Time,30,Hybrid,4181
NX02307,Maya Sharma,maya.sharma2307@nexacore.com,Operations,Supply Chain,Operations Director,O4,,,"Singapore, Singapore",2015-03-21,Contract,20,Hybrid,8933
NX02308,Gaurav Carter,gaurav.carter2308@nexacore.com,Marketing,Demand Generation,Senior Marketing Manager,M3,NX01360,Antoine Petrov,"Singapore, Singapore",2020-06-02,Part-Time,12,Hybrid,1617
NX02309,Beatrice Meier,beatrice.meier2309@nexacore.com,Finance,Accounting,Senior Finance Analyst,F2,NX04486,Sarah Shah,"Edinburgh, UK",2022-10-31,Full-Time,24,Hybrid,6353
NX02310,Mona Harris,mona.harris2310@nexacore.com,Finance,FP&A,Senior Finance Analyst,F2,NX03063,Thomas Nguyen,"San Francisco, US",2022-06-12,Part-Time,15,Hybrid,7872
NX02311,Sofia Wilson,sofia.wilson2311@nexacore.com,Engineering,QA & Testing,Senior Software Engineer,E3,NX03005,Julia Murphy,"Pune, India",2021-10-06,Full-Time,28,Office,1263
NX02312,Leo Garcia,leo.garcia2312@nexacore.com,Engineering,Platform Engineering,Staff Engineer,E4,NX02465,Alejandro Walker,"Boston, US",2018-01-04,Full-Time,21,Hybrid,7273
NX02313,Wei Dubois,wei.dubois2313@nexacore.com,Data & Analytics,Data Governance,Lead Data Scientist,D4,NX01201,Sara Martinez,"Mumbai, India",2017-01-11,Contract,20,Remote,1110
NX02314,Liam Meier,liam.meier2314@nexacore.com,Sales,SMB Sales,Senior Account Executive,S3,NX01113,Sara Lopez,"Austin, US",2020-08-17,Contract,20,Office,7589
NX02315,Gabriel Fischer,gabriel.fischer2315@nexacore.com,IT Support,IT Operations,IT Manager,T4,NX01337,Priya Thomas,"Berlin, Germany",2014-04-21,Full-Time,17,Hybrid,9297
NX02316,Robert Yamada,robert.yamada2316@nexacore.com,Engineering,DevOps & SRE,Staff Engineer,E4,NX02465,Alejandro Walker,"Munich, Germany",2016-08-05,Full-Time,20,Hybrid,6535
NX02317,Uma Lopez,uma.lopez2317@nexacore.com,Engineering,Mobile & Web,Senior Software Engineer,E3,NX02916,Olivia Shah,"London, UK",2021-12-28,Part-Time,8,Office,6199
NX02318,Luka Gupta,luka.gupta2318@nexacore.com,Customer Success,Account Management,CS Director,C4,NX01200,Sneha Kaur,"Boston, US",2013-11-17,Contract,22,Hybrid,6444
NX02319,Alex Fischer,alex.fischer2319@nexacore.com,Engineering,Platform Engineering,Staff Engineer,E4,NX01276,Beatrice Mitchell,"Mumbai, India",2017-08-12,Full-Time,28,Hybrid,4802
NX02320,Aryan Johnson,aryan.johnson2320@nexacore.com,Customer Success,Account Management,Customer Success Manager,C2,NX01786,Harry Moore,"Pune, India",2024-12-09,Full-Time,18,Hybrid,6569
NX02321,Stefan Bhatt,stefan.bhatt2321@nexacore.com,Customer Success,Account Management,Customer Success Manager,C2,NX02448,Pedro Weber,"Berlin, Germany",2024-01-09,Contract,16,Remote,5968
NX02322,Lucas Rao,lucas.rao2322@nexacore.com,Product,Analytics,VP of Product,P5,,,"Edinburgh, UK",2012-05-18,Contract,31,Office,9185
NX02323,Jonathan Naidu,jonathan.naidu2323@nexacore.com,Engineering,DevOps & SRE,Staff Engineer,E4,NX01149,David Kapoor,"Munich, Germany",2019-09-29,Part-Time,13,Hybrid,1104
NX02324,Devika Meier,devika.meier2324@nexacore.com,HR,People Operations,HR Manager,H4,NX02174,Shreya Reddy,"Manchester, UK",2014-07-24,Full-Time,19,Hybrid,4578
NX02325,Hannah Weber,hannah.weber2325@nexacore.com,Customer Success,Onboarding,Customer Success Manager,C2,NX05472,Manish Foster,"Chennai, India",2024-05-25,Full-Time,21,Hybrid,1116
NX02326,Maya Shah,maya.shah2326@nexacore.com,Engineering,Platform Engineering,Associate Engineer,E1,NX02262,Zara Garcia,"Mumbai, India",2025-11-08,Full-Time,13,Remote,5009
NX02327,Robert Kaur,robert.kaur2327@nexacore.com,Finance,Treasury,Finance Manager,F3,NX02145,Fiona Dubois,"New York, US",2020-09-21,Full-Time,31,Remote,9724
NX02328,Gaurav Zhang,gaurav.zhang2328@nexacore.com,Engineering,DevOps & SRE,Software Engineer,E2,NX05077,Jaya Lim,"Edinburgh, UK",2024-09-24,Contract,21,Remote,3960
NX02329,Nora Peters,nora.peters2329@nexacore.com,Customer Success,Renewals,CS Director,C4,NX01338,Yuki Koch,"London, UK",2013-09-02,Full-Time,27,Remote,8927
NX02330,Diego Meyer,diego.meyer2330@nexacore.com,Customer Success,Account Management,Senior CSM,C3,NX05346,Alejandro Wright,"Mumbai, India",2019-12-31,Full-Time,19,Hybrid,7265
NX02331,Karan Wilson,karan.wilson2331@nexacore.com,Customer Success,Onboarding,CS Director,C4,NX01029,Pedro Lim,"Edinburgh, UK",2016-06-04,Full-Time,21,Office,2981
NX02332,Sneha Gupta,sneha.gupta2332@nexacore.com,Engineering,Platform Engineering,Software Engineer,E2,NX02080,Mohamed Becker,"Munich, Germany",2023-10-31,Part-Time,13,Hybrid,4049
NX02333,Amara Lim,amara.lim2333@nexacore.com,Marketing,Demand Generation,Marketing Director,M4,NX01432,Wei Varma,"New York, US",2014-04-26,Full-Time,29,Office,7749
NX02334,Grace Davies,grace.davies2334@nexacore.com,Marketing,Content & SEO,Marketing Coordinator,M1,NX03071,Zara Weber,"London, UK",2024-11-08,Part-Time,11,Office,3357
NX02335,Karl Green,karl.green2335@nexacore.com,Operations,Facilities,Senior Operations Mgr,O3,NX05068,Amrita Desai,"Manchester, UK",2017-10-05,Part-Time,22,Hybrid,6246
NX02336,Maya Khan,maya.khan2336@nexacore.com,IT Support,IT Operations,Senior IT Engineer,T3,NX01709,Siddhant Weber,"Pune, India",2019-09-06,Full-Time,18,Remote,4585
NX02337,Gabriel Mitchell,gabriel.mitchell2337@nexacore.com,Marketing,Product Marketing,Marketing Specialist,M2,NX01401,Isabel Wang,"Austin, US",2022-09-27,Full-Time,19,Office,9161
NX02338,Clara Hall,clara.hall2338@nexacore.com,IT Support,IT Operations,Senior IT Engineer,T3,NX01279,Aditi Bauer,"Munich, Germany",2020-07-10,Full-Time,29,Hybrid,3655
NX02339,Anjali Liu,anjali.liu2339@nexacore.com,Legal,Corporate Legal,Senior Counsel,L3,NX03445,Lars Philips,"Munich, Germany",2018-10-22,Contract,20,Office,6355
NX02340,Elena Sanchez,elena.sanchez2340@nexacore.com,Marketing,Demand Generation,Senior Marketing Manager,M3,NX01432,Wei Varma,"Chennai, India",2017-05-29,Full-Time,32,Hybrid,3207
NX02341,Pankaj Mitchell,pankaj.mitchell2341@nexacore.com,Sales,Enterprise Sales,Sales Manager,S4,NX01533,Valentina Wood,"San Francisco, US",2016-03-04,Full-Time,18,Hybrid,9010
NX02342,Simon Rao,simon.rao2342@nexacore.com,HR,HR Business Partnering,Senior HR Specialist,H3,NX01750,Gabriel Price,"Manchester, UK",2019-02-03,Part-Time,15,Hybrid,9426
NX02343,Olivia Hall,olivia.hall2343@nexacore.com,Customer Success,Account Management,Customer Success Manager,C2,NX03267,Sophie Sharma,"Edinburgh, UK",2023-11-06,Full-Time,16,Hybrid,4871
NX02344,Rafael Smith,rafael.smith2344@nexacore.com,Marketing,Brand & Communications,Marketing Coordinator,M1,NX01839,Maya Hall,"London, UK",2024-11-24,Full-Time,10,Office,3670
NX02345,Jaya Wilson,jaya.wilson2345@nexacore.com,Customer Success,Onboarding,Senior CSM,C3,NX04919,Paola Thomas,"Bangalore, India",2020-06-05,Full-Time,15,Remote,6705
NX02346,Alex Das,alex.das2346@nexacore.com,Finance,Tax & Compliance,Finance Manager,F3,NX01847,Markus Jensen,"San Francisco, US",2019-07-28,Full-Time,17,Hybrid,4159
NX02347,Anjali Scott,anjali.scott2347@nexacore.com,Data & Analytics,Business Intelligence,Head of Data,D5,,,"Bangalore, India",2012-09-02,Contract,29,Office,9189
NX02348,Benjamin Schmidt,benjamin.schmidt2348@nexacore.com,Data & Analytics,Data Engineering,Data Scientist,D3,NX03781,Ravi Martin,"Chennai, India",2019-10-23,Full-Time,29,Hybrid,2893
NX02349,Jaya Gonzalez,jaya.gonzalez2349@nexacore.com,Marketing,Brand & Communications,Senior Marketing Manager,M3,NX01832,Anna Price,"Munich, Germany",2018-05-09,Full-Time,34,Office,2886
NX02350,Beatrice Desai,beatrice.desai2350@nexacore.com,IT Support,End-User Computing,IT Support Engineer,T2,NX01290,James Green,"Edinburgh, UK",2024-06-01,Full-Time,24,Hybrid,2981
NX02351,Amelia Nguyen,amelia.nguyen2351@nexacore.com,Finance,Accounting,Senior Finance Manager,F4,,,"London, UK",2015-03-08,Part-Time,20,Remote,5074
NX02352,James Shah,james.shah2352@nexacore.com,Sales,SMB Sales,Account Executive,S2,NX03167,Nicolas Smith,"Mumbai, India",2023-12-02,Full-Time,15,Office,4414
NX02353,Yuki Bauer,yuki.bauer2353@nexacore.com,Data & Analytics,Business Intelligence,Data Scientist,D3,NX02313,Wei Dubois,"Munich, Germany",2017-06-06,Part-Time,14,Remote,2697
NX02354,Eva Young,eva.young2354@nexacore.com,Customer Success,Support Engineering,Customer Success Manager,C2,NX01576,Linda Reddy,"New York, US",2023-02-22,Full-Time,15,Hybrid,9598
NX02355,Elena Lopez,elena.lopez2355@nexacore.com,Customer Success,Onboarding,Senior CSM,C3,NX01440,Pankaj Naidu,"London, UK",2020-04-01,Full-Time,29,Hybrid,1280
NX02356,Isabel Wang,isabel.wang2356@nexacore.com,Engineering,Mobile & Web,Staff Engineer,E4,NX01530,Pedro Desai,"Manchester, UK",2017-01-04,Part-Time,30,Office,4516
NX02357,Noah Evans,noah.evans2357@nexacore.com,IT Support,Security Operations,IT Support Engineer,T2,NX02852,Sophie Bauer,"Frankfurt, Germany",2023-08-16,Full-Time,22,Hybrid,3324
NX02358,Linda Hansen,linda.hansen2358@nexacore.com,Operations,Procurement,Senior Operations Mgr,O3,NX05764,Anjali Evans,"Manchester, UK",2020-11-06,Contract,22,Hybrid,3135
NX02359,Jessica Bennet,jessica.bennet2359@nexacore.com,Product,Platform,Associate PM,P1,NX04288,Chen Moore,"Hyderabad, India",2025-06-13,Part-Time,12,Hybrid,7921
NX02360,David Meier,david.meier2360@nexacore.com,Sales,SMB Sales,Senior Account Executive,S3,NX01789,Benjamin Mendes,"Frankfurt, Germany",2021-04-30,Full-Time,26,Office,2007
NX02361,Sara Williams,sara.williams2361@nexacore.com,Engineering,Platform Engineering,Associate Engineer,E1,NX02224,Ayesha Perez,"Berlin, Germany",2025-07-09,Full-Time,19,Office,3072
NX02362,Lucas Reddy,lucas.reddy2362@nexacore.com,Customer Success,Onboarding,CS Director,C4,NX01338,Yuki Koch,"London, UK",2014-06-15,Full-Time,35,Hybrid,4634
NX02363,Luka Bhatt,luka.bhatt2363@nexacore.com,Product,Growth,Senior Product Manager,P3,NX01321,Jana Liu,"Mumbai, India",2019-12-26,Full-Time,21,Hybrid,9132
NX02364,Sebastian Mendes,sebastian.mendes2364@nexacore.com,IT Support,IT Operations,IT Support Engineer,T2,NX01454,Neha Meier,"Boston, US",2022-06-07,Contract,18,Hybrid,7094
NX02365,Lucas Naidu,lucas.naidu2365@nexacore.com,Customer Success,Account Management,CS Director,C4,NX01271,Antoine Peters,"Austin, US",2016-12-22,Full-Time,27,Office,8565
NX02366,Sabrina Anderson,sabrina.anderson2366@nexacore.com,IT Support,End-User Computing,Senior IT Engineer,T3,NX01079,Nora Murphy,"Mumbai, India",2018-01-24,Contract,19,Hybrid,3009
NX02367,Amrita Hoffmann,amrita.hoffmann2367@nexacore.com,Product,Core Product,Associate PM,P1,NX01974,Gabriel Chen,"Berlin, Germany",2024-08-13,Contract,19,Hybrid,2474
NX02368,Tanvi Gonzalez,tanvi.gonzalez2368@nexacore.com,Engineering,DevOps & SRE,Associate Engineer,E1,NX04441,Nora Price,"Singapore, Singapore",2025-09-20,Full-Time,9,Office,7000
NX02369,Sarah Davis,sarah.davis2369@nexacore.com,Marketing,Demand Generation,Marketing Director,M4,NX01834,William Gonzalez,"Bangalore, India",2013-08-17,Part-Time,34,Hybrid,8593
NX02370,Ayesha Harris,ayesha.harris2370@nexacore.com,Data & Analytics,Data Engineering,Senior Data Analyst,D2,NX01787,Priya Sanchez,"Berlin, Germany",2023-06-26,Full-Time,18,Hybrid,6441
NX02371,Axel Carter,axel.carter2371@nexacore.com,IT Support,IT Operations,Senior IT Engineer,T3,NX02154,Amelia Singh,"Manchester, UK",2021-05-06,Contract,19,Hybrid,3866
NX02372,Clara Weber,clara.weber2372@nexacore.com,Marketing,Demand Generation,Marketing Specialist,M2,NX04593,Anita Brown,"Bangalore, India",2021-11-14,Full-Time,12,Office,9652
NX02373,Oliver Nguyen,oliver.nguyen2373@nexacore.com,Finance,Treasury,Finance Manager,F3,NX01589,Sebastian Reddy,"Berlin, Germany",2021-04-22,Contract,28,Hybrid,1089
NX02374,Nicolas Harris,nicolas.harris2374@nexacore.com,Engineering,Cloud Infrastructure,Principal Engineer,E5,,,"Edinburgh, UK",2015-04-07,Full-Time,22,Office,7449
NX02375,Sabrina Garcia,sabrina.garcia2375@nexacore.com,Engineering,Platform Engineering,Senior Software Engineer,E3,NX03005,Julia Murphy,"Manchester, UK",2020-12-20,Contract,27,Hybrid,8782
NX02376,Alec Bhatt,alec.bhatt2376@nexacore.com,Sales,Enterprise Sales,Senior Account Executive,S3,NX02410,Axel Nelson,"Seattle, US",2021-12-19,Full-Time,19,Office,1408
NX02377,Arjun Desai,arjun.desai2377@nexacore.com,IT Support,End-User Computing,Senior IT Engineer,T3,NX03031,Jonas Miller,"Munich, Germany",2019-06-23,Contract,25,Office,1611
NX02378,Alejandro Wright,alejandro.wright2378@nexacore.com,Data & Analytics,ML & AI,Data Analyst,D1,NX01099,Elena Liu,"Austin, US",2024-11-21,Contract,14,Office,5416
NX02379,Aarav Lewis,aarav.lewis2379@nexacore.com,Finance,Accounting,Finance Analyst,F1,NX01096,Amelia Koch,"Hyderabad, India",2025-03-13,Full-Time,14,Hybrid,9222
NX02380,Amrita Sandoval,amrita.sandoval2380@nexacore.com,Engineering,Mobile & Web,Senior Software Engineer,E3,NX05074,Sara Foster,"Frankfurt, Germany",2020-12-13,Full-Time,24,Office,2066
NX02381,James Patel,james.patel2381@nexacore.com,Data & Analytics,Data Governance,Data Scientist,D3,NX04553,Jonas Brown,"Pune, India",2020-02-25,Full-Time,24,Office,2672
NX02382,Riya Meyer,riya.meyer2382@nexacore.com,Customer Success,Onboarding,Customer Success Manager,C2,NX02331,Karan Wilson,"Chennai, India",2023-03-10,Full-Time,12,Office,8862
NX02383,Leo Jones,leo.jones2383@nexacore.com,Operations,Business Operations,Operations Specialist,O2,NX01283,Jonathan Jensen,"New York, US",2023-12-16,Full-Time,16,Office,2866
NX02384,Sarah Bauer,sarah.bauer2384@nexacore.com,Customer Success,Onboarding,CS Director,C4,NX02128,Karan White,"Seattle, US",2016-10-13,Full-Time,31,Office,1431
NX02385,Jessica Patel,jessica.patel2385@nexacore.com,Engineering,Platform Engineering,Staff Engineer,E4,NX01659,Alex Lim,"Singapore, Singapore",2016-12-04,Full-Time,33,Office,7729
NX02386,Anjali Gonzalez,anjali.gonzalez2386@nexacore.com,IT Support,Security Operations,Senior IT Engineer,T3,NX01159,Alejandro Reed,"Bangalore, India",2019-12-04,Part-Time,11,Remote,9941
NX02387,Ayesha Johnson,ayesha.johnson2387@nexacore.com,Customer Success,Support Engineering,CS Director,C4,NX01817,Maya Lewis,"Singapore, Singapore",2016-02-06,Contract,17,Office,8349
NX02388,Ethan Desai,ethan.desai2388@nexacore.com,Operations,Supply Chain,Senior Operations Mgr,O3,NX02075,Zara Scott,"Munich, Germany",2017-01-11,Full-Time,17,Remote,5747
NX02389,Uma Bennet,uma.bennet2389@nexacore.com,Engineering,Platform Engineering,Senior Software Engineer,E3,NX03376,Michael Hoffmann,"Edinburgh, UK",2020-12-01,Full-Time,28,Hybrid,8393
NX02390,Olivia Rao,olivia.rao2390@nexacore.com,Operations,Business Operations,Operations Specialist,O2,NX02163,Grace Hall,"Munich, Germany",2021-11-18,Contract,12,Hybrid,3827
NX02391,Anna Bennet,anna.bennet2391@nexacore.com,Marketing,Product Marketing,Marketing Specialist,M2,NX05407,Martin Singh,"Mumbai, India",2022-11-12,Full-Time,25,Office,3946
NX02392,Ishan Meyer,ishan.meyer2392@nexacore.com,Engineering,QA & Testing,Senior Software Engineer,E3,NX01528,Carlos Das,"Hyderabad, India",2022-02-15,Full-Time,27,Office,3585
NX02393,Uma Philips,uma.philips2393@nexacore.com,Engineering,QA & Testing,Staff Engineer,E4,NX01433,Hannah Clark,"Seattle, US",2019-05-22,Full-Time,19,Office,3464
NX02394,Siddhant Williams,siddhant.williams2394@nexacore.com,IT Support,IT Operations,IT Support Analyst,T1,NX02366,Sabrina Anderson,"Frankfurt, Germany",2025-02-23,Part-Time,9,Remote,4757
NX02395,Daniel Kaur,daniel.kaur2395@nexacore.com,Customer Success,Onboarding,Customer Success Manager,C2,NX02227,Manish Varma,"Berlin, Germany",2021-12-06,Full-Time,12,Hybrid,5065
NX02396,Harry Petrov,harry.petrov2396@nexacore.com,Sales,Sales Operations,Senior Account Executive,S3,NX02552,Priya Wilson,"Austin, US",2022-05-31,Full-Time,15,Remote,7523
NX02397,Haruto Koch,haruto.koch2397@nexacore.com,Legal,Employment Law,Senior Counsel,L3,NX03993,Tina Smith,"Mumbai, India",2019-01-07,Contract,23,Office,7287
NX02398,Zoe Jones,zoe.jones2398@nexacore.com,Sales,Sales Operations,Senior Account Executive,S3,NX03724,Priya Jones,"Berlin, Germany",2021-09-15,Full-Time,25,Hybrid,2061
NX02399,Sara Bauer,sara.bauer2399@nexacore.com,Engineering,Cloud Infrastructure,Software Engineer,E2,NX02316,Robert Yamada,"London, UK",2024-04-01,Full-Time,14,Office,4983
NX02400,Rebecca Kim,rebecca.kim2400@nexacore.com,IT Support,Security Operations,IT Manager,T4,NX02162,Zara Davis,"Chennai, India",2013-11-12,Full-Time,28,Office,5356
NX02401,William Moore,william.moore2401@nexacore.com,HR,People Operations,HR Manager,H4,NX02069,Linda Price,"Mumbai, India",2013-02-11,Full-Time,20,Hybrid,3479
NX02402,Vikram Nelson,vikram.nelson2402@nexacore.com,Engineering,QA & Testing,Staff Engineer,E4,NX01895,Henrik Rao,"Hyderabad, India",2019-12-24,Full-Time,31,Hybrid,5913
NX02403,Aryan Hughes,aryan.hughes2403@nexacore.com,Marketing,Brand & Communications,Senior Marketing Manager,M3,NX01834,William Gonzalez,"Austin, US",2018-04-10,Full-Time,30,Remote,4351
NX02404,Rebecca Davis,rebecca.davis2404@nexacore.com,Customer Success,Account Management,Customer Success Manager,C2,NX03361,Elena Kaur,"San Francisco, US",2022-02-25,Full-Time,19,Remote,4056
NX02405,Kevin Brown,kevin.brown2405@nexacore.com,Marketing,Product Marketing,Marketing Coordinator,M1,NX02416,Jaya Murphy,"London, UK",2024-09-06,Contract,11,Office,1359
NX02406,Gaurav Meier,gaurav.meier2406@nexacore.com,Engineering,Mobile & Web,Senior Software Engineer,E3,NX02904,Freya Chen,"Boston, US",2023-05-04,Full-Time,24,Hybrid,8027
NX02407,Mira Taylor,mira.taylor2407@nexacore.com,Product,Core Product,Product Manager,P2,NX02887,Chris Nelson,"San Francisco, US",2023-03-26,Part-Time,9,Hybrid,7822
NX02408,Rajesh Chen,rajesh.chen2408@nexacore.com,Sales,Presales,Sales Manager,S4,NX01063,Aarav Price,"Frankfurt, Germany",2018-01-27,Part-Time,20,Hybrid,9818
NX02409,Zoe Sharma,zoe.sharma2409@nexacore.com,Engineering,Platform Engineering,Staff Engineer,E4,NX01660,Amara Gonzalez,"Bangalore, India",2017-02-11,Full-Time,32,Office,5448
NX02410,Axel Nelson,axel.nelson2410@nexacore.com,Sales,Sales Operations,Sales Manager,S4,NX03300,Chris Petrov,"Berlin, Germany",2017-10-17,Contract,25,Hybrid,4026
NX02411,Rahul Sharma,rahul.sharma2411@nexacore.com,IT Support,IT Operations,Senior IT Engineer,T3,NX01463,Grace Jain,"Seattle, US",2020-01-07,Contract,26,Office,7485
NX02412,Samuel Lee,samuel.lee2412@nexacore.com,Engineering,QA & Testing,Staff Engineer,E4,NX01149,David Kapoor,"Edinburgh, UK",2019-02-21,Contract,33,Hybrid,6362
NX02413,Nisha Sandoval,nisha.sandoval2413@nexacore.com,Marketing,Product Marketing,Marketing Coordinator,M1,NX01401,Isabel Wang,"London, UK",2024-07-08,Part-Time,12,Hybrid,3958
NX02414,Anjali Varma,anjali.varma2414@nexacore.com,Operations,Procurement,Operations Director,O4,NX02232,Bernd Patel,"Manchester, UK",2015-02-02,Full-Time,34,Remote,6755
NX02415,Clara Clark,clara.clark2415@nexacore.com,IT Support,IT Operations,Senior IT Engineer,T3,NX01640,Ashley Kapoor,"Hyderabad, India",2018-09-07,Full-Time,18,Remote,7469
NX02416,Jaya Murphy,jaya.murphy2416@nexacore.com,Marketing,Product Marketing,Senior Marketing Manager,M3,NX01360,Antoine Petrov,"Austin, US",2019-09-11,Full-Time,17,Remote,5258
NX02417,Mona Mendes,mona.mendes2417@nexacore.com,Operations,Supply Chain,Operations Analyst,O1,NX05068,Amrita Desai,"Edinburgh, UK",2025-02-08,Full-Time,13,Hybrid,5933
NX02418,Diego Kumar,diego.kumar2418@nexacore.com,Engineering,QA & Testing,Senior Software Engineer,E3,NX02393,Uma Philips,"Seattle, US",2023-02-09,Full-Time,15,Hybrid,5488
NX02419,Sabrina Nair,sabrina.nair2419@nexacore.com,Data & Analytics,Data Governance,Data Scientist,D3,NX01770,Ananya Clark,"Berlin, Germany",2017-10-24,Full-Time,30,Hybrid,1235
NX02420,Michael Lewis,michael.lewis2420@nexacore.com,Engineering,DevOps & SRE,Senior Software Engineer,E3,NX03258,Anjali Smith,"Manchester, UK",2022-09-04,Full-Time,27,Office,8382
NX02421,Maya Zhang,maya.zhang2421@nexacore.com,Sales,Sales Operations,Sales Manager,S4,NX01205,Amara Cruz,"Austin, US",2017-08-02,Full-Time,22,Office,3143
NX02422,Kate Mendes,kate.mendes2422@nexacore.com,Sales,Sales Operations,Sales Manager,S4,NX01063,Aarav Price,"Edinburgh, UK",2016-09-28,Full-Time,22,Hybrid,6513
NX02423,Manish Carter,manish.carter2423@nexacore.com,Data & Analytics,Data Engineering,Data Scientist,D3,NX02816,Nora Das,"Edinburgh, UK",2020-03-04,Part-Time,21,Hybrid,1879
NX02424,Aisha Walker,aisha.walker2424@nexacore.com,Sales,Presales,Account Executive,S2,NX02148,Antoine Gonzalez,"New York, US",2024-01-21,Full-Time,20,Hybrid,8404
NX02425,Ryan Peters,ryan.peters2425@nexacore.com,Finance,Treasury,Finance Manager,F3,NX01790,Paola Williams,"Boston, US",2018-02-25,Full-Time,33,Hybrid,7392
NX02426,Amara Davis,amara.davis2426@nexacore.com,Sales,Enterprise Sales,Sales Director,S5,,,"New York, US",2013-03-26,Full-Time,24,Remote,9247
NX02427,Kiara Reed,kiara.reed2427@nexacore.com,Operations,Procurement,Operations Analyst,O1,NX02223,Henrik Moore,"Mumbai, India",2025-08-25,Full-Time,12,Office,9458
NX02428,Raj Peters,raj.peters2428@nexacore.com,Data & Analytics,Data Governance,Senior Data Analyst,D2,NX01770,Ananya Clark,"Chennai, India",2024-01-18,Full-Time,14,Hybrid,8275
NX02429,Akira Khan,akira.khan2429@nexacore.com,IT Support,IT Operations,Senior IT Engineer,T3,NX02315,Gabriel Fischer,"Chennai, India",2017-09-17,Part-Time,23,Office,7963
NX02430,Ashley Foster,ashley.foster2430@nexacore.com,Engineering,Platform Engineering,Senior Software Engineer,E3,NX01436,Maya Smith,"New York, US",2020-12-21,Full-Time,16,Hybrid,6605
NX02431,Kabir Nair,kabir.nair2431@nexacore.com,Customer Success,Support Engineering,Customer Success Manager,C2,NX01484,Ayesha Sanchez,"Edinburgh, UK",2021-08-19,Contract,24,Hybrid,7037
NX02432,Lena Price,lena.price2432@nexacore.com,Finance,Accounting,Finance Manager,F3,NX02351,Amelia Nguyen,"Boston, US",2019-05-10,Full-Time,28,Hybrid,9248
NX02433,Mona Kapoor,mona.kapoor2433@nexacore.com,Legal,IP & Compliance,Senior Counsel,L3,NX01549,Carlos Sanchez,"Seattle, US",2019-04-30,Full-Time,27,Hybrid,6005
NX02434,Paola Klein,paola.klein2434@nexacore.com,Operations,Procurement,Senior Operations Mgr,O3,NX02163,Grace Hall,"London, UK",2016-05-23,Part-Time,30,Hybrid,2825
NX02435,Elena Hansen,elena.hansen2435@nexacore.com,Customer Success,Account Management,Senior CSM,C3,NX04430,David Green,"Munich, Germany",2020-01-08,Full-Time,18,Office,2390
NX02436,Sebastian Nelson,sebastian.nelson2436@nexacore.com,Legal,IP & Compliance,Associate Counsel,L2,NX04361,Riya Lim,"San Francisco, US",2023-02-01,Full-Time,22,Remote,9016
NX02437,Grace Bennet,grace.bennet2437@nexacore.com,HR,People Operations,Senior HR Specialist,H3,NX01750,Gabriel Price,"Edinburgh, UK",2017-04-12,Part-Time,15,Hybrid,6793
NX02438,Akira Taylor,akira.taylor2438@nexacore.com,Engineering,QA & Testing,Staff Engineer,E4,NX01276,Beatrice Mitchell,"Mumbai, India",2017-10-31,Full-Time,28,Office,1683
NX02439,Lars Liu,lars.liu2439@nexacore.com,Sales,SMB Sales,Sales Director,S5,,,"Mumbai, India",2012-06-24,Full-Time,25,Office,9934
NX02440,Tobias Foster,tobias.foster2440@nexacore.com,Customer Success,Support Engineering,CS Director,C4,NX02120,Aarav Perez,"Austin, US",2016-03-31,Full-Time,34,Hybrid,2701
NX02441,Usha Chen,usha.chen2441@nexacore.com,Engineering,DevOps & SRE,Senior Software Engineer,E3,NX02074,Karl Garcia,"Munich, Germany",2023-02-15,Full-Time,25,Office,7962
NX02442,Noah Gupta,noah.gupta2442@nexacore.com,Customer Success,Support Engineering,CS Director,C4,NX01565,Grace Fischer,"Seattle, US",2014-05-14,Full-Time,27,Remote,8004
NX02443,Anita Reed,anita.reed2443@nexacore.com,Marketing,Demand Generation,Marketing Specialist,M2,NX01988,Mohamed Sharma,"Manchester, UK",2021-06-21,Part-Time,17,Hybrid,8378
NX02444,Chen Bauer,chen.bauer2444@nexacore.com,Operations,Facilities,Operations Analyst,O1,NX03675,Anjali Peters,"Austin, US",2024-06-03,Part-Time,9,Office,9230
NX02445,Usha Thomas,usha.thomas2445@nexacore.com,Operations,Facilities,Senior Operations Mgr,O3,NX02191,Ryan Wang,"Edinburgh, UK",2020-06-03,Contract,17,Office,9429
NX02446,Fiona Young,fiona.young2446@nexacore.com,Customer Success,Onboarding,Senior CSM,C3,NX02362,Lucas Reddy,"Boston, US",2020-06-17,Full-Time,16,Office,2714
NX02447,Linda Nguyen,linda.nguyen2447@nexacore.com,Engineering,Cloud Infrastructure,Associate Engineer,E1,NX03988,Stefan Cruz,"Seattle, US",2025-04-25,Full-Time,10,Hybrid,9854
NX02448,Pedro Weber,pedro.weber2448@nexacore.com,Customer Success,Support Engineering,CS Director,C4,NX02120,Aarav Perez,"New York, US",2015-09-04,Full-Time,18,Hybrid,4709
NX02449,Sebastian Gonzalez,sebastian.gonzalez2449@nexacore.com,Marketing,Demand Generation,Marketing Specialist,M2,NX03299,Ananya Shah,"Austin, US",2024-04-02,Contract,10,Hybrid,1492
NX02450,Rahul Gonzalez,rahul.gonzalez2450@nexacore.com,HR,People Operations,HR Manager,H4,NX02289,Saanvi Shah,"New York, US",2015-03-20,Contract,17,Office,4474
NX02451,Gaurav Foster,gaurav.foster2451@nexacore.com,Engineering,Platform Engineering,Software Engineer,E2,NX02879,Ethan Peters,"Mumbai, India",2023-12-27,Full-Time,25,Hybrid,1266
NX02452,Antoine Walker,antoine.walker2452@nexacore.com,Engineering,QA & Testing,Senior Software Engineer,E3,NX02957,Tobias Yamada,"Edinburgh, UK",2022-05-26,Full-Time,29,Office,9321
NX02453,Stefan White,stefan.white2453@nexacore.com,Engineering,DevOps & SRE,Software Engineer,E2,NX03249,Karan Young,"Pune, India",2024-10-10,Full-Time,20,Office,7105
NX02454,Priya Das,priya.das2454@nexacore.com,Data & Analytics,ML & AI,Lead Data Scientist,D4,NX04897,Ishan Evans,"Mumbai, India",2015-11-15,Part-Time,22,Hybrid,4997
NX02455,Ayesha Sandoval,ayesha.sandoval2455@nexacore.com,Sales,Enterprise Sales,Sales Manager,S4,NX05945,Rohit Nielsen,"Frankfurt, Germany",2017-11-10,Full-Time,18,Office,3265
NX02456,Isabel Lewis,isabel.lewis2456@nexacore.com,Data & Analytics,ML & AI,Lead Data Scientist,D4,NX01901,Amara White,"Berlin, Germany",2017-01-28,Contract,32,Hybrid,1571
NX02457,Aarav Harris,aarav.harris2457@nexacore.com,Sales,Enterprise Sales,Sales Development Rep,S1,NX02410,Axel Nelson,"Munich, Germany",2025-12-12,Full-Time,17,Hybrid,6397
NX02458,Pedro Nelson,pedro.nelson2458@nexacore.com,IT Support,End-User Computing,IT Support Analyst,T1,NX03302,Carlos Nair,"London, UK",2025-03-01,Full-Time,13,Remote,7388
NX02459,Rosa Khan,rosa.khan2459@nexacore.com,Customer Success,Onboarding,Customer Success Manager,C2,NX03830,Sneha Wilson,"Hyderabad, India",2022-04-02,Full-Time,20,Remote,2417
NX02460,Benjamin Weber,benjamin.weber2460@nexacore.com,Engineering,Cloud Infrastructure,Senior Software Engineer,E3,NX02194,Daniel Williams,"Boston, US",2020-11-08,Full-Time,19,Office,5405
NX02461,Sneha Brown,sneha.brown2461@nexacore.com,Finance,FP&A,Senior Finance Analyst,F2,NX01562,Julia Carter,"Manchester, UK",2021-11-27,Contract,23,Hybrid,5820
NX02462,Emma Meyer,emma.meyer2462@nexacore.com,Customer Success,Renewals,Customer Success Manager,C2,NX02301,Leo Mitchell,"New York, US",2021-09-06,Full-Time,13,Office,4835
NX02463,Zara Nair,zara.nair2463@nexacore.com,Product,Core Product,Senior Product Manager,P3,NX03497,Tobias White,"Frankfurt, Germany",2019-07-07,Contract,31,Remote,6965
NX02464,Amara Mendes,amara.mendes2464@nexacore.com,HR,HR Business Partnering,Senior HR Specialist,H3,NX02709,Kevin Mitchell,"New York, US",2016-11-23,Full-Time,21,Office,7177
NX02465,Alejandro Walker,alejandro.walker2465@nexacore.com,Engineering,QA & Testing,Principal Engineer,E5,,,"Austin, US",2014-09-30,Full-Time,22,Hybrid,6873
NX02466,Shirin Sharma,shirin.sharma2466@nexacore.com,Finance,Accounting,Senior Finance Manager,F4,,,"Edinburgh, UK",2013-06-21,Full-Time,35,Hybrid,7038
NX02467,Elena Clark,elena.clark2467@nexacore.com,Product,Analytics,Product Manager,P2,NX01116,Rahul Hansen,"Manchester, UK",2022-11-17,Full-Time,24,Office,8545
NX02468,Sven Nielsen,sven.nielsen2468@nexacore.com,Legal,IP & Compliance,Legal Analyst,L1,NX01908,Sebastian Yamada,"Hyderabad, India",2024-05-02,Part-Time,10,Remote,4029
NX02469,Ashley Davies,ashley.davies2469@nexacore.com,Product,Growth,Senior Product Manager,P3,NX01077,Lucas Murphy,"Seattle, US",2018-11-14,Full-Time,31,Office,8139
NX02470,Leo Gupta,leo.gupta2470@nexacore.com,Finance,Accounting,Senior Finance Analyst,F2,NX05116,Fiona Miller,"Chennai, India",2022-10-02,Contract,25,Office,8360
NX02471,Anita Weber,anita.weber2471@nexacore.com,Data & Analytics,ML & AI,Data Analyst,D1,NX01215,Usha Davis,"Manchester, UK",2024-07-25,Full-Time,18,Hybrid,5811
NX02472,Patrick Petrov,patrick.petrov2472@nexacore.com,Sales,Enterprise Sales,Account Executive,S2,NX02862,Gabriel Jensen,"London, UK",2024-05-17,Full-Time,21,Office,3069
NX02473,Pankaj Philips,pankaj.philips2473@nexacore.com,Sales,Enterprise Sales,Sales Development Rep,S1,NX02251,Gaurav Moore,"Bangalore, India",2024-12-19,Part-Time,11,Hybrid,6606
NX02474,Rebecca Kim,rebecca.kim2474@nexacore.com,Product,Core Product,Principal PM,P4,NX01144,Rebecca Koch,"Munich, Germany",2017-03-15,Full-Time,20,Hybrid,3910
NX02475,Tobias Gonzalez,tobias.gonzalez2475@nexacore.com,Sales,Sales Operations,Account Executive,S2,NX03192,Sara Mitchell,"Seattle, US",2024-09-15,Full-Time,13,Hybrid,9465
NX02476,Haruto Gonzalez,haruto.gonzalez2476@nexacore.com,Customer Success,Support Engineering,Customer Success Manager,C2,NX01333,Sofia Gonzalez,"Munich, Germany",2024-05-02,Full-Time,23,Hybrid,7381
NX02477,Zara Zhang,zara.zhang2477@nexacore.com,Legal,IP & Compliance,Legal Analyst,L1,NX02673,Sebastian Mitchell,"Bangalore, India",2025-01-07,Full-Time,15,Hybrid,1966
NX02478,Benjamin Desai,benjamin.desai2478@nexacore.com,Engineering,QA & Testing,Software Engineer,E2,NX03069,Uma Thomas,"Manchester, UK",2024-01-09,Full-Time,22,Office,2411
NX02479,Milan Hall,milan.hall2479@nexacore.com,Sales,Presales,Sales Manager,S4,NX01969,Mohamed Sharma,"Hyderabad, India",2018-06-19,Part-Time,12,Hybrid,1872
NX02480,Diego Harris,diego.harris2480@nexacore.com,Customer Success,Onboarding,Senior CSM,C3,NX02387,Ayesha Johnson,"Mumbai, India",2017-06-19,Full-Time,25,Hybrid,1240
NX02481,Aditi Peters,aditi.peters2481@nexacore.com,Sales,Sales Operations,Sales Manager,S4,NX01018,Nora Robinson,"Hyderabad, India",2017-11-06,Contract,25,Office,5801
NX02482,Kabir Smith,kabir.smith2482@nexacore.com,HR,People Operations,Senior HR Specialist,H3,NX03959,Lucas Roberts,"Singapore, Singapore",2020-04-10,Full-Time,27,Office,7752
NX02483,Noah Evans,noah.evans2483@nexacore.com,Engineering,QA & Testing,Staff Engineer,E4,NX01312,Eva Lim,"Seattle, US",2018-02-20,Full-Time,33,Office,9432
NX02484,Emma Perez,emma.perez2484@nexacore.com,Operations,Business Operations,Operations Specialist,O2,NX05920,Ashley Murphy,"Boston, US",2023-09-22,Contract,23,Hybrid,1581
NX02485,Laura Liu,laura.liu2485@nexacore.com,HR,Talent Acquisition,Senior HR Specialist,H3,NX01382,Sofia Yamada,"Chennai, India",2019-06-25,Full-Time,26,Office,4001
NX02486,Arjun Patel,arjun.patel2486@nexacore.com,Sales,Sales Operations,Senior Account Executive,S3,NX03334,Jana Wilson,"San Francisco, US",2021-10-29,Part-Time,8,Hybrid,4964
NX02487,Nikita Garcia,nikita.garcia2487@nexacore.com,Marketing,Content & SEO,Senior Marketing Manager,M3,NX02333,Amara Lim,"Singapore, Singapore",2016-07-27,Full-Time,22,Office,1637
NX02488,Ryan Nguyen,ryan.nguyen2488@nexacore.com,Operations,Business Operations,Operations Director,O4,NX01427,Samuel Martinez,"Austin, US",2015-12-19,Part-Time,15,Hybrid,9247
NX02489,Isabel Robinson,isabel.robinson2489@nexacore.com,Finance,Tax & Compliance,Senior Finance Analyst,F2,NX05116,Fiona Miller,"New York, US",2022-04-25,Full-Time,20,Hybrid,7650
NX02490,Elena Roberts,elena.roberts2490@nexacore.com,Engineering,Platform Engineering,Senior Software Engineer,E3,NX01664,Neha Jones,"London, UK",2021-10-06,Full-Time,21,Hybrid,1821
NX02491,Rahul Meier,rahul.meier2491@nexacore.com,Product,Analytics,Product Manager,P2,NX04078,Pedro Thompson,"London, UK",2022-07-05,Full-Time,22,Hybrid,4374
NX02492,Haruto Wilson,haruto.wilson2492@nexacore.com,Finance,FP&A,Senior Finance Manager,F4,,,"Mumbai, India",2015-10-08,Contract,32,Hybrid,1696
NX02493,Thomas Sharma,thomas.sharma2493@nexacore.com,Data & Analytics,ML & AI,Data Analyst,D1,NX02775,Bernd Philips,"Bangalore, India",2024-08-14,Part-Time,13,Office,2365
NX02494,Blake Patel,blake.patel2494@nexacore.com,IT Support,Security Operations,IT Manager,T4,NX01188,Rajesh Shah,"Edinburgh, UK",2013-01-28,Full-Time,31,Office,6382
NX02495,Maria Weber,maria.weber2495@nexacore.com,Data & Analytics,Data Governance,Data Scientist,D3,NX01054,Riya Davies,"Edinburgh, UK",2019-01-08,Full-Time,35,Remote,7653
NX02496,Paola Jensen,paola.jensen2496@nexacore.com,Data & Analytics,ML & AI,Data Scientist,D3,NX01054,Riya Davies,"Seattle, US",2019-04-14,Part-Time,24,Hybrid,3215
NX02497,Haruto Nelson,haruto.nelson2497@nexacore.com,Engineering,Mobile & Web,Software Engineer,E2,NX03795,Wei Kumar,"Manchester, UK",2024-03-05,Full-Time,24,Hybrid,2293
NX02498,Mira Desai,mira.desai2498@nexacore.com,Operations,Facilities,Operations Director,O4,NX01843,Pedro Sandoval,"San Francisco, US",2015-09-04,Part-Time,14,Hybrid,5253
NX02499,Samuel Singh,samuel.singh2499@nexacore.com,Finance,Tax & Compliance,Finance Analyst,F1,NX01739,Ishan Wright,"Mumbai, India",2025-02-27,Full-Time,16,Hybrid,2636
NX02500,Sara Weber,sara.weber2500@nexacore.com,Customer Success,Account Management,Senior CSM,C3,NX05472,Manish Foster,"Chennai, India",2020-09-10,Full-Time,20,Office,6999
NX02501,Amara Jensen,amara.jensen2501@nexacore.com,Operations,Supply Chain,Operations Specialist,O2,NX01925,Fiona Foster,"Mumbai, India",2023-02-15,Full-Time,21,Office,5981
NX02502,Akira Hoffmann,akira.hoffmann2502@nexacore.com,Data & Analytics,Data Engineering,Data Analyst,D1,NX02816,Nora Das,"Bangalore, India",2024-06-12,Full-Time,20,Hybrid,8019
NX02503,Andrea Pillai,andrea.pillai2503@nexacore.com,Engineering,QA & Testing,Senior Software Engineer,E3,NX05643,Wei Davies,"Boston, US",2020-10-18,Full-Time,28,Hybrid,4627
NX02504,Nikita Scott,nikita.scott2504@nexacore.com,Sales,SMB Sales,Sales Manager,S4,NX02660,Yuki Garcia,"Manchester, UK",2015-07-31,Full-Time,17,Hybrid,6578
NX02505,Ethan Brown,ethan.brown2505@nexacore.com,Customer Success,Support Engineering,CS Associate,C1,NX02279,Henrik Clark,"Edinburgh, UK",2024-12-16,Full-Time,16,Hybrid,1213
NX02506,Alec Mitchell,alec.mitchell2506@nexacore.com,Engineering,QA & Testing,Software Engineer,E2,NX03038,Andrea Lewis,"Berlin, Germany",2024-11-12,Contract,12,Hybrid,8196
NX02507,Sophie Kaur,sophie.kaur2507@nexacore.com,Engineering,Platform Engineering,Senior Software Engineer,E3,NX03641,Lisa Jain,"Austin, US",2023-04-21,Full-Time,23,Office,4568
NX02508,Isabel Ross,isabel.ross2508@nexacore.com,Customer Success,Support Engineering,CS Director,C4,NX01271,Antoine Peters,"Boston, US",2014-02-01,Contract,28,Remote,1336
NX02509,Aarav Mitchell,aarav.mitchell2509@nexacore.com,Finance,Treasury,Senior Finance Analyst,F2,NX03576,Pankaj Wood,"Munich, Germany",2022-10-20,Full-Time,21,Hybrid,3632
NX02510,Nora Bauer,nora.bauer2510@nexacore.com,Finance,FP&A,Senior Finance Analyst,F2,NX05758,Alex Davies,"Frankfurt, Germany",2022-12-17,Full-Time,15,Office,4008
NX02511,Luka Davis,luka.davis2511@nexacore.com,Sales,Presales,Sales Development Rep,S1,NX03205,Jana Kaur,"Seattle, US",2025-01-02,Full-Time,13,Office,3448
NX02512,Jonathan Jain,jonathan.jain2512@nexacore.com,Sales,Sales Operations,Sales Development Rep,S1,NX02481,Aditi Peters,"London, UK",2025-08-11,Full-Time,21,Hybrid,1652
NX02513,Rohit Turner,rohit.turner2513@nexacore.com,Operations,Supply Chain,Senior Operations Mgr,O3,NX03950,Noah Yamada,"Manchester, UK",2019-09-28,Full-Time,16,Hybrid,7783
NX02514,Uma Kapoor,uma.kapoor2514@nexacore.com,Data & Analytics,Business Intelligence,Data Analyst,D1,NX02840,Laura Davies,"Bangalore, India",2024-09-22,Full-Time,16,Hybrid,4603
NX02515,Diego Scott,diego.scott2515@nexacore.com,Finance,FP&A,Senior Finance Manager,F4,,,"Boston, US",2014-03-24,Part-Time,21,Hybrid,6473
NX02516,Zoe Nguyen,zoe.nguyen2516@nexacore.com,Customer Success,Support Engineering,Senior CSM,C3,NX02569,Nora Weber,"New York, US",2020-04-06,Full-Time,20,Hybrid,6106
NX02517,Gaurav Mitchell,gaurav.mitchell2517@nexacore.com,Sales,Enterprise Sales,Sales Manager,S4,NX02439,Lars Liu,"Austin, US",2019-05-07,Full-Time,30,Office,1138
NX02518,Emma Nielsen,emma.nielsen2518@nexacore.com,Sales,Sales Operations,Account Executive,S2,NX04259,William Scott,"Manchester, UK",2024-10-27,Contract,16,Hybrid,1404
NX02519,Deepa Anderson,deepa.anderson2519@nexacore.com,Finance,Treasury,Finance Manager,F3,NX01790,Paola Williams,"Pune, India",2016-12-15,Full-Time,18,Hybrid,1100
NX02520,Haruto Hansen,haruto.hansen2520@nexacore.com,Operations,Procurement,Senior Operations Mgr,O3,NX04482,Chen Petrov,"New York, US",2017-09-06,Full-Time,30,Remote,2106
NX02521,Oliver Reddy,oliver.reddy2521@nexacore.com,IT Support,End-User Computing,Senior IT Engineer,T3,NX01462,Shirin Pillai,"Singapore, Singapore",2018-09-19,Contract,24,Office,2547
NX02522,Sabrina Davis,sabrina.davis2522@nexacore.com,Engineering,Platform Engineering,Senior Software Engineer,E3,NX02409,Zoe Sharma,"Singapore, Singapore",2020-11-26,Full-Time,14,Hybrid,2336
NX02523,Milan Ross,milan.ross2523@nexacore.com,Legal,Employment Law,Legal Analyst,L1,NX02747,Karan Sanchez,"Munich, Germany",2024-01-30,Part-Time,15,Office,7254
NX02524,Valentina Brown,valentina.brown2524@nexacore.com,Sales,Enterprise Sales,Senior Account Executive,S3,NX01520,Ashley Williams,"London, UK",2020-11-11,Full-Time,25,Office,2100
NX02525,Paul Schmidt,paul.schmidt2525@nexacore.com,Finance,Accounting,Senior Finance Manager,F4,NX02466,Shirin Sharma,"Singapore, Singapore",2015-10-19,Contract,19,Office,5523
NX02526,Neha Lee,neha.lee2526@nexacore.com,Sales,Enterprise Sales,Account Executive,S2,NX03877,Riya Bhatt,"Pune, India",2024-01-24,Contract,10,Hybrid,3662
NX02527,Aarav Carter,aarav.carter2527@nexacore.com,IT Support,End-User Computing,Senior IT Engineer,T3,NX05195,Amara Singh,"San Francisco, US",2020-11-09,Contract,24,Hybrid,3216
NX02528,Fiona Chakraborty,fiona.chakraborty2528@nexacore.com,IT Support,IT Operations,Senior IT Engineer,T3,NX01966,Beatrice Clark,"Hyderabad, India",2021-05-23,Full-Time,25,Hybrid,3157
NX02529,Vikram Wright,vikram.wright2529@nexacore.com,Marketing,Brand & Communications,Senior Marketing Manager,M3,NX01561,Markus Wang,"Hyderabad, India",2020-06-07,Full-Time,27,Hybrid,1167
NX02530,Deepa Wood,deepa.wood2530@nexacore.com,Data & Analytics,Data Engineering,Senior Data Analyst,D2,NX03781,Ravi Martin,"Chennai, India",2023-10-30,Full-Time,17,Remote,3445
NX02531,Jonathan Evans,jonathan.evans2531@nexacore.com,IT Support,End-User Computing,Senior IT Engineer,T3,NX04529,Aisha Hansen,"Munich, Germany",2016-10-24,Full-Time,32,Hybrid,4992
NX02532,Patrick White,patrick.white2532@nexacore.com,Product,Growth,Associate PM,P1,NX04023,Maria Fischer,"Mumbai, India",2024-09-06,Full-Time,23,Office,7670
NX02533,Kiara Mitchell,kiara.mitchell2533@nexacore.com,Sales,SMB Sales,Account Executive,S2,NX01280,Yuki Cruz,"Bangalore, India",2022-08-23,Part-Time,9,Hybrid,4781
NX02534,Samuel Nielsen,samuel.nielsen2534@nexacore.com,Engineering,DevOps & SRE,Software Engineer,E2,NX01091,Aditi Murphy,"Manchester, UK",2024-08-23,Full-Time,20,Office,3163
NX02535,Aryan Varma,aryan.varma2535@nexacore.com,Product,Core Product,Product Manager,P2,NX04162,Shreya Becker,"New York, US",2022-01-02,Contract,27,Hybrid,8695
NX02536,Markus Meyer,markus.meyer2536@nexacore.com,Marketing,Brand & Communications,Marketing Director,M4,NX01493,Maya Weber,"New York, US",2014-05-12,Contract,32,Remote,1477
NX02537,Lena Jones,lena.jones2537@nexacore.com,Product,Platform,Product Manager,P2,NX03713,Maya Clark,"Hyderabad, India",2022-04-13,Contract,27,Office,4326
NX02538,Daniel Murphy,daniel.murphy2538@nexacore.com,Marketing,Content & SEO,Marketing Specialist,M2,NX02072,Ananya Thomas,"Bangalore, India",2022-06-19,Contract,16,Hybrid,7843
NX02539,Rahul Nielsen,rahul.nielsen2539@nexacore.com,Engineering,Platform Engineering,Senior Software Engineer,E3,NX02323,Jonathan Naidu,"Edinburgh, UK",2022-04-05,Full-Time,27,Remote,9390
NX02540,Rahul Meier,rahul.meier2540@nexacore.com,Operations,Facilities,Operations Specialist,O2,NX02294,Siddhant Philips,"Mumbai, India",2023-02-15,Full-Time,19,Office,5923
NX02541,Amrita Nelson,amrita.nelson2541@nexacore.com,Customer Success,Renewals,Customer Success Manager,C2,NX01723,Samuel Naidu,"Edinburgh, UK",2022-12-19,Full-Time,21,Remote,4681
NX02542,Robert Martin,robert.martin2542@nexacore.com,HR,Talent Acquisition,HR Generalist,H2,NX01945,Kate Hughes,"Boston, US",2022-05-24,Part-Time,17,Office,3121
NX02543,Grace Miller,grace.miller2543@nexacore.com,Finance,Accounting,Senior Finance Analyst,F2,NX03063,Thomas Nguyen,"Berlin, Germany",2023-02-10,Full-Time,19,Hybrid,4546
NX02544,Riya Thompson,riya.thompson2544@nexacore.com,Engineering,Cloud Infrastructure,Staff Engineer,E4,NX02095,Tanvi Turner,"London, UK",2019-02-07,Part-Time,22,Office,2661
NX02545,Usha Price,usha.price2545@nexacore.com,Sales,Enterprise Sales,Senior Account Executive,S3,NX01556,Sabrina Lewis,"Frankfurt, Germany",2019-12-28,Contract,20,Remote,3416
NX02546,Karan Williams,karan.williams2546@nexacore.com,Product,Platform,Senior Product Manager,P3,NX04582,Diego Smith,"Hyderabad, India",2020-07-12,Part-Time,18,Office,4614
NX02547,Jana Rodriguez,jana.rodriguez2547@nexacore.com,Product,Platform,Principal PM,P4,NX01111,David Bennet,"Austin, US",2014-01-01,Full-Time,21,Remote,4058
NX02548,Pankaj Thompson,pankaj.thompson2548@nexacore.com,Legal,Corporate Legal,Legal Analyst,L1,NX02728,Manish Klein,"Manchester, UK",2023-09-02,Contract,19,Hybrid,1569
NX02549,Karan Clark,karan.clark2549@nexacore.com,Product,Core Product,Senior Product Manager,P3,NX03884,Ayesha Gonzalez,"Manchester, UK",2021-04-17,Part-Time,17,Office,5375
NX02550,Paola Patel,paola.patel2550@nexacore.com,Operations,Procurement,Senior Operations Mgr,O3,NX01064,Julia Anderson,"Seattle, US",2017-09-13,Full-Time,17,Hybrid,5395
NX02551,Nicolas Harris,nicolas.harris2551@nexacore.com,Customer Success,Support Engineering,Senior CSM,C3,NX04143,Vikas Reed,"Austin, US",2020-07-23,Full-Time,23,Hybrid,7439
NX02552,Priya Wilson,priya.wilson2552@nexacore.com,Sales,Presales,Sales Manager,S4,NX01063,Aarav Price,"Hyderabad, India",2015-09-15,Full-Time,33,Hybrid,3901
NX02553,Nisha Klein,nisha.klein2553@nexacore.com,Engineering,Mobile & Web,Principal Engineer,E5,,,"Bangalore, India",2015-08-14,Contract,25,Remote,6019
NX02554,Uma Das,uma.das2554@nexacore.com,Engineering,Mobile & Web,Software Engineer,E2,NX03163,Ashley Robinson,"New York, US",2024-04-05,Full-Time,14,Office,7247
NX02555,Raj Kumar,raj.kumar2555@nexacore.com,Engineering,DevOps & SRE,Associate Engineer,E1,NX04413,Haruto Nguyen,"New York, US",2025-08-24,Full-Time,17,Hybrid,3239
NX02556,Karan Mendes,karan.mendes2556@nexacore.com,Customer Success,Onboarding,Customer Success Manager,C2,NX03684,Lucas Santos,"Seattle, US",2024-05-29,Full-Time,16,Office,1862
NX02557,Lena Taylor,lena.taylor2557@nexacore.com,Engineering,QA & Testing,Principal Engineer,E5,,,"San Francisco, US",2014-10-03,Full-Time,32,Hybrid,5931
NX02558,Mira Lee,mira.lee2558@nexacore.com,Sales,SMB Sales,Senior Account Executive,S3,NX03205,Jana Kaur,"Mumbai, India",2022-01-20,Full-Time,15,Office,4702
NX02559,Carlos Varma,carlos.varma2559@nexacore.com,Finance,FP&A,Finance Manager,F3,NX04038,Jessica Wilson,"Bangalore, India",2019-03-27,Contract,20,Remote,9697
NX02560,Olivia Green,olivia.green2560@nexacore.com,Customer Success,Account Management,Senior CSM,C3,NX05005,Riya Brown,"Pune, India",2018-08-20,Full-Time,33,Hybrid,5601
NX02561,Mira Gonzalez,mira.gonzalez2561@nexacore.com,Sales,SMB Sales,Sales Manager,S4,NX02598,Aditi White,"Manchester, UK",2018-07-17,Part-Time,13,Hybrid,9281
NX02562,Shreya Kaur,shreya.kaur2562@nexacore.com,Operations,Facilities,Senior Operations Mgr,O3,NX02153,Diego Davies,"Frankfurt, Germany",2021-04-04,Full-Time,26,Hybrid,1414
NX02563,Wei Muller,wei.muller2563@nexacore.com,Engineering,Mobile & Web,Senior Software Engineer,E3,NX02602,Priya Khan,"Chennai, India",2021-08-18,Full-Time,16,Office,7558
NX02564,Mohamed Muller,mohamed.muller2564@nexacore.com,HR,People Operations,HR Coordinator,H1,NX03223,Laura Brown,"San Francisco, US",2024-06-24,Full-Time,23,Hybrid,1764
NX02565,Olivia Garcia,olivia.garcia2565@nexacore.com,Data & Analytics,Data Governance,Senior Data Analyst,D2,NX03551,Vikas Sandoval,"Hyderabad, India",2022-10-29,Full-Time,26,Hybrid,1595
NX02566,Alex Garcia,alex.garcia2566@nexacore.com,Legal,IP & Compliance,Legal Analyst,L1,NX04852,Fiona Nielsen,"New York, US",2024-12-19,Part-Time,9,Hybrid,8587
NX02567,Isabel Dubois,isabel.dubois2567@nexacore.com,Sales,Presales,Account Executive,S2,NX01871,Elena Foster,"Bangalore, India",2023-08-19,Contract,22,Hybrid,4565
NX02568,Raj Reddy,raj.reddy2568@nexacore.com,Customer Success,Onboarding,Customer Success Manager,C2,NX04153,Arjun Santos,"Frankfurt, Germany",2023-11-19,Full-Time,13,Hybrid,6666
NX02569,Nora Weber,nora.weber2569@nexacore.com,Customer Success,Account Management,CS Director,C4,NX01608,David Kumar,"Singapore, Singapore",2015-09-15,Full-Time,30,Hybrid,8940
NX02570,Kevin Martin,kevin.martin2570@nexacore.com,Engineering,Cloud Infrastructure,Staff Engineer,E4,NX01930,Beatrice Rodriguez,"Manchester, UK",2017-02-24,Contract,29,Hybrid,4844
NX02571,Ethan Green,ethan.green2571@nexacore.com,Data & Analytics,Business Intelligence,Data Scientist,D3,NX02947,Paul Cruz,"Munich, Germany",2019-12-30,Full-Time,17,Remote,3855
NX02572,Aarav Klein,aarav.klein2572@nexacore.com,Operations,Facilities,Senior Operations Mgr,O3,NX04041,Gabriel Yamada,"Frankfurt, Germany",2017-02-23,Part-Time,23,Remote,6800
NX02573,Julia Evans,julia.evans2573@nexacore.com,Marketing,Demand Generation,Senior Marketing Manager,M3,NX01927,Kiara Santos,"Berlin, Germany",2021-03-18,Full-Time,16,Hybrid,7506
NX02574,Benjamin Carter,benjamin.carter2574@nexacore.com,Operations,Procurement,Operations Specialist,O2,NX03489,Aarav Young,"Mumbai, India",2022-04-13,Contract,26,Hybrid,9284
NX02575,Freya Harris,freya.harris2575@nexacore.com,Finance,Treasury,Finance Manager,F3,NX03019,Nisha Williams,"Mumbai, India",2021-05-12,Full-Time,19,Hybrid,2634
NX02576,Oliver Smith,oliver.smith2576@nexacore.com,Product,Growth,Principal PM,P4,NX02322,Lucas Rao,"New York, US",2014-01-21,Part-Time,22,Hybrid,5294
NX02577,William Kaur,william.kaur2577@nexacore.com,Customer Success,Renewals,Customer Success Manager,C2,NX01723,Samuel Naidu,"Frankfurt, Germany",2021-10-23,Full-Time,25,Hybrid,3378
NX02578,Jaya Hughes,jaya.hughes2578@nexacore.com,Operations,Business Operations,Senior Operations Mgr,O3,NX02002,Robert Smith,"Chennai, India",2021-02-23,Full-Time,28,Remote,5784
NX02579,Kiara Garcia,kiara.garcia2579@nexacore.com,Engineering,Mobile & Web,Principal Engineer,E5,,,"Chennai, India",2012-09-21,Part-Time,30,Remote,3926
NX02580,Oliver Moore,oliver.moore2580@nexacore.com,Data & Analytics,Data Engineering,Head of Data,D5,,,"Edinburgh, UK",2012-08-04,Full-Time,29,Office,7088
NX02581,Andrei Miller,andrei.miller2581@nexacore.com,Marketing,Demand Generation,Senior Marketing Manager,M3,NX05969,Ravi Wood,"Frankfurt, Germany",2016-09-26,Full-Time,18,Hybrid,1908
NX02582,Liam Mitchell,liam.mitchell2582@nexacore.com,Product,Analytics,Associate PM,P1,NX02591,William Ross,"Seattle, US",2025-11-11,Full-Time,16,Hybrid,4753
NX02583,Maya Zhang,maya.zhang2583@nexacore.com,Engineering,Platform Engineering,Principal Engineer,E5,,,"London, UK",2016-02-03,Full-Time,28,Hybrid,7313
NX02584,Hannah Moore,hannah.moore2584@nexacore.com,Engineering,Platform Engineering,Senior Software Engineer,E3,NX02140,Zoe Murphy,"Singapore, Singapore",2022-03-08,Full-Time,14,Remote,6986
NX02585,Priya Chen,priya.chen2585@nexacore.com,Engineering,Mobile & Web,Senior Software Engineer,E3,NX03103,Vikas Yamada,"Seattle, US",2022-07-16,Full-Time,25,Hybrid,3855
NX02586,Arjun Mendes,arjun.mendes2586@nexacore.com,Engineering,Platform Engineering,Software Engineer,E2,NX02664,Rajesh Wright,"Berlin, Germany",2024-11-10,Part-Time,9,Hybrid,6405
NX02587,Ryan Khan,ryan.khan2587@nexacore.com,HR,Talent Acquisition,HR Generalist,H2,NX01345,Amelia Turner,"Hyderabad, India",2022-06-01,Contract,19,Remote,8386
NX02588,Tina Martinez,tina.martinez2588@nexacore.com,Operations,Business Operations,Senior Operations Mgr,O3,NX04748,Simon Zhang,"Mumbai, India",2017-06-30,Full-Time,27,Hybrid,3764
NX02589,Sabrina Gonzalez,sabrina.gonzalez2589@nexacore.com,Finance,FP&A,Finance Manager,F3,NX04038,Jessica Wilson,"Hyderabad, India",2021-04-24,Contract,29,Remote,3452
NX02590,Maya Clark,maya.clark2590@nexacore.com,Data & Analytics,Business Intelligence,Lead Data Scientist,D4,NX01901,Amara White,"Austin, US",2015-08-31,Part-Time,20,Office,8581
NX02591,William Ross,william.ross2591@nexacore.com,Product,Analytics,Principal PM,P4,NX01335,Shreya Patel,"Edinburgh, UK",2014-05-14,Full-Time,29,Office,2215
NX02592,Gaurav Naidu,gaurav.naidu2592@nexacore.com,Customer Success,Renewals,Senior CSM,C3,NX01781,Saanvi Murphy,"Frankfurt, Germany",2017-08-21,Full-Time,30,Hybrid,3160
NX02593,Samuel Taylor,samuel.taylor2593@nexacore.com,IT Support,IT Operations,Senior IT Engineer,T3,NX01966,Beatrice Clark,"Bangalore, India",2019-01-16,Full-Time,19,Hybrid,9761
NX02594,Sofia Taylor,sofia.taylor2594@nexacore.com,Operations,Procurement,Operations Director,O4,NX01923,Jason Roth,"Manchester, UK",2014-11-19,Full-Time,17,Remote,6058
NX02595,Jana Desai,jana.desai2595@nexacore.com,Sales,Enterprise Sales,Account Executive,S2,NX02481,Aditi Peters,"Edinburgh, UK",2023-11-25,Full-Time,15,Hybrid,3976
NX02596,Karen Dubois,karen.dubois2596@nexacore.com,Engineering,Cloud Infrastructure,Staff Engineer,E4,NX01170,Michael Patel,"Mumbai, India",2020-05-12,Full-Time,33,Hybrid,6719
NX02597,Sven Meyer,sven.meyer2597@nexacore.com,HR,L&D,HR Generalist,H2,NX01386,Omar Brown,"Boston, US",2021-08-15,Contract,20,Remote,8863
NX02598,Aditi White,aditi.white2598@nexacore.com,Sales,Enterprise Sales,Sales Director,S5,,,"Bangalore, India",2013-11-21,Full-Time,23,Office,6016
NX02599,Michael Roberts,michael.roberts2599@nexacore.com,Sales,Presales,Senior Account Executive,S3,NX03657,Lisa Meyer,"Frankfurt, Germany",2020-06-29,Full-Time,17,Hybrid,6071
NX02600,Beatrice Murphy,beatrice.murphy2600@nexacore.com,Engineering,Cloud Infrastructure,Staff Engineer,E4,NX01406,Karan Mitchell,"Edinburgh, UK",2019-03-08,Full-Time,27,Office,6416
NX02601,Amelia Becker,amelia.becker2601@nexacore.com,Data & Analytics,Data Governance,Data Scientist,D3,NX02775,Bernd Philips,"Austin, US",2019-01-16,Full-Time,29,Hybrid,1616
NX02602,Priya Khan,priya.khan2602@nexacore.com,Engineering,QA & Testing,Principal Engineer,E5,NX01895,Henrik Rao,"Berlin, Germany",2014-02-02,Contract,33,Hybrid,2800
NX02603,Olivia Fischer,olivia.fischer2603@nexacore.com,Operations,Procurement,Operations Analyst,O1,NX01691,Riya Varma,"Austin, US",2025-02-16,Full-Time,14,Hybrid,8634
NX02604,Aisha Gupta,aisha.gupta2604@nexacore.com,Legal,IP & Compliance,Associate Counsel,L2,NX04361,Riya Lim,"Manchester, UK",2020-12-14,Full-Time,18,Hybrid,4381
NX02605,Ryan Kumar,ryan.kumar2605@nexacore.com,Sales,SMB Sales,Account Executive,S2,NX01666,Kabir Nguyen,"Hyderabad, India",2023-02-16,Full-Time,17,Office,7446
NX02606,Nora Klein,nora.klein2606@nexacore.com,Customer Success,Renewals,CS Director,C4,NX02128,Karan White,"Berlin, Germany",2013-09-10,Full-Time,27,Hybrid,5786
NX02607,Jonathan Lee,jonathan.lee2607@nexacore.com,Sales,Sales Operations,Account Executive,S2,NX01829,Manish Walker,"Hyderabad, India",2024-06-10,Full-Time,14,Office,5007
NX02608,Kate Weber,kate.weber2608@nexacore.com,Customer Success,Support Engineering,Customer Success Manager,C2,NX01781,Saanvi Murphy,"Seattle, US",2023-03-01,Contract,19,Office,7716
NX02609,Lena Becker,lena.becker2609@nexacore.com,Engineering,QA & Testing,Associate Engineer,E1,NX01664,Neha Jones,"New York, US",2025-02-25,Full-Time,15,Hybrid,7883
NX02610,Deepa Schmidt,deepa.schmidt2610@nexacore.com,Engineering,DevOps & SRE,Staff Engineer,E4,NX01895,Henrik Rao,"San Francisco, US",2017-05-01,Contract,19,Remote,5417
NX02611,Blake Jones,blake.jones2611@nexacore.com,Operations,Business Operations,Operations Specialist,O2,NX01611,Paola Thompson,"Pune, India",2021-10-19,Full-Time,24,Office,2886
NX02612,Sophie Young,sophie.young2612@nexacore.com,Sales,Enterprise Sales,Sales Manager,S4,NX05945,Rohit Nielsen,"Frankfurt, Germany",2015-10-28,Full-Time,24,Hybrid,4157
NX02613,Luka Sharma,luka.sharma2613@nexacore.com,Operations,Procurement,Senior Operations Mgr,O3,NX05559,Arjun Varma,"Manchester, UK",2017-08-27,Full-Time,31,Office,1610
NX02614,Kate Bauer,kate.bauer2614@nexacore.com,Customer Success,Onboarding,Customer Success Manager,C2,NX05423,Paola Harris,"Boston, US",2021-11-24,Full-Time,17,Office,2050
NX02615,Ethan Williams,ethan.williams2615@nexacore.com,Marketing,Demand Generation,Marketing Director,M4,NX01475,Alejandro Brown,"Mumbai, India",2015-10-31,Full-Time,24,Hybrid,2747
NX02616,Diego Zhou,diego.zhou2616@nexacore.com,Operations,Supply Chain,Operations Specialist,O2,NX04487,Anita Clark,"San Francisco, US",2022-10-08,Part-Time,13,Office,9663
NX02617,Rahul Hansen,rahul.hansen2617@nexacore.com,Sales,Sales Operations,Sales Manager,S4,NX01018,Nora Robinson,"London, UK",2016-12-07,Part-Time,30,Remote,8049
NX02618,Axel Roth,axel.roth2618@nexacore.com,Operations,Business Operations,Operations Specialist,O2,NX01921,Oliver Reed,"Hyderabad, India",2022-07-19,Full-Time,21,Remote,5249
NX02619,Mona Mitchell,mona.mitchell2619@nexacore.com,IT Support,IT Operations,IT Support Engineer,T2,NX01238,Nicolas Fischer,"Austin, US",2023-08-31,Full-Time,14,Hybrid,1787
NX02620,Jason Koch,jason.koch2620@nexacore.com,Data & Analytics,Business Intelligence,Lead Data Scientist,D4,NX03028,Kate Roth,"San Francisco, US",2014-12-29,Full-Time,31,Hybrid,1548
NX02621,Kevin Hansen,kevin.hansen2621@nexacore.com,Sales,Sales Operations,Account Executive,S2,NX01403,Jonas Wright,"Munich, Germany",2023-05-10,Full-Time,24,Hybrid,1306
NX02622,Martin Jensen,martin.jensen2622@nexacore.com,Customer Success,Renewals,Senior CSM,C3,NX04919,Paola Thomas,"Berlin, Germany",2019-02-01,Contract,23,Remote,9851
NX02623,Amara Bhatt,amara.bhatt2623@nexacore.com,Operations,Facilities,Operations Specialist,O2,NX01921,Oliver Reed,"Chennai, India",2022-05-05,Contract,28,Hybrid,3506
NX02624,Beatrice Smith,beatrice.smith2624@nexacore.com,HR,HR Business Partnering,HR Generalist,H2,NX05926,Amelia Liu,"Munich, Germany",2021-08-06,Full-Time,28,Hybrid,5949
NX02625,Jaya Lewis,jaya.lewis2625@nexacore.com,Engineering,Platform Engineering,Staff Engineer,E4,NX01992,Sven Lewis,"Chennai, India",2017-09-10,Full-Time,24,Office,1768
NX02626,Gabriel Gonzalez,gabriel.gonzalez2626@nexacore.com,Engineering,QA & Testing,Senior Software Engineer,E3,NX01161,Mohamed Roth,"Seattle, US",2022-09-21,Full-Time,17,Office,3612
NX02627,James Harris,james.harris2627@nexacore.com,Marketing,Demand Generation,Senior Marketing Manager,M3,NX04126,Sneha Koch,"Singapore, Singapore",2017-10-10,Full-Time,31,Office,1266
NX02628,Diego Liu,diego.liu2628@nexacore.com,Sales,Presales,Sales Manager,S4,NX04888,Valentina Williams,"Pune, India",2016-04-14,Full-Time,35,Hybrid,4595
NX02629,James Kapoor,james.kapoor2629@nexacore.com,Engineering,DevOps & SRE,Staff Engineer,E4,NX01500,Tobias Hansen,"Munich, Germany",2018-08-13,Full-Time,22,Hybrid,8475
NX02630,Pankaj Bauer,pankaj.bauer2630@nexacore.com,Sales,Presales,Senior Account Executive,S3,NX03779,Gabriel Jensen,"Berlin, Germany",2020-02-11,Full-Time,23,Office,5081
NX02631,Anjali Gupta,anjali.gupta2631@nexacore.com,HR,L&D,HR Coordinator,H1,NX03350,Sophie Peters,"Manchester, UK",2024-10-09,Full-Time,21,Hybrid,4781
NX02632,Laura Petrov,laura.petrov2632@nexacore.com,Legal,Corporate Legal,Associate Counsel,L2,NX02747,Karan Sanchez,"Austin, US",2023-03-30,Full-Time,23,Hybrid,1764
NX02633,Deepa Roberts,deepa.roberts2633@nexacore.com,Legal,IP & Compliance,Senior Counsel,L3,NX01951,Benjamin Lewis,"Munich, Germany",2017-06-12,Full-Time,35,Office,2488
NX02634,Shirin White,shirin.white2634@nexacore.com,Product,Growth,Product Manager,P2,NX05178,Ravi Johnson,"New York, US",2023-01-28,Part-Time,13,Hybrid,1958
NX02635,Samuel Williams,samuel.williams2635@nexacore.com,Data & Analytics,Data Governance,Senior Data Analyst,D2,NX01558,Lucas Becker,"Seattle, US",2021-07-29,Part-Time,19,Office,8803
NX02636,Thomas Lim,thomas.lim2636@nexacore.com,Engineering,Mobile & Web,Staff Engineer,E4,NX01813,Harry Liu,"Berlin, Germany",2017-10-27,Full-Time,30,Office,5320
NX02637,Andrei Miller,andrei.miller2637@nexacore.com,Finance,Tax & Compliance,Senior Finance Analyst,F2,NX04190,Jessica Wang,"Austin, US",2024-03-07,Contract,10,Office,3430
NX02638,Nikita Pillai,nikita.pillai2638@nexacore.com,Sales,Enterprise Sales,Senior Account Executive,S3,NX01172,Alejandro Chakraborty,"New York, US",2020-03-12,Full-Time,15,Hybrid,6623
NX02639,Priya Mitchell,priya.mitchell2639@nexacore.com,HR,L&D,Senior HR Specialist,H3,NX02999,Carlos Shah,"Seattle, US",2018-06-18,Contract,28,Remote,8953
NX02640,Kevin Sharma,kevin.sharma2640@nexacore.com,Marketing,Demand Generation,Senior Marketing Manager,M3,NX01561,Markus Wang,"Munich, Germany",2017-09-30,Contract,31,Hybrid,2385
NX02641,Beatrice Carter,beatrice.carter2641@nexacore.com,IT Support,End-User Computing,IT Support Analyst,T1,NX05470,Gaurav Bauer,"Singapore, Singapore",2025-03-10,Full-Time,18,Office,7814
NX02642,Andrei Thompson,andrei.thompson2642@nexacore.com,IT Support,End-User Computing,IT Support Engineer,T2,NX04033,Robert Lim,"Munich, Germany",2023-02-27,Full-Time,20,Office,3474
NX02643,Oliver Davis,oliver.davis2643@nexacore.com,Engineering,QA & Testing,Software Engineer,E2,NX01634,Alejandro Chakraborty,"Seattle, US",2024-01-13,Part-Time,15,Hybrid,9093
NX02644,Carlos Gupta,carlos.gupta2644@nexacore.com,HR,People Operations,Senior HR Specialist,H3,NX04721,Hannah Pillai,"Chennai, India",2018-05-28,Full-Time,28,Office,8444
NX02645,Haruto Gonzalez,haruto.gonzalez2645@nexacore.com,Finance,FP&A,Senior Finance Analyst,F2,NX04887,Amelia Robinson,"Manchester, UK",2024-04-11,Full-Time,20,Hybrid,7174
NX02646,Mohamed Varma,mohamed.varma2646@nexacore.com,Operations,Facilities,Senior Operations Mgr,O3,NX01711,Clara Bhatt,"Edinburgh, UK",2018-07-18,Full-Time,18,Hybrid,4203
NX02647,Jana Koch,jana.koch2647@nexacore.com,IT Support,IT Operations,IT Support Engineer,T2,NX01290,James Green,"Boston, US",2022-12-20,Full-Time,11,Hybrid,9177
NX02648,Uma Santos,uma.santos2648@nexacore.com,Product,Platform,Associate PM,P1,NX04023,Maria Fischer,"Bangalore, India",2025-07-22,Full-Time,21,Office,7130
NX02649,Paul Zhang,paul.zhang2649@nexacore.com,Engineering,QA & Testing,Staff Engineer,E4,NX01132,Clara Murphy,"Manchester, UK",2018-02-23,Full-Time,29,Office,8343
NX02650,Tina Kapoor,tina.kapoor2650@nexacore.com,HR,People Operations,Senior HR Specialist,H3,NX01026,Freya Peters,"Edinburgh, UK",2019-07-28,Full-Time,23,Remote,7784
NX02651,Karen Khan,karen.khan2651@nexacore.com,Sales,SMB Sales,Account Executive,S2,NX03626,Mohamed White,"Munich, Germany",2022-12-01,Full-Time,22,Office,6876
NX02652,Fiona Becker,fiona.becker2652@nexacore.com,HR,HR Business Partnering,Senior HR Specialist,H3,NX01495,Sophie Lewis,"Hyderabad, India",2020-11-03,Full-Time,27,Hybrid,1455
NX02653,Paola Roth,paola.roth2653@nexacore.com,Customer Success,Account Management,Customer Success Manager,C2,NX03267,Sophie Sharma,"Chennai, India",2024-06-29,Contract,10,Hybrid,7725
NX02654,Jonas Brown,jonas.brown2654@nexacore.com,Sales,SMB Sales,Sales Manager,S4,NX02915,James Hoffmann,"London, UK",2019-01-08,Full-Time,28,Remote,8141
NX02655,Kate Patel,kate.patel2655@nexacore.com,Sales,SMB Sales,Sales Manager,S4,NX02660,Yuki Garcia,"Berlin, Germany",2018-09-19,Full-Time,30,Office,1700
NX02656,Saanvi Meyer,saanvi.meyer2656@nexacore.com,Sales,Enterprise Sales,Senior Account Executive,S3,NX01700,Ashley Clark,"London, UK",2019-12-26,Part-Time,14,Hybrid,6564
NX02657,Bernd Hansen,bernd.hansen2657@nexacore.com,HR,People Operations,Senior HR Specialist,H3,NX04721,Hannah Pillai,"Pune, India",2020-10-29,Full-Time,30,Remote,1714
NX02658,Liam Roth,liam.roth2658@nexacore.com,Engineering,QA & Testing,Associate Engineer,E1,NX05436,Wei Roberts,"Austin, US",2024-12-07,Part-Time,13,Hybrid,3896
NX02659,Eva Davies,eva.davies2659@nexacore.com,Data & Analytics,Business Intelligence,Senior Data Analyst,D2,NX05241,Robert Zhang,"Hyderabad, India",2023-01-24,Full-Time,24,Remote,7102
NX02660,Yuki Garcia,yuki.garcia2660@nexacore.com,Sales,Presales,Sales Director,S5,,,"Berlin, Germany",2012-09-17,Contract,35,Office,2703
NX02661,Chris Reddy,chris.reddy2661@nexacore.com,Data & Analytics,ML & AI,Data Analyst,D1,NX02775,Bernd Philips,"Seattle, US",2025-01-09,Contract,19,Office,3188
NX02662,Aarav Brown,aarav.brown2662@nexacore.com,Engineering,DevOps & SRE,Principal Engineer,E5,NX02579,Kiara Garcia,"New York, US",2015-06-12,Contract,21,Office,9592
NX02663,Sophie Jones,sophie.jones2663@nexacore.com,Finance,Tax & Compliance,Senior Finance Manager,F4,NX02351,Amelia Nguyen,"Singapore, Singapore",2014-03-08,Full-Time,23,Remote,5616
NX02664,Rajesh Wright,rajesh.wright2664@nexacore.com,Engineering,Mobile & Web,Staff Engineer,E4,NX01930,Beatrice Rodriguez,"Pune, India",2018-09-27,Contract,26,Office,3953
NX02665,Chris Scott,chris.scott2665@nexacore.com,Sales,SMB Sales,Account Executive,S2,NX03142,Jason Walker,"Berlin, Germany",2024-11-12,Full-Time,23,Hybrid,6007
NX02666,Antoine Brown,antoine.brown2666@nexacore.com,Product,Platform,Senior Product Manager,P3,NX03917,Benjamin Walker,"New York, US",2020-11-22,Contract,28,Hybrid,5610
NX02667,Sven Price,sven.price2667@nexacore.com,Operations,Supply Chain,Operations Specialist,O2,NX02012,Jonas Price,"Hyderabad, India",2021-09-20,Full-Time,16,Office,5549
NX02668,Vikram Davies,vikram.davies2668@nexacore.com,Sales,SMB Sales,Account Executive,S2,NX01871,Elena Foster,"Singapore, Singapore",2024-07-10,Part-Time,14,Hybrid,1934
NX02669,Jonathan Nair,jonathan.nair2669@nexacore.com,Sales,Presales,Sales Manager,S4,NX02660,Yuki Garcia,"Berlin, Germany",2019-03-15,Full-Time,35,Remote,2022
NX02670,Aditi Martin,aditi.martin2670@nexacore.com,Customer Success,Account Management,Customer Success Manager,C2,NX05324,Leo Moore,"New York, US",2023-11-28,Contract,19,Hybrid,2578
NX02671,Aarav Lim,aarav.lim2671@nexacore.com,Marketing,Brand & Communications,Marketing Specialist,M2,NX01959,Grace Meier,"London, UK",2023-07-01,Full-Time,18,Hybrid,1031
NX02672,Oliver Robinson,oliver.robinson2672@nexacore.com,Product,Growth,Senior Product Manager,P3,NX04582,Diego Smith,"Berlin, Germany",2019-07-07,Contract,32,Hybrid,1977
NX02673,Sebastian Mitchell,sebastian.mitchell2673@nexacore.com,Legal,Employment Law,Senior Counsel,L3,NX03993,Tina Smith,"Berlin, Germany",2018-03-27,Full-Time,28,Office,4721
NX02674,Harry Rodriguez,harry.rodriguez2674@nexacore.com,Customer Success,Account Management,Senior CSM,C3,NX01380,Sophie Petrov,"Singapore, Singapore",2019-04-30,Contract,29,Office,4514
NX02675,Stefan Muller,stefan.muller2675@nexacore.com,Finance,FP&A,Finance Analyst,F1,NX02117,Daniel Lee,"Singapore, Singapore",2024-06-26,Full-Time,15,Remote,7594
NX02676,Harry Mitchell,harry.mitchell2676@nexacore.com,Marketing,Content & SEO,Senior Marketing Manager,M3,NX01094,Gabriel Weber,"Pune, India",2020-09-02,Full-Time,28,Office,1013
NX02677,Ashley Hansen,ashley.hansen2677@nexacore.com,Sales,SMB Sales,Sales Manager,S4,NX01477,Chris Petrov,"Singapore, Singapore",2015-10-14,Full-Time,31,Hybrid,2624
NX02678,Zara Price,zara.price2678@nexacore.com,Engineering,Cloud Infrastructure,Staff Engineer,E4,NX01149,David Kapoor,"Manchester, UK",2018-07-10,Full-Time,33,Office,9656
NX02679,Sophie Lim,sophie.lim2679@nexacore.com,Sales,Enterprise Sales,Senior Account Executive,S3,NX02862,Gabriel Jensen,"Edinburgh, UK",2022-04-19,Full-Time,28,Office,7922
NX02680,Paola Sanchez,paola.sanchez2680@nexacore.com,Engineering,Cloud Infrastructure,Senior Software Engineer,E3,NX02629,James Kapoor,"Bangalore, India",2020-12-27,Part-Time,12,Office,5364
NX02681,Kevin Zhang,kevin.zhang2681@nexacore.com,Sales,Enterprise Sales,Senior Account Executive,S3,NX01629,Tobias Lee,"Chennai, India",2021-10-11,Full-Time,26,Office,8547
NX02682,Tobias Walker,tobias.walker2682@nexacore.com,Customer Success,Onboarding,Senior CSM,C3,NX01800,Freya Ross,"Manchester, UK",2020-06-01,Contract,26,Office,9864
NX02683,Markus Martin,markus.martin2683@nexacore.com,IT Support,Security Operations,Senior IT Engineer,T3,NX01454,Neha Meier,"Frankfurt, Germany",2019-04-25,Full-Time,31,Remote,7402
NX02684,Paul Mendes,paul.mendes2684@nexacore.com,Data & Analytics,Data Governance,Lead Data Scientist,D4,NX03828,James Nielsen,"Edinburgh, UK",2016-06-01,Full-Time,32,Office,3266
NX02685,Mohamed Nguyen,mohamed.nguyen2685@nexacore.com,Operations,Business Operations,Senior Operations Mgr,O3,NX04672,Emma Rao,"Boston, US",2020-03-31,Contract,28,Office,6626
NX02686,Mona Jain,mona.jain2686@nexacore.com,Engineering,QA & Testing,Staff Engineer,E4,NX01930,Beatrice Rodriguez,"Seattle, US",2019-12-07,Part-Time,12,Office,8280
NX02687,Markus Fischer,markus.fischer2687@nexacore.com,Data & Analytics,Data Engineering,Senior Data Analyst,D2,NX03551,Vikas Sandoval,"Munich, Germany",2021-06-16,Full-Time,16,Remote,7931
NX02688,Martin Chen,martin.chen2688@nexacore.com,Finance,Treasury,Finance Manager,F3,NX04377,Shreya Robinson,"Edinburgh, UK",2020-08-09,Full-Time,17,Hybrid,6029
NX02689,Tina Kapoor,tina.kapoor2689@nexacore.com,Customer Success,Support Engineering,Customer Success Manager,C2,NX01723,Samuel Naidu,"Boston, US",2024-11-01,Full-Time,20,Hybrid,9258
NX02690,Martin Desai,martin.desai2690@nexacore.com,HR,HR Business Partnering,Senior HR Specialist,H3,NX01495,Sophie Lewis,"Munich, Germany",2016-12-28,Full-Time,25,Hybrid,4379
NX02691,Rajesh Wilson,rajesh.wilson2691@nexacore.com,Data & Analytics,Data Engineering,Data Scientist,D3,NX04350,Maria Jensen,"Edinburgh, UK",2020-12-02,Full-Time,22,Office,6177
NX02692,Aisha Schmidt,aisha.schmidt2692@nexacore.com,Customer Success,Account Management,Customer Success Manager,C2,NX01541,Ashley Philips,"Singapore, Singapore",2022-11-06,Full-Time,24,Hybrid,1514
NX02693,Gabriel Moore,gabriel.moore2693@nexacore.com,Engineering,Cloud Infrastructure,Senior Software Engineer,E3,NX02385,Jessica Patel,"Munich, Germany",2022-03-05,Full-Time,28,Office,1296
NX02694,Zoe Gupta,zoe.gupta2694@nexacore.com,Sales,Sales Operations,Account Executive,S2,NX03877,Riya Bhatt,"Seattle, US",2024-08-07,Full-Time,23,Office,9841
NX02695,Ishan Thompson,ishan.thompson2695@nexacore.com,Sales,Enterprise Sales,Senior Account Executive,S3,NX01829,Manish Walker,"London, UK",2019-06-05,Full-Time,18,Hybrid,4882
NX02696,Sofia Kaur,sofia.kaur2696@nexacore.com,Engineering,Platform Engineering,Associate Engineer,E1,NX01305,Neha Wood,"Manchester, UK",2025-08-14,Full-Time,14,Hybrid,7071
NX02697,Akira Carter,akira.carter2697@nexacore.com,Engineering,Platform Engineering,Senior Software Engineer,E3,NX05960,Patrick Liu,"San Francisco, US",2022-09-01,Full-Time,15,Remote,2668
NX02698,Olivia Smith,olivia.smith2698@nexacore.com,HR,People Operations,HR Generalist,H2,NX04721,Hannah Pillai,"Bangalore, India",2023-02-04,Full-Time,19,Office,4138
NX02699,Samuel Roberts,samuel.roberts2699@nexacore.com,Sales,Sales Operations,Sales Development Rep,S1,NX02617,Rahul Hansen,"Berlin, Germany",2025-01-23,Full-Time,16,Office,1319
NX02700,Daniel Reddy,daniel.reddy2700@nexacore.com,Marketing,Content & SEO,Senior Marketing Manager,M3,NX02010,Ravi Hoffmann,"New York, US",2017-08-13,Full-Time,32,Remote,4343
NX02701,Ryan Mendes,ryan.mendes2701@nexacore.com,Sales,Enterprise Sales,Sales Manager,S4,NX02046,Clara Davies,"Mumbai, India",2015-05-20,Full-Time,27,Hybrid,3154
NX02702,Andrea Mitchell,andrea.mitchell2702@nexacore.com,Sales,Presales,Sales Director,S5,,,"Seattle, US",2014-05-12,Part-Time,23,Hybrid,7131
NX02703,Gaurav Kumar,gaurav.kumar2703@nexacore.com,HR,Talent Acquisition,HR Coordinator,H1,NX02243,Raj Schmidt,"Edinburgh, UK",2024-06-10,Full-Time,18,Hybrid,8146
NX02704,Sophie Fischer,sophie.fischer2704@nexacore.com,Operations,Facilities,Operations Director,O4,NX01675,Ryan Klein,"Berlin, Germany",2014-11-15,Full-Time,32,Hybrid,1129
NX02705,Neha Johnson,neha.johnson2705@nexacore.com,Engineering,Cloud Infrastructure,Senior Software Engineer,E3,NX02839,Carlos Sharma,"Boston, US",2023-05-25,Full-Time,12,Hybrid,7370
NX02706,Martin Roberts,martin.roberts2706@nexacore.com,Data & Analytics,ML & AI,Senior Data Analyst,D2,NX01255,Daniel Walker,"London, UK",2023-09-04,Full-Time,15,Office,3797
NX02707,Bernd Jensen,bernd.jensen2707@nexacore.com,Legal,Employment Law,Associate Counsel,L2,NX02433,Mona Kapoor,"Austin, US",2021-05-21,Full-Time,27,Hybrid,5709
NX02708,Nicolas Wilson,nicolas.wilson2708@nexacore.com,HR,L&D,Senior HR Specialist,H3,NX02450,Rahul Gonzalez,"San Francisco, US",2018-12-20,Full-Time,34,Hybrid,1054
NX02709,Kevin Mitchell,kevin.mitchell2709@nexacore.com,HR,People Operations,HR Manager,H4,NX01307,Amara Harris,"New York, US",2015-01-30,Full-Time,20,Hybrid,4880
NX02710,Emma Singh,emma.singh2710@nexacore.com,Customer Success,Renewals,Senior CSM,C3,NX04173,Gaurav Clark,"Frankfurt, Germany",2018-01-14,Full-Time,18,Office,5036
NX02711,Noah Rodriguez,noah.rodriguez2711@nexacore.com,Sales,Sales Operations,Account Executive,S2,NX02561,Mira Gonzalez,"London, UK",2024-01-23,Contract,16,Hybrid,3790
NX02712,Noah Fischer,noah.fischer2712@nexacore.com,Operations,Facilities,Operations Director,O4,NX01413,Amelia Cruz,"Pune, India",2013-07-05,Full-Time,20,Hybrid,7033
NX02713,Ayesha Nguyen,ayesha.nguyen2713@nexacore.com,HR,Talent Acquisition,Senior HR Specialist,H3,NX01150,Arjun Philips,"Mumbai, India",2020-12-08,Full-Time,30,Hybrid,6951
NX02714,Maya Santos,maya.santos2714@nexacore.com,Customer Success,Onboarding,Customer Success Manager,C2,NX02448,Pedro Weber,"Seattle, US",2022-12-24,Full-Time,20,Office,6998
NX02715,Jessica Martinez,jessica.martinez2715@nexacore.com,Finance,Accounting,Finance Manager,F3,NX02265,Alex Carter,"Boston, US",2018-07-31,Full-Time,26,Office,2837
NX02716,Siddhant Dubois,siddhant.dubois2716@nexacore.com,Operations,Facilities,Operations Specialist,O2,NX04487,Anita Clark,"Boston, US",2021-08-25,Part-Time,16,Office,4328
NX02717,Amrita Liu,amrita.liu2717@nexacore.com,Data & Analytics,Business Intelligence,Data Analyst,D1,NX01054,Riya Davies,"Frankfurt, Germany",2025-05-24,Contract,22,Office,9681
NX02718,Jonas Murphy,jonas.murphy2718@nexacore.com,Sales,Enterprise Sales,Account Executive,S2,NX02421,Maya Zhang,"Hyderabad, India",2023-07-12,Part-Time,8,Hybrid,3985
NX02719,Ryan Bhatt,ryan.bhatt2719@nexacore.com,Customer Success,Renewals,Senior CSM,C3,NX02448,Pedro Weber,"Singapore, Singapore",2017-06-05,Contract,33,Hybrid,6777
NX02720,Hannah Peters,hannah.peters2720@nexacore.com,Legal,Employment Law,Associate Counsel,L2,NX02728,Manish Klein,"Frankfurt, Germany",2023-03-02,Full-Time,14,Hybrid,4013
NX02721,Milan Varma,milan.varma2721@nexacore.com,Operations,Supply Chain,Operations Specialist,O2,NX05559,Arjun Varma,"London, UK",2021-10-15,Full-Time,16,Hybrid,6352
NX02722,Jessica Lim,jessica.lim2722@nexacore.com,Engineering,Cloud Infrastructure,Software Engineer,E2,NX05001,Julia Nguyen,"Frankfurt, Germany",2024-08-03,Contract,10,Hybrid,2759
NX02723,Olivia Naidu,olivia.naidu2723@nexacore.com,Sales,Presales,Sales Manager,S4,NX05191,Rebecca Hoffmann,"San Francisco, US",2016-06-07,Full-Time,33,Hybrid,8851
NX02724,Sara Wright,sara.wright2724@nexacore.com,Data & Analytics,Data Governance,Data Scientist,D3,NX01255,Daniel Walker,"New York, US",2020-05-10,Contract,24,Office,4677
NX02725,Jaya Mitchell,jaya.mitchell2725@nexacore.com,Customer Success,Account Management,Senior CSM,C3,NX04620,Diego Lim,"Seattle, US",2017-09-28,Full-Time,25,Remote,1862
NX02726,Amara Walker,amara.walker2726@nexacore.com,Customer Success,Onboarding,Senior CSM,C3,NX03361,Elena Kaur,"Pune, India",2020-04-07,Full-Time,18,Office,4733
NX02727,Alec Reed,alec.reed2727@nexacore.com,Sales,SMB Sales,Sales Manager,S4,NX02439,Lars Liu,"London, UK",2018-12-20,Full-Time,22,Hybrid,9553
NX02728,Manish Klein,manish.klein2728@nexacore.com,Legal,Corporate Legal,Senior Counsel,L3,NX01951,Benjamin Lewis,"Boston, US",2018-07-20,Full-Time,19,Hybrid,5874
NX02729,Shreya Sanchez,shreya.sanchez2729@nexacore.com,Sales,Sales Operations,Sales Manager,S4,NX05532,Arjun Peters,"Munich, Germany",2015-07-30,Full-Time,20,Office,6383
NX02730,Nora Yamada,nora.yamada2730@nexacore.com,Engineering,QA & Testing,Software Engineer,E2,NX04951,Amrita Perez,"Chennai, India",2024-07-09,Contract,23,Remote,3935
NX02731,Emma Clark,emma.clark2731@nexacore.com,Operations,Procurement,Senior Operations Mgr,O3,NX02059,Amara Murphy,"Munich, Germany",2020-01-25,Part-Time,14,Office,2212
NX02732,Elena Kumar,elena.kumar2732@nexacore.com,Operations,Business Operations,Operations Analyst,O1,NX01523,Jonas Wright,"Munich, Germany",2025-09-02,Full-Time,9,Office,9669
NX02733,Markus Kaur,markus.kaur2733@nexacore.com,Customer Success,Support Engineering,Customer Success Manager,C2,NX05346,Alejandro Wright,"Pune, India",2021-12-04,Full-Time,24,Hybrid,9570
NX02734,Rahul Rao,rahul.rao2734@nexacore.com,Engineering,Platform Engineering,Software Engineer,E2,NX04896,Liam Martinez,"Hyderabad, India",2023-10-02,Full-Time,19,Remote,9653
NX02735,Tobias Lopez,tobias.lopez2735@nexacore.com,Operations,Procurement,Operations Specialist,O2,NX01921,Oliver Reed,"Pune, India",2023-06-28,Full-Time,23,Office,5507
NX02736,Nikita Roth,nikita.roth2736@nexacore.com,Engineering,Platform Engineering,Staff Engineer,E4,NX01008,Alec Hoffmann,"Bangalore, India",2019-07-09,Part-Time,11,Office,3734
NX02737,Carlos Nelson,carlos.nelson2737@nexacore.com,Data & Analytics,Data Governance,Senior Data Analyst,D2,NX04541,Chen Lopez,"Mumbai, India",2024-03-20,Full-Time,12,Hybrid,7929
NX02738,Jaya Jain,jaya.jain2738@nexacore.com,Engineering,Mobile & Web,Senior Software Engineer,E3,NX03018,Nikita Das,"Hyderabad, India",2022-12-05,Part-Time,10,Remote,1338
NX02739,Siddhant Wright,siddhant.wright2739@nexacore.com,Engineering,Platform Engineering,Staff Engineer,E4,NX01659,Alex Lim,"London, UK",2019-05-24,Full-Time,32,Hybrid,2996
NX02740,Karan Sanchez,karan.sanchez2740@nexacore.com,HR,Talent Acquisition,HR Coordinator,H1,NX02437,Grace Bennet,"Bangalore, India",2024-05-26,Full-Time,10,Office,6036
NX02741,Diego Smith,diego.smith2741@nexacore.com,Engineering,Mobile & Web,Staff Engineer,E4,NX01498,Jana Singh,"Manchester, UK",2018-10-05,Full-Time,17,Hybrid,1967
NX02742,Wei Lim,wei.lim2742@nexacore.com,Operations,Supply Chain,Operations Analyst,O1,NX05641,Alejandro Kumar,"Singapore, Singapore",2025-03-18,Part-Time,14,Hybrid,3222
NX02743,Markus Hughes,markus.hughes2743@nexacore.com,Marketing,Content & SEO,Marketing Director,M4,NX01834,William Gonzalez,"San Francisco, US",2015-08-21,Full-Time,19,Hybrid,9129
NX02744,Jason Meyer,jason.meyer2744@nexacore.com,Customer Success,Renewals,Customer Success Manager,C2,NX03328,Priya Jones,"Chennai, India",2023-09-24,Full-Time,13,Hybrid,5019
NX02745,Jaya Martinez,jaya.martinez2745@nexacore.com,Product,Growth,Senior Product Manager,P3,NX02887,Chris Nelson,"Mumbai, India",2019-11-24,Part-Time,19,Hybrid,8048
NX02746,Benjamin Meier,benjamin.meier2746@nexacore.com,Product,Platform,Associate PM,P1,NX02255,Rebecca Shah,"Munich, Germany",2024-10-02,Part-Time,8,Hybrid,7153
NX02747,Karan Sanchez,karan.sanchez2747@nexacore.com,Legal,IP & Compliance,Senior Counsel,L3,NX01951,Benjamin Lewis,"New York, US",2017-10-25,Full-Time,32,Hybrid,7223
NX02748,Manish Jones,manish.jones2748@nexacore.com,Engineering,DevOps & SRE,Staff Engineer,E4,NX01433,Hannah Clark,"Mumbai, India",2016-12-18,Part-Time,23,Hybrid,8725
NX02749,Sven Hall,sven.hall2749@nexacore.com,Engineering,DevOps & SRE,Staff Engineer,E4,NX01406,Karan Mitchell,"Bangalore, India",2020-03-27,Full-Time,21,Office,7715
NX02750,Aditi Lopez,aditi.lopez2750@nexacore.com,Engineering,Cloud Infrastructure,Software Engineer,E2,NX01827,Diego Wright,"Boston, US",2024-09-28,Full-Time,19,Office,5201
NX02751,Arjun Weber,arjun.weber2751@nexacore.com,HR,HR Business Partnering,Senior HR Specialist,H3,NX02324,Devika Meier,"Hyderabad, India",2019-12-04,Full-Time,19,Hybrid,6297
NX02752,Jason Liu,jason.liu2752@nexacore.com,Operations,Facilities,Operations Director,O4,NX02179,Michael Wright,"Berlin, Germany",2013-07-22,Full-Time,32,Hybrid,1613
NX02753,Ishan Thompson,ishan.thompson2753@nexacore.com,Sales,Enterprise Sales,Sales Development Rep,S1,NX03534,Alejandro Murphy,"Chennai, India",2025-11-06,Full-Time,14,Hybrid,7876
NX02754,Jaya Naidu,jaya.naidu2754@nexacore.com,HR,People Operations,Senior HR Specialist,H3,NX05343,Nora Desai,"Singapore, Singapore",2019-10-22,Full-Time,25,Hybrid,8426
NX02755,Clara Reddy,clara.reddy2755@nexacore.com,Engineering,QA & Testing,Staff Engineer,E4,NX01957,Arjun Gupta,"Austin, US",2017-09-04,Contract,35,Hybrid,7746
NX02756,Andrea Murphy,andrea.murphy2756@nexacore.com,Product,Analytics,Senior Product Manager,P3,NX03970,Devika Wood,"Edinburgh, UK",2018-03-27,Full-Time,35,Remote,3845
NX02757,Hannah Pillai,hannah.pillai2757@nexacore.com,Finance,Tax & Compliance,Senior Finance Manager,F4,NX02145,Fiona Dubois,"Singapore, Singapore",2016-05-18,Full-Time,24,Hybrid,2833
NX02758,Karl Zhang,karl.zhang2758@nexacore.com,Finance,Tax & Compliance,Finance Analyst,F1,NX02757,Hannah Pillai,"Munich, Germany",2024-06-12,Full-Time,20,Office,1348
NX02759,Rosa Robinson,rosa.robinson2759@nexacore.com,Customer Success,Onboarding,Senior CSM,C3,NX01265,William Schmidt,"Pune, India",2017-12-20,Full-Time,34,Hybrid,4327
NX02760,Maya Hoffmann,maya.hoffmann2760@nexacore.com,Legal,Employment Law,Associate Counsel,L2,NX01295,Pedro Moore,"Singapore, Singapore",2021-03-13,Contract,14,Hybrid,8698
NX02761,Sara Taylor,sara.taylor2761@nexacore.com,Operations,Facilities,Operations Specialist,O2,NX01523,Jonas Wright,"Singapore, Singapore",2023-08-03,Full-Time,16,Remote,8780
NX02762,Sebastian Bauer,sebastian.bauer2762@nexacore.com,Operations,Facilities,Operations Analyst,O1,NX05559,Arjun Varma,"Pune, India",2025-11-06,Full-Time,12,Remote,2846
NX02763,Nora Hansen,nora.hansen2763@nexacore.com,Operations,Procurement,Operations Specialist,O2,NX02258,Aarav Martin,"Bangalore, India",2024-06-05,Full-Time,14,Office,5333
NX02764,Gaurav Brown,gaurav.brown2764@nexacore.com,Engineering,Mobile & Web,Staff Engineer,E4,NX01014,Shreya Miller,"Hyderabad, India",2016-08-02,Part-Time,28,Hybrid,1570
NX02765,Olivia Nguyen,olivia.nguyen2765@nexacore.com,IT Support,IT Operations,Senior IT Engineer,T3,NX02852,Sophie Bauer,"Chennai, India",2018-04-16,Full-Time,35,Hybrid,1927
NX02766,Thomas Walker,thomas.walker2766@nexacore.com,Sales,Sales Operations,Account Executive,S2,NX03205,Jana Kaur,"Pune, India",2024-03-03,Contract,18,Hybrid,2233
NX02767,Anna Shah,anna.shah2767@nexacore.com,IT Support,IT Operations,IT Manager,T4,NX02037,Blake Naidu,"Boston, US",2015-04-15,Full-Time,27,Remote,9912
NX02768,Simon Bennet,simon.bennet2768@nexacore.com,Data & Analytics,Data Governance,Head of Data,D5,,,"Chennai, India",2013-03-12,Part-Time,17,Office,7666
NX02769,Jason Hall,jason.hall2769@nexacore.com,HR,People Operations,Senior HR Specialist,H3,NX01945,Kate Hughes,"Manchester, UK",2016-11-27,Full-Time,31,Office,4039
NX02770,Manish Bauer,manish.bauer2770@nexacore.com,IT Support,IT Operations,IT Support Analyst,T1,NX02154,Amelia Singh,"San Francisco, US",2024-08-12,Full-Time,10,Office,1845
NX02771,Amrita Hansen,amrita.hansen2771@nexacore.com,Engineering,Mobile & Web,Software Engineer,E2,NX04576,Robert Mitchell,"Edinburgh, UK",2024-08-17,Contract,20,Office,1823
NX02772,Sofia Bauer,sofia.bauer2772@nexacore.com,Operations,Business Operations,Senior Operations Mgr,O3,NX05068,Amrita Desai,"Edinburgh, UK",2019-08-22,Full-Time,29,Remote,1575
NX02773,Amelia Santos,amelia.santos2773@nexacore.com,HR,L&D,Senior HR Specialist,H3,NX01743,Luka Hoffmann,"Austin, US",2018-10-15,Full-Time,17,Office,6904
NX02774,James Muller,james.muller2774@nexacore.com,Finance,FP&A,Senior Finance Analyst,F2,NX05758,Alex Davies,"Bangalore, India",2021-06-30,Full-Time,29,Office,1981
NX02775,Bernd Philips,bernd.philips2775@nexacore.com,Data & Analytics,Business Intelligence,Lead Data Scientist,D4,NX01221,Beatrice Evans,"Chennai, India",2014-01-10,Full-Time,21,Office,4542
NX02776,Siddhant Das,siddhant.das2776@nexacore.com,Customer Success,Account Management,Customer Success Manager,C2,NX01541,Ashley Philips,"Mumbai, India",2024-02-08,Part-Time,15,Office,4345
NX02777,Zara Meyer,zara.meyer2777@nexacore.com,IT Support,Security Operations,IT Support Engineer,T2,NX04033,Robert Lim,"Mumbai, India",2021-07-19,Part-Time,10,Office,7387
NX02778,Thomas Foster,thomas.foster2778@nexacore.com,Engineering,Cloud Infrastructure,Senior Software Engineer,E3,NX03892,Robert Lewis,"Pune, India",2022-11-15,Full-Time,19,Hybrid,7676
NX02779,Chris Philips,chris.philips2779@nexacore.com,Operations,Supply Chain,Operations Specialist,O2,NX01377,James Petrov,"New York, US",2021-07-13,Contract,15,Hybrid,5207
NX02780,Maya Jones,maya.jones2780@nexacore.com,Finance,Treasury,Finance Manager,F3,NX01739,Ishan Wright,"Mumbai, India",2018-03-29,Full-Time,31,Hybrid,4009
NX02781,Omar Foster,omar.foster2781@nexacore.com,Data & Analytics,Data Engineering,Senior Data Analyst,D2,NX01600,Olivia Patel,"Edinburgh, UK",2022-09-18,Full-Time,19,Hybrid,2348
NX02782,Emma Wilson,emma.wilson2782@nexacore.com,Customer Success,Onboarding,CS Director,C4,NX01730,Kiara Kim,"Seattle, US",2017-03-24,Full-Time,20,Remote,3953
NX02783,Paul Scott,paul.scott2783@nexacore.com,Data & Analytics,Data Engineering,Senior Data Analyst,D2,NX01054,Riya Davies,"San Francisco, US",2021-12-23,Part-Time,15,Hybrid,6174
NX02784,Bernd Jain,bernd.jain2784@nexacore.com,Customer Success,Account Management,Senior CSM,C3,NX02448,Pedro Weber,"Frankfurt, Germany",2019-08-12,Full-Time,24,Hybrid,1394
NX02785,Diego Khan,diego.khan2785@nexacore.com,HR,L&D,HR Generalist,H2,NX04137,Linda Wang,"Manchester, UK",2022-08-14,Contract,26,Office,3153
NX02786,Chen Davis,chen.davis2786@nexacore.com,IT Support,Security Operations,Senior IT Engineer,T3,NX01143,Mona Philips,"Pune, India",2020-05-15,Full-Time,31,Office,3797
NX02787,Saanvi Roberts,saanvi.roberts2787@nexacore.com,Legal,IP & Compliance,Senior Counsel,L3,NX03993,Tina Smith,"Boston, US",2017-07-23,Part-Time,15,Office,5182
NX02788,Sophie Rodriguez,sophie.rodriguez2788@nexacore.com,Finance,Treasury,Senior Finance Analyst,F2,NX02934,Jana White,"Singapore, Singapore",2024-05-26,Part-Time,10,Office,1963
NX02789,Aisha Pillai,aisha.pillai2789@nexacore.com,Marketing,Product Marketing,Marketing Coordinator,M1,NX05900,Maria Gonzalez,"Boston, US",2025-06-16,Full-Time,18,Hybrid,8181
NX02790,Beatrice Ross,beatrice.ross2790@nexacore.com,IT Support,End-User Computing,Senior IT Engineer,T3,NX03704,Anna Wood,"Mumbai, India",2019-12-22,Full-Time,29,Hybrid,2404
NX02791,Sabrina Kumar,sabrina.kumar2791@nexacore.com,Sales,Enterprise Sales,Sales Manager,S4,NX02046,Clara Davies,"Mumbai, India",2018-07-09,Full-Time,19,Office,4303
NX02792,Rahul Schmidt,rahul.schmidt2792@nexacore.com,Engineering,Cloud Infrastructure,Senior Software Engineer,E3,NX02262,Zara Garcia,"San Francisco, US",2023-03-29,Full-Time,11,Hybrid,8160
NX02793,Liam Nguyen,liam.nguyen2793@nexacore.com,Sales,Enterprise Sales,Account Executive,S2,NX04675,Kevin Murphy,"Singapore, Singapore",2023-08-14,Full-Time,12,Hybrid,6219
NX02794,Linda Nair,linda.nair2794@nexacore.com,Data & Analytics,Business Intelligence,Senior Data Analyst,D2,NX02840,Laura Davies,"Chennai, India",2024-02-12,Part-Time,13,Hybrid,9055
NX02795,Ethan Bauer,ethan.bauer2795@nexacore.com,Operations,Facilities,Senior Operations Mgr,O3,NX02152,Alec Thompson,"London, UK",2018-03-31,Full-Time,34,Hybrid,1337
NX02796,Alec Robinson,alec.robinson2796@nexacore.com,Engineering,QA & Testing,Staff Engineer,E4,NX02014,Luka Thompson,"Edinburgh, UK",2018-06-14,Full-Time,21,Hybrid,4920
NX02797,Chris Scott,chris.scott2797@nexacore.com,Operations,Supply Chain,Senior Operations Mgr,O3,NX05559,Arjun Varma,"Bangalore, India",2020-06-27,Contract,13,Office,2474
NX02798,David Kapoor,david.kapoor2798@nexacore.com,Sales,Enterprise Sales,Senior Account Executive,S3,NX01563,Grace Das,"Edinburgh, UK",2020-05-22,Full-Time,31,Hybrid,7299
NX02799,Eva Johnson,eva.johnson2799@nexacore.com,IT Support,End-User Computing,Senior IT Engineer,T3,NX01720,Lena Ross,"Frankfurt, Germany",2018-06-19,Full-Time,18,Office,8533
NX02800,Andrea Miller,andrea.miller2800@nexacore.com,Operations,Supply Chain,Operations Director,O4,NX01843,Pedro Sandoval,"London, UK",2012-10-28,Full-Time,33,Office,9972
NX02801,Rosa Peters,rosa.peters2801@nexacore.com,Sales,Sales Operations,Sales Development Rep,S1,NX02408,Rajesh Chen,"Edinburgh, UK",2025-01-22,Full-Time,14,Hybrid,9438
NX02802,Linda Varma,linda.varma2802@nexacore.com,Operations,Business Operations,Operations Director,O4,NX01055,Alex Shah,"Austin, US",2015-12-29,Full-Time,28,Hybrid,8301
NX02803,Ayesha Davies,ayesha.davies2803@nexacore.com,Engineering,QA & Testing,Staff Engineer,E4,NX02583,Maya Zhang,"Hyderabad, India",2019-06-27,Full-Time,22,Hybrid,5245
NX02804,Neha Pillai,neha.pillai2804@nexacore.com,Marketing,Demand Generation,Marketing Specialist,M2,NX04126,Sneha Koch,"Boston, US",2023-12-13,Full-Time,25,Hybrid,2120
NX02805,Omar Hoffmann,omar.hoffmann2805@nexacore.com,Legal,IP & Compliance,Associate Counsel,L2,NX02633,Deepa Roberts,"Austin, US",2022-01-31,Full-Time,19,Office,7145
NX02806,Kiara Klein,kiara.klein2806@nexacore.com,Engineering,QA & Testing,Senior Software Engineer,E3,NX03163,Ashley Robinson,"Seattle, US",2021-10-13,Full-Time,28,Office,2564
NX02807,Anjali Robinson,anjali.robinson2807@nexacore.com,Customer Success,Account Management,CS Associate,C1,NX05699,Ananya Brown,"Seattle, US",2025-08-28,Part-Time,11,Remote,9306
NX02808,Eva Fischer,eva.fischer2808@nexacore.com,Engineering,Cloud Infrastructure,Principal Engineer,E5,NX01764,Priya Turner,"Singapore, Singapore",2015-04-21,Full-Time,35,Office,3445
NX02809,Rahul Foster,rahul.foster2809@nexacore.com,Sales,Enterprise Sales,Sales Manager,S4,NX05191,Rebecca Hoffmann,"Singapore, Singapore",2016-01-28,Full-Time,27,Office,6320
NX02810,Diego Patel,diego.patel2810@nexacore.com,Product,Growth,Product Manager,P2,NX04288,Chen Moore,"Manchester, UK",2022-02-09,Part-Time,17,Hybrid,6643
NX02811,Shirin Becker,shirin.becker2811@nexacore.com,Marketing,Brand & Communications,Senior Marketing Manager,M3,NX02369,Sarah Davis,"Boston, US",2019-12-16,Full-Time,16,Hybrid,3285
NX02812,Neha Davis,neha.davis2812@nexacore.com,Data & Analytics,Data Engineering,Senior Data Analyst,D2,NX04350,Maria Jensen,"Berlin, Germany",2024-01-06,Full-Time,15,Remote,6668
NX02813,Alec Klein,alec.klein2813@nexacore.com,Product,Analytics,Product Manager,P2,NX01336,Rahul Scott,"Pune, India",2021-08-10,Full-Time,22,Hybrid,1907
NX02814,Lena Naidu,lena.naidu2814@nexacore.com,Sales,Presales,Account Executive,S2,NX02408,Rajesh Chen,"Bangalore, India",2024-06-02,Full-Time,21,Hybrid,8508
NX02815,Beatrice Bennet,beatrice.bennet2815@nexacore.com,Engineering,Platform Engineering,Senior Software Engineer,E3,NX05401,Vikas Clark,"New York, US",2020-07-06,Full-Time,18,Hybrid,2124
NX02816,Nora Das,nora.das2816@nexacore.com,Data & Analytics,Business Intelligence,Lead Data Scientist,D4,NX03028,Kate Roth,"Bangalore, India",2014-08-10,Part-Time,23,Hybrid,1188
NX02817,Tina Wood,tina.wood2817@nexacore.com,HR,HR Business Partnering,HR Manager,H4,NX01327,Markus Lim,"Berlin, Germany",2014-04-24,Full-Time,27,Hybrid,6112
NX02818,Pedro Williams,pedro.williams2818@nexacore.com,Operations,Supply Chain,Operations Director,O4,NX01273,Emma Mendes,"Boston, US",2015-12-09,Part-Time,19,Hybrid,4584
NX02819,Markus Miller,markus.miller2819@nexacore.com,Product,Core Product,Product Manager,P2,NX01855,Deepa Lim,"Pune, India",2022-10-24,Contract,16,Hybrid,9179
NX02820,Jason Wilson,jason.wilson2820@nexacore.com,Engineering,Mobile & Web,Software Engineer,E2,NX01436,Maya Smith,"Frankfurt, Germany",2023-07-26,Full-Time,12,Hybrid,2361
NX02821,Tanvi Muller,tanvi.muller2821@nexacore.com,Sales,SMB Sales,Sales Manager,S4,NX01533,Valentina Wood,"New York, US",2018-05-28,Full-Time,21,Hybrid,4002
NX02822,Rahul Nguyen,rahul.nguyen2822@nexacore.com,Sales,Enterprise Sales,Sales Manager,S4,NX01063,Aarav Price,"Singapore, Singapore",2018-12-28,Full-Time,24,Office,7556
NX02823,Fiona Evans,fiona.evans2823@nexacore.com,Legal,IP & Compliance,Senior Counsel,L3,NX01549,Carlos Sanchez,"Hyderabad, India",2016-02-25,Contract,18,Office,8241
NX02824,Uma Khan,uma.khan2824@nexacore.com,Data & Analytics,ML & AI,Data Scientist,D3,NX01099,Elena Liu,"Frankfurt, Germany",2019-06-26,Full-Time,32,Hybrid,4402
NX02825,Omar Bauer,omar.bauer2825@nexacore.com,Product,Core Product,Product Manager,P2,NX01791,Antoine Bennet,"Berlin, Germany",2023-01-05,Full-Time,12,Office,5937
NX02826,Ethan Evans,ethan.evans2826@nexacore.com,Engineering,Cloud Infrastructure,Senior Software Engineer,E3,NX02989,Harry Hansen,"London, UK",2022-12-30,Full-Time,14,Hybrid,7199
NX02827,Fiona Desai,fiona.desai2827@nexacore.com,Product,Growth,Product Manager,P2,NX03970,Devika Wood,"Hyderabad, India",2021-11-25,Full-Time,18,Remote,3680
NX02828,Olivia Kapoor,olivia.kapoor2828@nexacore.com,Engineering,QA & Testing,Staff Engineer,E4,NX01433,Hannah Clark,"New York, US",2019-07-17,Full-Time,24,Office,2440
NX02829,David Davies,david.davies2829@nexacore.com,Product,Analytics,Associate PM,P1,NX02091,Fiona Reed,"San Francisco, US",2024-10-26,Contract,16,Office,5080
NX02830,Aarav Thompson,aarav.thompson2830@nexacore.com,Data & Analytics,Data Governance,Senior Data Analyst,D2,NX02684,Paul Mendes,"Austin, US",2022-09-21,Full-Time,18,Hybrid,9199
NX02831,Tobias Gupta,tobias.gupta2831@nexacore.com,Finance,FP&A,Finance Manager,F3,NX03426,Amara Kim,"Singapore, Singapore",2020-05-10,Contract,16,Hybrid,1380
NX02832,Ravi Moore,ravi.moore2832@nexacore.com,Sales,Sales Operations,Sales Manager,S4,NX04083,Olivia Scott,"Bangalore, India",2017-05-27,Full-Time,30,Hybrid,2492
NX02833,Gabriel Mendes,gabriel.mendes2833@nexacore.com,Data & Analytics,ML & AI,Senior Data Analyst,D2,NX05796,Devika Clark,"San Francisco, US",2023-03-12,Part-Time,16,Remote,5049
NX02834,Amara Dubois,amara.dubois2834@nexacore.com,Data & Analytics,Data Governance,Data Scientist,D3,NX01054,Riya Davies,"Mumbai, India",2018-06-10,Full-Time,22,Office,1068
NX02835,Karan Philips,karan.philips2835@nexacore.com,Product,Growth,Senior Product Manager,P3,NX05588,Sophie Nguyen,"Pune, India",2019-09-24,Part-Time,18,Remote,1866
NX02836,Anjali Harris,anjali.harris2836@nexacore.com,Product,Growth,Associate PM,P1,NX02028,Axel Murphy,"Mumbai, India",2024-07-31,Part-Time,6,Hybrid,1810
NX02837,Axel Das,axel.das2837@nexacore.com,Engineering,Mobile & Web,Senior Software Engineer,E3,NX01637,Benjamin Sandoval,"Mumbai, India",2023-01-08,Full-Time,12,Hybrid,2913
NX02838,Karan Davis,karan.davis2838@nexacore.com,Sales,Presales,Sales Manager,S4,NX05187,Amelia Martinez,"Pune, India",2018-03-10,Contract,22,Office,1746
NX02839,Carlos Sharma,carlos.sharma2839@nexacore.com,Engineering,DevOps & SRE,Staff Engineer,E4,NX01813,Harry Liu,"Chennai, India",2018-10-22,Full-Time,34,Remote,9312
NX02840,Laura Davies,laura.davies2840@nexacore.com,Data & Analytics,ML & AI,Lead Data Scientist,D4,NX03828,James Nielsen,"Munich, Germany",2016-06-08,Contract,35,Hybrid,2973
NX02841,Ashley Hoffmann,ashley.hoffmann2841@nexacore.com,IT Support,IT Operations,Senior IT Engineer,T3,NX04286,Jonas Lewis,"London, UK",2020-12-03,Full-Time,28,Hybrid,1370
NX02842,Sneha Green,sneha.green2842@nexacore.com,Data & Analytics,Data Governance,Senior Data Analyst,D2,NX02590,Maya Clark,"Singapore, Singapore",2021-06-30,Part-Time,13,Hybrid,1921
NX02843,Kabir Patel,kabir.patel2843@nexacore.com,Sales,Enterprise Sales,Sales Development Rep,S1,NX01296,Priya Patel,"Berlin, Germany",2025-05-26,Full-Time,15,Office,2819
NX02844,Sneha Garcia,sneha.garcia2844@nexacore.com,Sales,SMB Sales,Sales Manager,S4,NX05945,Rohit Nielsen,"San Francisco, US",2016-03-27,Part-Time,20,Office,5117
NX02845,Stefan Petrov,stefan.petrov2845@nexacore.com,Data & Analytics,Data Engineering,Lead Data Scientist,D4,NX03627,Akira Jensen,"San Francisco, US",2017-01-19,Full-Time,21,Hybrid,7868
NX02846,Chen Anderson,chen.anderson2846@nexacore.com,Product,Growth,Senior Product Manager,P3,NX01336,Rahul Scott,"Boston, US",2019-05-02,Contract,18,Hybrid,7002
NX02847,Oliver Patel,oliver.patel2847@nexacore.com,Marketing,Brand & Communications,Marketing Specialist,M2,NX01579,Jason Green,"Bangalore, India",2023-05-14,Full-Time,18,Remote,4181
NX02848,Diego Hughes,diego.hughes2848@nexacore.com,Engineering,DevOps & SRE,Senior Software Engineer,E3,NX04416,Nikita Yamada,"New York, US",2022-04-19,Full-Time,17,Hybrid,7265
NX02849,Oliver Nielsen,oliver.nielsen2849@nexacore.com,Engineering,Mobile & Web,Associate Engineer,E1,NX04393,Aryan Das,"Edinburgh, UK",2025-07-09,Part-Time,5,Office,6841
NX02850,Antoine Nair,antoine.nair2850@nexacore.com,Engineering,QA & Testing,Staff Engineer,E4,NX02014,Luka Thompson,"Pune, India",2016-10-06,Full-Time,24,Office,3327
NX02851,Beatrice Lim,beatrice.lim2851@nexacore.com,Marketing,Brand & Communications,Senior Marketing Manager,M3,NX01616,Rahul Chen,"Pune, India",2017-04-06,Full-Time,33,Hybrid,1072
NX02852,Sophie Bauer,sophie.bauer2852@nexacore.com,IT Support,End-User Computing,IT Manager,T4,NX01581,Milan Varma,"San Francisco, US",2013-05-17,Full-Time,19,Hybrid,5227
NX02853,Freya Klein,freya.klein2853@nexacore.com,Engineering,Cloud Infrastructure,Staff Engineer,E4,NX01132,Clara Murphy,"Pune, India",2016-06-30,Contract,31,Office,5727
NX02854,Zara Koch,zara.koch2854@nexacore.com,Legal,Employment Law,Legal Analyst,L1,NX03520,Mira Reed,"Hyderabad, India",2025-09-20,Full-Time,20,Hybrid,7964
NX02855,Ashley Bauer,ashley.bauer2855@nexacore.com,Customer Success,Support Engineering,Customer Success Manager,C2,NX01703,Stefan Klein,"Austin, US",2024-07-27,Full-Time,22,Hybrid,7177
NX02856,Sofia Williams,sofia.williams2856@nexacore.com,Sales,Sales Operations,Senior Account Executive,S3,NX03167,Nicolas Smith,"Edinburgh, UK",2022-02-11,Part-Time,17,Hybrid,4786
NX02857,Neha Jensen,neha.jensen2857@nexacore.com,Customer Success,Support Engineering,Customer Success Manager,C2,NX02606,Nora Klein,"Hyderabad, India",2022-10-19,Full-Time,24,Hybrid,5524
NX02858,Tina Murphy,tina.murphy2858@nexacore.com,Engineering,Mobile & Web,Staff Engineer,E4,NX01204,Alex Klein,"Chennai, India",2017-04-18,Full-Time,22,Office,3003
NX02859,Mira Perez,mira.perez2859@nexacore.com,Product,Growth,Senior Product Manager,P3,NX04120,Ravi Bauer,"London, UK",2018-02-13,Full-Time,32,Remote,3241
NX02860,Zoe Zhang,zoe.zhang2860@nexacore.com,Product,Core Product,Senior Product Manager,P3,NX01912,Eva Nelson,"Munich, Germany",2017-07-18,Full-Time,28,Hybrid,7096
NX02861,Tina Pillai,tina.pillai2861@nexacore.com,Customer Success,Onboarding,Customer Success Manager,C2,NX01922,Andrea Hughes,"London, UK",2024-03-01,Full-Time,24,Hybrid,8567
NX02862,Gabriel Jensen,gabriel.jensen2862@nexacore.com,Sales,Presales,Sales Manager,S4,NX01969,Mohamed Sharma,"Bangalore, India",2017-11-02,Full-Time,24,Hybrid,5590
NX02863,Rosa Zhang,rosa.zhang2863@nexacore.com,Engineering,DevOps & SRE,Senior Software Engineer,E3,NX03036,Chris Roth,"Munich, Germany",2022-07-21,Full-Time,24,Hybrid,1447
NX02864,Shreya Hoffmann,shreya.hoffmann2864@nexacore.com,Operations,Supply Chain,Operations Specialist,O2,NX04311,Andrea Miller,"Singapore, Singapore",2022-06-29,Full-Time,19,Hybrid,8875
NX02865,William Smith,william.smith2865@nexacore.com,Engineering,Cloud Infrastructure,Associate Engineer,E1,NX03892,Robert Lewis,"Frankfurt, Germany",2025-01-04,Part-Time,7,Remote,6210
NX02866,Maya Jensen,maya.jensen2866@nexacore.com,Engineering,QA & Testing,Senior Software Engineer,E3,NX02916,Olivia Shah,"Bangalore, India",2023-02-08,Full-Time,18,Office,9245
NX02867,Mona Weber,mona.weber2867@nexacore.com,HR,HR Business Partnering,HR Generalist,H2,NX01674,Karen Kumar,"New York, US",2024-03-02,Full-Time,15,Hybrid,5252
NX02868,Rahul Varma,rahul.varma2868@nexacore.com,IT Support,Security Operations,IT Support Engineer,T2,NX03031,Jonas Miller,"Edinburgh, UK",2023-12-16,Full-Time,16,Office,1748
NX02869,Sarah Murphy,sarah.murphy2869@nexacore.com,IT Support,IT Operations,IT Support Engineer,T2,NX02336,Maya Khan,"Seattle, US",2021-09-26,Full-Time,17,Hybrid,4389
NX02870,Emma Peters,emma.peters2870@nexacore.com,IT Support,End-User Computing,Senior IT Engineer,T3,NX01881,Daniel Young,"San Francisco, US",2018-08-23,Full-Time,23,Hybrid,8796
NX02871,Robert Walker,robert.walker2871@nexacore.com,Customer Success,Account Management,Customer Success Manager,C2,NX02329,Nora Peters,"Manchester, UK",2023-09-16,Contract,12,Hybrid,9256
NX02872,Sofia Schmidt,sofia.schmidt2872@nexacore.com,Data & Analytics,Data Engineering,Data Analyst,D1,NX04607,Karen Lim,"Berlin, Germany",2025-05-25,Part-Time,6,Remote,9574
NX02873,Rahul Sandoval,rahul.sandoval2873@nexacore.com,HR,People Operations,HR Generalist,H2,NX01382,Sofia Yamada,"New York, US",2022-10-05,Full-Time,20,Remote,5255
NX02874,Aditi Martin,aditi.martin2874@nexacore.com,Legal,Corporate Legal,Associate Counsel,L2,NX01580,Henrik Pillai,"Singapore, Singapore",2021-06-25,Contract,16,Hybrid,2373
NX02875,Mona Santos,mona.santos2875@nexacore.com,Engineering,DevOps & SRE,Senior Software Engineer,E3,NX05022,Tina Bauer,"Berlin, Germany",2022-11-30,Full-Time,17,Hybrid,7741
NX02876,Sebastian Chakraborty,sebastian.chakraborty2876@nexacore.com,Operations,Procurement,Senior Operations Mgr,O3,NX02488,Ryan Nguyen,"Singapore, Singapore",2021-04-03,Contract,20,Office,5172
NX02877,Freya Nair,freya.nair2877@nexacore.com,Operations,Supply Chain,Operations Specialist,O2,NX03661,William Peters,"Bangalore, India",2023-05-07,Full-Time,22,Office,8812
NX02878,Jaya Moore,jaya.moore2878@nexacore.com,Engineering,Cloud Infrastructure,Software Engineer,E2,NX01091,Aditi Murphy,"Munich, Germany",2023-12-24,Part-Time,14,Hybrid,3874
NX02879,Ethan Peters,ethan.peters2879@nexacore.com,Engineering,Platform Engineering,Staff Engineer,E4,NX02027,Ethan Santos,"Pune, India",2017-02-17,Full-Time,20,Office,7978
NX02880,Daniel Petrov,daniel.petrov2880@nexacore.com,HR,Talent Acquisition,Senior HR Specialist,H3,NX01751,Devika Thomas,"Berlin, Germany",2017-12-21,Full-Time,18,Hybrid,7094
NX02881,Clara Klein,clara.klein2881@nexacore.com,Marketing,Product Marketing,Marketing Specialist,M2,NX01656,Kabir Chakraborty,"Edinburgh, UK",2023-08-08,Contract,20,Office,2696
NX02882,Rosa Sanchez,rosa.sanchez2882@nexacore.com,Sales,Enterprise Sales,Account Executive,S2,NX03420,James Roberts,"San Francisco, US",2023-11-30,Contract,20,Hybrid,7770
NX02883,Akira Davies,akira.davies2883@nexacore.com,Product,Platform,Product Manager,P2,NX05263,Rafael Lim,"New York, US",2023-04-09,Part-Time,17,Office,1992
NX02884,Rosa Roberts,rosa.roberts2884@nexacore.com,Operations,Supply Chain,Operations Director,O4,NX01923,Jason Roth,"Hyderabad, India",2016-02-17,Full-Time,35,Office,4539
NX02885,Axel Moore,axel.moore2885@nexacore.com,HR,People Operations,Senior HR Specialist,H3,NX01975,Sarah Bauer,"Munich, Germany",2019-03-04,Full-Time,34,Hybrid,5771
NX02886,James Hoffmann,james.hoffmann2886@nexacore.com,Engineering,Cloud Infrastructure,Software Engineer,E2,NX05623,Jonathan Gupta,"Berlin, Germany",2023-06-10,Full-Time,13,Hybrid,4667
NX02887,Chris Nelson,chris.nelson2887@nexacore.com,Product,Growth,Principal PM,P4,NX05503,William Brown,"Seattle, US",2013-05-22,Full-Time,18,Office,1087
NX02888,Zara Jain,zara.jain2888@nexacore.com,HR,Talent Acquisition,HR Coordinator,H1,NX02038,Beatrice Perez,"Edinburgh, UK",2024-12-14,Full-Time,18,Hybrid,6325
NX02889,Chen Wang,chen.wang2889@nexacore.com,Operations,Business Operations,Senior Operations Mgr,O3,NX04889,Bernd Muller,"Austin, US",2018-12-27,Full-Time,20,Office,3952
NX02890,Zara Das,zara.das2890@nexacore.com,Engineering,Cloud Infrastructure,Senior Software Engineer,E3,NX05364,Tina Klein,"Pune, India",2022-09-05,Full-Time,18,Hybrid,8032
NX02891,Anna Evans,anna.evans2891@nexacore.com,Engineering,DevOps & SRE,Staff Engineer,E4,NX01482,Oliver Lewis,"Berlin, Germany",2019-08-27,Full-Time,28,Office,8432
NX02892,Gaurav Robinson,gaurav.robinson2892@nexacore.com,Engineering,Mobile & Web,Senior Software Engineer,E3,NX02940,James Pillai,"Manchester, UK",2021-05-04,Full-Time,13,Office,7121
NX02893,Alejandro Nguyen,alejandro.nguyen2893@nexacore.com,Legal,Employment Law,Associate Counsel,L2,NX02960,Rajesh Young,"Bangalore, India",2021-10-30,Contract,29,Office,7859
NX02894,Thomas Meier,thomas.meier2894@nexacore.com,Sales,Presales,Senior Account Executive,S3,NX04259,William Scott,"Bangalore, India",2020-10-06,Full-Time,28,Hybrid,3814
NX02895,Andrea Green,andrea.green2895@nexacore.com,Marketing,Demand Generation,Marketing Director,M4,NX01832,Anna Price,"Hyderabad, India",2016-03-16,Full-Time,34,Hybrid,5579
NX02896,Laura Roberts,laura.roberts2896@nexacore.com,Sales,Enterprise Sales,Account Executive,S2,NX02044,Stefan Petrov,"Austin, US",2022-08-27,Full-Time,20,Hybrid,4379
NX02897,Hannah Anderson,hannah.anderson2897@nexacore.com,Sales,SMB Sales,Sales Development Rep,S1,NX03068,Elena Mendes,"Austin, US",2025-03-14,Full-Time,18,Hybrid,6429
NX02898,Noah Chakraborty,noah.chakraborty2898@nexacore.com,Sales,Enterprise Sales,Account Executive,S2,NX02822,Rahul Nguyen,"Austin, US",2022-10-12,Full-Time,26,Hybrid,4703
NX02899,Ravi Sanchez,ravi.sanchez2899@nexacore.com,Operations,Facilities,Senior Operations Mgr,O3,NX01422,Aisha Davies,"San Francisco, US",2018-04-25,Contract,29,Hybrid,3657
NX02900,Maria Jones,maria.jones2900@nexacore.com,Engineering,DevOps & SRE,Software Engineer,E2,NX03018,Nikita Das,"New York, US",2024-05-01,Contract,25,Office,6682
NX02901,Yuki Smith,yuki.smith2901@nexacore.com,IT Support,End-User Computing,Senior IT Engineer,T3,NX01290,James Green,"Pune, India",2018-05-11,Full-Time,30,Hybrid,1942
NX02902,Sara Zhou,sara.zhou2902@nexacore.com,Customer Success,Support Engineering,Senior CSM,C3,NX05154,Ethan Meier,"Edinburgh, UK",2020-03-22,Full-Time,32,Office,2931
NX02903,Emma Jones,emma.jones2903@nexacore.com,Product,Analytics,Product Manager,P2,NX04582,Diego Smith,"Edinburgh, UK",2021-06-12,Full-Time,18,Hybrid,5552
NX02904,Freya Chen,freya.chen2904@nexacore.com,Engineering,Platform Engineering,Staff Engineer,E4,NX02014,Luka Thompson,"Edinburgh, UK",2018-01-08,Full-Time,33,Office,4328
NX02905,Sarah Lopez,sarah.lopez2905@nexacore.com,Marketing,Brand & Communications,Marketing Specialist,M2,NX04810,Uma Sandoval,"Chennai, India",2021-09-28,Full-Time,22,Office,2636
NX02906,Stefan Mendes,stefan.mendes2906@nexacore.com,Operations,Business Operations,Senior Operations Mgr,O3,NX02012,Jonas Price,"Edinburgh, UK",2016-09-21,Full-Time,20,Office,6218
NX02907,Eva Thompson,eva.thompson2907@nexacore.com,Engineering,QA & Testing,Software Engineer,E2,NX04937,Amara Muller,"Edinburgh, UK",2024-07-21,Full-Time,21,Office,1416
NX02908,Rosa Dubois,rosa.dubois2908@nexacore.com,Sales,Presales,Senior Account Executive,S3,NX01724,Paul Zhou,"Austin, US",2020-07-16,Full-Time,14,Hybrid,5400
NX02909,Milan Fischer,milan.fischer2909@nexacore.com,Engineering,Mobile & Web,Staff Engineer,E4,NX01008,Alec Hoffmann,"Mumbai, India",2018-12-31,Full-Time,24,Hybrid,4772
NX02910,Neha Martinez,neha.martinez2910@nexacore.com,Sales,Enterprise Sales,Account Executive,S2,NX04692,Thomas Reed,"London, UK",2023-09-30,Full-Time,21,Hybrid,2644
NX02911,Carlos Kumar,carlos.kumar2911@nexacore.com,Sales,SMB Sales,Senior Account Executive,S3,NX03290,Zoe Hoffmann,"Mumbai, India",2021-05-20,Contract,17,Office,3288
NX02912,Laura Patel,laura.patel2912@nexacore.com,Sales,SMB Sales,Account Executive,S2,NX02253,Neha Ross,"Manchester, UK",2023-06-21,Part-Time,14,Remote,2530
NX02913,Tobias Roberts,tobias.roberts2913@nexacore.com,Engineering,Cloud Infrastructure,Senior Software Engineer,E3,NX01264,Haruto Becker,"Seattle, US",2022-10-31,Part-Time,10,Remote,2793
NX02914,Haruto Wood,haruto.wood2914@nexacore.com,HR,Talent Acquisition,Senior HR Specialist,H3,NX01026,Freya Peters,"Boston, US",2021-04-26,Contract,16,Office,7262
NX02915,James Hoffmann,james.hoffmann2915@nexacore.com,Sales,SMB Sales,Sales Director,S5,,,"New York, US",2013-01-19,Contract,24,Office,2560
NX02916,Olivia Shah,olivia.shah2916@nexacore.com,Engineering,Platform Engineering,Staff Engineer,E4,NX01895,Henrik Rao,"New York, US",2018-10-18,Full-Time,26,Office,8099
NX02917,Linda Chakraborty,linda.chakraborty2917@nexacore.com,Engineering,QA & Testing,Staff Engineer,E4,NX02465,Alejandro Walker,"London, UK",2017-11-08,Part-Time,12,Office,9690
NX02918,Isabel Wood,isabel.wood2918@nexacore.com,Sales,SMB Sales,Sales Manager,S4,NX02660,Yuki Garcia,"London, UK",2018-11-22,Part-Time,22,Office,7627
NX02919,Hannah Becker,hannah.becker2919@nexacore.com,Engineering,QA & Testing,Software Engineer,E2,NX02803,Ayesha Davies,"Seattle, US",2024-05-30,Full-Time,20,Office,6937
NX02920,Maya Hughes,maya.hughes2920@nexacore.com,Sales,Sales Operations,Senior Account Executive,S3,NX02071,Arjun Kim,"Manchester, UK",2022-03-31,Full-Time,24,Office,3828
NX02921,Haruto Martin,haruto.martin2921@nexacore.com,Customer Success,Onboarding,Customer Success Manager,C2,NX03361,Elena Kaur,"Pune, India",2022-07-28,Contract,15,Hybrid,3752
NX02922,Markus Nguyen,markus.nguyen2922@nexacore.com,Marketing,Demand Generation,Senior Marketing Manager,M3,NX05977,Karen Nelson,"Berlin, Germany",2018-03-06,Full-Time,30,Office,1208
NX02923,Benjamin Green,benjamin.green2923@nexacore.com,Sales,SMB Sales,Account Executive,S2,NX01871,Elena Foster,"Austin, US",2023-02-21,Full-Time,22,Hybrid,1187
NX02924,Akira Schmidt,akira.schmidt2924@nexacore.com,Marketing,Content & SEO,Marketing Specialist,M2,NX01190,Leo Klein,"Edinburgh, UK",2021-10-23,Full-Time,16,Remote,7529
NX02925,Aarav Kaur,aarav.kaur2925@nexacore.com,Engineering,Mobile & Web,Senior Software Engineer,E3,NX03925,Stefan Williams,"Mumbai, India",2021-12-05,Contract,27,Hybrid,8818
NX02926,Lucas Smith,lucas.smith2926@nexacore.com,Marketing,Brand & Communications,Senior Marketing Manager,M3,NX05575,Patrick Reed,"Bangalore, India",2020-01-30,Part-Time,13,Hybrid,2382
NX02927,Jonathan Jones,jonathan.jones2927@nexacore.com,Customer Success,Support Engineering,Customer Success Manager,C2,NX02384,Sarah Bauer,"San Francisco, US",2024-01-18,Contract,16,Office,8596
NX02928,Benjamin Das,benjamin.das2928@nexacore.com,Legal,Employment Law,Senior Counsel,L3,NX05399,Thomas Rodriguez,"Austin, US",2019-02-05,Full-Time,35,Hybrid,9665
NX02929,Emma Patel,emma.patel2929@nexacore.com,Finance,Treasury,Senior Finance Analyst,F2,NX05576,Chen Hansen,"Mumbai, India",2023-03-26,Full-Time,14,Office,1899
NX02930,Sofia Nair,sofia.nair2930@nexacore.com,Customer Success,Account Management,Senior CSM,C3,NX03062,Lucas Jones,"Edinburgh, UK",2018-11-23,Full-Time,24,Hybrid,1169
NX02931,Akira Roth,akira.roth2931@nexacore.com,Legal,IP & Compliance,Legal Analyst,L1,NX04535,Noah Carter,"Austin, US",2023-11-09,Full-Time,23,Hybrid,8285
NX02932,Rosa Thomas,rosa.thomas2932@nexacore.com,Sales,SMB Sales,Account Executive,S2,NX03099,Liam Foster,"Austin, US",2023-10-07,Part-Time,13,Hybrid,7723
NX02933,Clara Bauer,clara.bauer2933@nexacore.com,Engineering,QA & Testing,Software Engineer,E2,NX05493,Shreya Bhatt,"Seattle, US",2024-09-07,Full-Time,19,Remote,3248
NX02934,Jana White,jana.white2934@nexacore.com,Finance,FP&A,Senior Finance Manager,F4,NX01510,Ayesha Varma,"Edinburgh, UK",2015-10-27,Full-Time,32,Hybrid,4221
NX02935,Shreya Gupta,shreya.gupta2935@nexacore.com,Engineering,DevOps & SRE,Senior Software Engineer,E3,NX01002,Manish Hansen,"Frankfurt, Germany",2021-01-04,Part-Time,16,Office,1518
NX02936,Rosa Walker,rosa.walker2936@nexacore.com,Data & Analytics,Business Intelligence,Senior Data Analyst,D2,NX01726,Sabrina Taylor,"Seattle, US",2024-01-14,Contract,17,Hybrid,8021
NX02937,Arjun Perez,arjun.perez2937@nexacore.com,Data & Analytics,ML & AI,Data Scientist,D3,NX01274,Aarav Patel,"London, UK",2020-10-09,Full-Time,29,Office,9100
NX02938,Ishan Gupta,ishan.gupta2938@nexacore.com,Engineering,Mobile & Web,Senior Software Engineer,E3,NX02686,Mona Jain,"New York, US",2023-03-04,Full-Time,13,Hybrid,6040
NX02939,Leo Zhang,leo.zhang2939@nexacore.com,Data & Analytics,ML & AI,Senior Data Analyst,D2,NX03799,Riya Hughes,"Hyderabad, India",2023-09-17,Full-Time,12,Hybrid,6492
NX02940,James Pillai,james.pillai2940@nexacore.com,Engineering,DevOps & SRE,Staff Engineer,E4,NX01764,Priya Turner,"Seattle, US",2018-04-03,Full-Time,30,Office,6880
NX02941,Maria Zhang,maria.zhang2941@nexacore.com,Marketing,Product Marketing,Marketing Specialist,M2,NX02743,Markus Hughes,"Austin, US",2022-01-05,Full-Time,28,Hybrid,5601
NX02942,Simon Gupta,simon.gupta2942@nexacore.com,Customer Success,Account Management,Senior CSM,C3,NX05269,Mohamed Sharma,"Singapore, Singapore",2018-12-27,Full-Time,35,Remote,1052
NX02943,Nikita Jensen,nikita.jensen2943@nexacore.com,Customer Success,Support Engineering,CS Director,C4,NX01093,Jonas Evans,"London, UK",2014-09-29,Full-Time,33,Remote,7403
NX02944,Lisa Johnson,lisa.johnson2944@nexacore.com,Data & Analytics,ML & AI,Data Scientist,D3,NX03092,Rebecca Hansen,"Bangalore, India",2017-11-30,Full-Time,18,Office,2272
NX02945,Lena Turner,lena.turner2945@nexacore.com,Operations,Procurement,Senior Operations Mgr,O3,NX02302,Laura Cruz,"Mumbai, India",2016-11-03,Full-Time,22,Office,2537
NX02946,Maria Jain,maria.jain2946@nexacore.com,Marketing,Content & SEO,Marketing Specialist,M2,NX02252,Vikas Koch,"Singapore, Singapore",2023-03-30,Contract,26,Hybrid,7491
NX02947,Paul Cruz,paul.cruz2947@nexacore.com,Data & Analytics,Data Governance,Lead Data Scientist,D4,NX01389,Kate Hughes,"Manchester, UK",2015-11-11,Full-Time,21,Hybrid,3152
NX02948,Rafael Yamada,rafael.yamada2948@nexacore.com,Finance,Accounting,Senior Finance Analyst,F2,NX04486,Sarah Shah,"Edinburgh, UK",2022-06-27,Contract,25,Hybrid,9510
NX02949,Patrick Rao,patrick.rao2949@nexacore.com,Product,Core Product,Product Manager,P2,NX01694,Yuki Hoffmann,"Mumbai, India",2021-06-18,Full-Time,24,Office,2802
NX02950,Aisha Zhou,aisha.zhou2950@nexacore.com,Product,Platform,Product Manager,P2,NX01831,Alejandro Fischer,"London, UK",2021-08-26,Full-Time,12,Remote,7308
NX02951,Alejandro Koch,alejandro.koch2951@nexacore.com,Finance,Accounting,Finance Analyst,F1,NX05497,Rebecca Jensen,"Manchester, UK",2025-04-17,Full-Time,23,Office,4733
NX02952,Kevin Nelson,kevin.nelson2952@nexacore.com,Operations,Facilities,Operations Specialist,O2,NX02002,Robert Smith,"Berlin, Germany",2023-07-13,Contract,13,Office,8914
NX02953,Samuel Thompson,samuel.thompson2953@nexacore.com,Operations,Business Operations,Senior Operations Mgr,O3,NX05208,Jaya Williams,"Bangalore, India",2018-12-23,Full-Time,32,Office,9978
NX02954,Diego Hall,diego.hall2954@nexacore.com,Sales,SMB Sales,Sales Manager,S4,NX01018,Nora Robinson,"Berlin, Germany",2015-07-17,Full-Time,27,Office,2331
NX02955,Alec Zhang,alec.zhang2955@nexacore.com,Operations,Procurement,Operations Specialist,O2,NX04969,James Peters,"Singapore, Singapore",2021-12-04,Part-Time,12,Office,6398
NX02956,Andrea Miller,andrea.miller2956@nexacore.com,Finance,Treasury,Senior Finance Analyst,F2,NX02432,Lena Price,"San Francisco, US",2023-10-17,Contract,20,Office,9438
NX02957,Tobias Yamada,tobias.yamada2957@nexacore.com,Engineering,DevOps & SRE,Staff Engineer,E4,NX01433,Hannah Clark,"Edinburgh, UK",2016-11-16,Full-Time,25,Remote,1358
NX02958,Martin Roth,martin.roth2958@nexacore.com,Sales,SMB Sales,Senior Account Executive,S3,NX02455,Ayesha Sandoval,"Chennai, India",2021-09-09,Full-Time,12,Remote,7923
NX02959,Ashley Roberts,ashley.roberts2959@nexacore.com,Sales,Presales,Senior Account Executive,S3,NX01435,Markus Peters,"Munich, Germany",2022-04-15,Full-Time,28,Office,2142
NX02960,Rajesh Young,rajesh.young2960@nexacore.com,Legal,Corporate Legal,Senior Counsel,L3,NX03445,Lars Philips,"Bangalore, India",2014-09-16,Full-Time,17,Hybrid,3905
NX02961,Uma Scott,uma.scott2961@nexacore.com,IT Support,End-User Computing,Senior IT Engineer,T3,NX02315,Gabriel Fischer,"New York, US",2020-08-13,Full-Time,21,Hybrid,4343
NX02962,Karen Patel,karen.patel2962@nexacore.com,Engineering,Platform Engineering,Senior Software Engineer,E3,NX03253,Martin Das,"Munich, Germany",2020-11-14,Part-Time,9,Hybrid,6045
NX02963,Lena Green,lena.green2963@nexacore.com,Engineering,DevOps & SRE,Software Engineer,E2,NX01983,Oliver Davis,"Boston, US",2023-10-12,Full-Time,18,Hybrid,2427
NX02964,Karl Lim,karl.lim2964@nexacore.com,HR,L&D,HR Generalist,H2,NX02817,Tina Wood,"Bangalore, India",2022-07-14,Full-Time,14,Hybrid,8366
NX02965,Alex Meyer,alex.meyer2965@nexacore.com,Operations,Business Operations,Senior Operations Mgr,O3,NX02258,Aarav Martin,"Hyderabad, India",2017-04-26,Contract,29,Hybrid,1032
NX02966,Paola Kaur,paola.kaur2966@nexacore.com,Sales,SMB Sales,Sales Manager,S4,NX05945,Rohit Nielsen,"Seattle, US",2015-07-03,Full-Time,27,Office,5019
NX02967,Anita Wang,anita.wang2967@nexacore.com,Sales,SMB Sales,Senior Account Executive,S3,NX03156,Antoine Kapoor,"Hyderabad, India",2020-11-09,Full-Time,16,Remote,9224
NX02968,Aditi Miller,aditi.miller2968@nexacore.com,Customer Success,Renewals,Senior CSM,C3,NX02440,Tobias Foster,"Seattle, US",2019-04-26,Part-Time,25,Hybrid,2686
NX02969,Pedro Taylor,pedro.taylor2969@nexacore.com,IT Support,IT Operations,IT Support Analyst,T1,NX01882,Ananya Martin,"Chennai, India",2024-09-20,Part-Time,11,Office,8352
NX02970,Andrea Desai,andrea.desai2970@nexacore.com,Finance,Treasury,Senior Finance Analyst,F2,NX01916,Vikas Das,"Mumbai, India",2022-02-01,Contract,28,Hybrid,8311
NX02971,Andrei Hoffmann,andrei.hoffmann2971@nexacore.com,IT Support,End-User Computing,IT Support Analyst,T1,NX02082,Linda Jones,"Singapore, Singapore",2025-05-06,Part-Time,13,Office,8442
NX02972,Freya Moore,freya.moore2972@nexacore.com,Data & Analytics,Business Intelligence,Lead Data Scientist,D4,NX01097,Nicolas Wood,"Singapore, Singapore",2014-08-22,Full-Time,30,Office,5849
NX02973,Markus Reddy,markus.reddy2973@nexacore.com,Legal,IP & Compliance,Associate Counsel,L2,NX04193,Sara Wright,"Bangalore, India",2021-08-25,Part-Time,12,Hybrid,6552
NX02974,Henrik Smith,henrik.smith2974@nexacore.com,Engineering,DevOps & SRE,Senior Software Engineer,E3,NX05306,Luka Cruz,"Seattle, US",2022-01-19,Full-Time,16,Hybrid,2840
NX02975,Priya Desai,priya.desai2975@nexacore.com,Customer Success,Account Management,Customer Success Manager,C2,NX01484,Ayesha Sanchez,"Frankfurt, Germany",2024-05-09,Full-Time,24,Office,9689
NX02976,Diego Becker,diego.becker2976@nexacore.com,Marketing,Demand Generation,Senior Marketing Manager,M3,NX02238,Isabel Green,"Pune, India",2019-10-10,Full-Time,28,Hybrid,7902
NX02977,Isabel Turner,isabel.turner2977@nexacore.com,Customer Success,Support Engineering,Customer Success Manager,C2,NX02227,Manish Varma,"Seattle, US",2022-10-26,Full-Time,15,Hybrid,4012
NX02978,Kiara Liu,kiara.liu2978@nexacore.com,Product,Analytics,Associate PM,P1,NX03917,Benjamin Walker,"Bangalore, India",2025-09-19,Full-Time,17,Hybrid,3336
NX02979,Markus Gonzalez,markus.gonzalez2979@nexacore.com,Engineering,Mobile & Web,Associate Engineer,E1,NX03189,Devika Meyer,"San Francisco, US",2025-08-09,Full-Time,19,Office,4650
NX02980,Shreya Meier,shreya.meier2980@nexacore.com,Engineering,Cloud Infrastructure,Principal Engineer,E5,NX01738,Grace Bauer,"Bangalore, India",2015-08-03,Full-Time,21,Office,7636
NX02981,Anna Jones,anna.jones2981@nexacore.com,Engineering,QA & Testing,Associate Engineer,E1,NX04893,Julia Cruz,"Edinburgh, UK",2026-02-09,Part-Time,8,Office,4969
NX02982,Paul Lewis,paul.lewis2982@nexacore.com,Engineering,Cloud Infrastructure,Senior Software Engineer,E3,NX03988,Stefan Cruz,"Boston, US",2022-07-24,Full-Time,14,Hybrid,5191
NX02983,Tobias Yamada,tobias.yamada2983@nexacore.com,Sales,Enterprise Sales,Sales Manager,S4,NX02439,Lars Liu,"Munich, Germany",2019-04-22,Full-Time,23,Hybrid,5456
NX02984,Uma Roberts,uma.roberts2984@nexacore.com,Operations,Business Operations,Senior Operations Mgr,O3,NX03040,Wei Hughes,"Pune, India",2020-07-13,Full-Time,24,Remote,9483
NX02985,Paola Kim,paola.kim2985@nexacore.com,Engineering,DevOps & SRE,Principal Engineer,E5,NX02553,Nisha Klein,"Berlin, Germany",2014-03-10,Full-Time,22,Hybrid,1629
NX02986,Pedro Moore,pedro.moore2986@nexacore.com,Legal,IP & Compliance,Associate Counsel,L2,NX04599,Sarah Pillai,"Singapore, Singapore",2020-05-23,Full-Time,22,Hybrid,6085
NX02987,Sven Thompson,sven.thompson2987@nexacore.com,Marketing,Demand Generation,Marketing Director,M4,NX01671,Nikita Lopez,"Chennai, India",2014-07-03,Part-Time,18,Hybrid,7339
NX02988,Henrik Green,henrik.green2988@nexacore.com,IT Support,IT Operations,IT Support Engineer,T2,NX05094,Lars Anderson,"Chennai, India",2022-01-24,Full-Time,15,Office,7687
NX02989,Harry Hansen,harry.hansen2989@nexacore.com,Engineering,Mobile & Web,Principal Engineer,E5,NX02553,Nisha Klein,"Edinburgh, UK",2015-07-29,Contract,31,Office,9981
NX02990,Kevin Hughes,kevin.hughes2990@nexacore.com,Product,Platform,Senior Product Manager,P3,NX04120,Ravi Bauer,"Frankfurt, Germany",2021-01-26,Full-Time,16,Office,8388
NX02991,Henrik Mendes,henrik.mendes2991@nexacore.com,Engineering,DevOps & SRE,Software Engineer,E2,NX02412,Samuel Lee,"Bangalore, India",2023-06-24,Full-Time,20,Hybrid,1800
NX02992,Vikas Kapoor,vikas.kapoor2992@nexacore.com,Sales,SMB Sales,Senior Account Executive,S3,NX02617,Rahul Hansen,"Pune, India",2020-02-25,Full-Time,27,Hybrid,2386
NX02993,Fiona Evans,fiona.evans2993@nexacore.com,IT Support,IT Operations,IT Manager,T4,NX02037,Blake Naidu,"Bangalore, India",2015-11-22,Full-Time,26,Hybrid,1813
NX02994,Simon Moore,simon.moore2994@nexacore.com,Customer Success,Account Management,Senior CSM,C3,NX01796,Ethan Kaur,"Hyderabad, India",2019-08-20,Full-Time,32,Remote,5657
NX02995,Aryan Hughes,aryan.hughes2995@nexacore.com,Legal,IP & Compliance,Associate Counsel,L2,NX02304,Wei Schmidt,"Pune, India",2021-01-27,Full-Time,16,Hybrid,6265
NX02996,Eva Singh,eva.singh2996@nexacore.com,HR,HR Business Partnering,Senior HR Specialist,H3,NX01662,Axel Clark,"Chennai, India",2020-01-25,Full-Time,23,Office,7287
NX02997,Markus Gonzalez,markus.gonzalez2997@nexacore.com,Sales,SMB Sales,Senior Account Executive,S3,NX02723,Olivia Naidu,"Boston, US",2019-12-15,Full-Time,29,Hybrid,1911
NX02998,Valentina Hall,valentina.hall2998@nexacore.com,Operations,Business Operations,Senior Operations Mgr,O3,NX02884,Rosa Roberts,"London, UK",2020-07-09,Full-Time,18,Hybrid,8014
NX02999,Carlos Shah,carlos.shah2999@nexacore.com,HR,L&D,HR Manager,H4,NX02069,Linda Price,"Edinburgh, UK",2014-10-10,Full-Time,18,Office,1556
NX03000,Paola Moore,paola.moore3000@nexacore.com,HR,People Operations,Senior HR Specialist,H3,NX05409,Ravi Jensen,"Bangalore, India",2019-07-22,Full-Time,33,Office,8349
NX03001,Rebecca Muller,rebecca.muller3001@nexacore.com,Engineering,Platform Engineering,Senior Software Engineer,E3,NX02649,Paul Zhang,"Singapore, Singapore",2022-10-05,Full-Time,23,Office,5757
NX03002,Aditi Lee,aditi.lee3002@nexacore.com,Operations,Business Operations,Operations Analyst,O1,NX01985,David Santos,"Boston, US",2024-06-23,Full-Time,18,Hybrid,4695
NX03003,Aryan Thomas,aryan.thomas3003@nexacore.com,IT Support,End-User Computing,IT Support Engineer,T2,NX01816,Bernd Nelson,"Frankfurt, Germany",2022-12-02,Part-Time,17,Office,1208
NX03004,Anita Philips,anita.philips3004@nexacore.com,HR,HR Business Partnering,HR Generalist,H2,NX01382,Sofia Yamada,"Frankfurt, Germany",2024-01-30,Full-Time,14,Remote,2017
NX03005,Julia Murphy,julia.murphy3005@nexacore.com,Engineering,Platform Engineering,Staff Engineer,E4,NX01068,Tanvi Miller,"New York, US",2019-01-23,Full-Time,17,Hybrid,2162
NX03006,James Rao,james.rao3006@nexacore.com,Data & Analytics,Data Governance,Data Analyst,D1,NX05330,Nikita Fischer,"San Francisco, US",2025-03-30,Full-Time,12,Office,4012
NX03007,Maria Lee,maria.lee3007@nexacore.com,Product,Platform,Senior Product Manager,P3,NX04662,Fiona Liu,"Munich, Germany",2020-01-29,Full-Time,25,Office,9083
NX03008,Saanvi Bennet,saanvi.bennet3008@nexacore.com,Product,Analytics,Product Manager,P2,NX04300,Emma Williams,"Berlin, Germany",2022-12-15,Full-Time,27,Hybrid,8707
NX03009,Riya Lim,riya.lim3009@nexacore.com,Operations,Supply Chain,Operations Analyst,O1,NX04969,James Peters,"Hyderabad, India",2025-04-12,Full-Time,12,Remote,6853
NX03010,Beatrice Peters,beatrice.peters3010@nexacore.com,Marketing,Demand Generation,Marketing Specialist,M2,NX01421,Rebecca Chen,"New York, US",2022-09-02,Contract,16,Office,7283
NX03011,Isabel Kapoor,isabel.kapoor3011@nexacore.com,Sales,Enterprise Sales,Senior Account Executive,S3,NX02164,Karan Muller,"Hyderabad, India",2021-02-28,Contract,20,Hybrid,9922
NX03012,Axel Wilson,axel.wilson3012@nexacore.com,Data & Analytics,Data Engineering,Senior Data Analyst,D2,NX03799,Riya Hughes,"London, UK",2023-04-03,Full-Time,15,Hybrid,6992
NX03013,Kevin Schmidt,kevin.schmidt3013@nexacore.com,Data & Analytics,Data Engineering,Data Scientist,D3,NX01713,Mohamed Scott,"Edinburgh, UK",2021-04-27,Full-Time,31,Remote,1828
NX03014,Lucas Bauer,lucas.bauer3014@nexacore.com,Operations,Business Operations,Operations Specialist,O2,NX02594,Sofia Taylor,"Bangalore, India",2022-11-27,Part-Time,17,Hybrid,9840
NX03015,Linda Becker,linda.becker3015@nexacore.com,Customer Success,Account Management,Senior CSM,C3,NX04153,Arjun Santos,"Chennai, India",2017-08-09,Full-Time,29,Hybrid,7268
NX03016,Rahul Zhang,rahul.zhang3016@nexacore.com,HR,People Operations,HR Generalist,H2,NX04166,James Bauer,"Mumbai, India",2022-05-26,Full-Time,12,Office,7542
NX03017,Lisa Sharma,lisa.sharma3017@nexacore.com,Marketing,Brand & Communications,Marketing Coordinator,M1,NX02058,Sophie Scott,"Munich, Germany",2025-09-19,Contract,16,Office,3579
NX03018,Nikita Das,nikita.das3018@nexacore.com,Engineering,DevOps & SRE,Staff Engineer,E4,NX01253,Lena Sanchez,"Boston, US",2018-12-05,Part-Time,20,Office,4878
NX03019,Nisha Williams,nisha.williams3019@nexacore.com,Finance,Treasury,Senior Finance Manager,F4,NX01589,Sebastian Reddy,"Chennai, India",2015-01-02,Full-Time,21,Hybrid,5914
NX03020,Lena Becker,lena.becker3020@nexacore.com,Customer Success,Onboarding,Senior CSM,C3,NX03687,Karl Young,"Berlin, Germany",2021-02-24,Full-Time,14,Hybrid,8912
NX03021,Ananya Santos,ananya.santos3021@nexacore.com,Sales,SMB Sales,Account Executive,S2,NX01629,Tobias Lee,"Mumbai, India",2024-06-17,Part-Time,13,Remote,9861
NX03022,Lucas Jain,lucas.jain3022@nexacore.com,Customer Success,Onboarding,CS Director,C4,NX01029,Pedro Lim,"Hyderabad, India",2016-09-18,Full-Time,23,Remote,7202
NX03023,Blake Davies,blake.davies3023@nexacore.com,HR,L&D,Senior HR Specialist,H3,NX01902,Yuki Wang,"Seattle, US",2020-08-20,Contract,26,Hybrid,7542
NX03024,Karan Hall,karan.hall3024@nexacore.com,Operations,Supply Chain,Operations Specialist,O2,NX01732,Devika Cruz,"Pune, India",2022-03-02,Contract,15,Remote,3603
NX03025,Ethan Becker,ethan.becker3025@nexacore.com,Customer Success,Support Engineering,Senior CSM,C3,NX05668,Mona Kaur,"Austin, US",2019-04-21,Contract,20,Office,5466
NX03026,Pankaj White,pankaj.white3026@nexacore.com,Product,Platform,Senior Product Manager,P3,NX02576,Oliver Smith,"Boston, US",2019-01-10,Full-Time,34,Remote,9713
NX03027,Elena Singh,elena.singh3027@nexacore.com,Sales,SMB Sales,Account Executive,S2,NX03099,Liam Foster,"Hyderabad, India",2023-02-09,Full-Time,25,Hybrid,6553
NX03028,Kate Roth,kate.roth3028@nexacore.com,Data & Analytics,ML & AI,Head of Data,D5,,,"Berlin, Germany",2012-02-02,Full-Time,22,Office,3945
NX03029,Kevin Lim,kevin.lim3029@nexacore.com,Sales,Presales,Sales Director,S5,,,"Bangalore, India",2013-08-02,Full-Time,23,Hybrid,2207
NX03030,William Kumar,william.kumar3030@nexacore.com,Engineering,Platform Engineering,Staff Engineer,E4,NX01149,David Kapoor,"Chennai, India",2017-05-21,Full-Time,21,Office,1097
NX03031,Jonas Miller,jonas.miller3031@nexacore.com,IT Support,Security Operations,IT Manager,T4,NX01621,Hannah Lim,"Edinburgh, UK",2015-03-05,Full-Time,23,Hybrid,4874
NX03032,Ananya Mitchell,ananya.mitchell3032@nexacore.com,Engineering,DevOps & SRE,Senior Software Engineer,E3,NX02748,Manish Jones,"Austin, US",2022-06-21,Full-Time,11,Hybrid,2437
NX03033,Ryan Khan,ryan.khan3033@nexacore.com,Operations,Supply Chain,Senior Operations Mgr,O3,NX01535,Ravi Lewis,"Pune, India",2020-05-05,Full-Time,30,Hybrid,3701
NX03034,Anna Wood,anna.wood3034@nexacore.com,Product,Growth,Product Manager,P2,NX02188,Nisha Johnson,"Bangalore, India",2024-04-30,Full-Time,17,Hybrid,6553
NX03035,Freya Walker,freya.walker3035@nexacore.com,Customer Success,Account Management,Customer Success Manager,C2,NX05005,Riya Brown,"Munich, Germany",2021-07-20,Full-Time,18,Office,4789
NX03036,Chris Roth,chris.roth3036@nexacore.com,Engineering,Cloud Infrastructure,Staff Engineer,E4,NX01992,Sven Lewis,"Edinburgh, UK",2019-12-09,Full-Time,20,Hybrid,1704
NX03037,Diego Patel,diego.patel3037@nexacore.com,Legal,IP & Compliance,Associate Counsel,L2,NX02960,Rajesh Young,"Frankfurt, Germany",2022-10-31,Full-Time,19,Remote,3245
NX03038,Andrea Lewis,andrea.lewis3038@nexacore.com,Engineering,Mobile & Web,Principal Engineer,E5,NX02374,Nicolas Harris,"Boston, US",2015-03-21,Part-Time,18,Hybrid,2483
NX03039,David Rodriguez,david.rodriguez3039@nexacore.com,IT Support,End-User Computing,Senior IT Engineer,T3,NX04368,Ethan Williams,"Pune, India",2020-04-06,Part-Time,14,Office,6740
NX03040,Wei Hughes,wei.hughes3040@nexacore.com,Operations,Facilities,Operations Director,O4,NX01843,Pedro Sandoval,"Boston, US",2013-05-20,Full-Time,30,Office,7078
NX03041,Eva Dubois,eva.dubois3041@nexacore.com,Sales,Presales,Sales Manager,S4,NX04977,Clara Jones,"Frankfurt, Germany",2019-01-15,Full-Time,35,Hybrid,4845
NX03042,Rebecca Davis,rebecca.davis3042@nexacore.com,Product,Analytics,Product Manager,P2,NX01451,Pankaj Kim,"Chennai, India",2021-12-22,Full-Time,29,Office,5855
NX03043,Sarah Singh,sarah.singh3043@nexacore.com,Engineering,Cloud Infrastructure,Software Engineer,E2,NX03454,Vikram Williams,"Berlin, Germany",2024-05-19,Full-Time,23,Hybrid,6996
NX03044,Tom Meier,tom.meier3044@nexacore.com,Customer Success,Onboarding,Senior CSM,C3,NX01554,Aisha Lewis,"Hyderabad, India",2019-04-19,Full-Time,21,Hybrid,4774
NX03045,Benjamin Naidu,benjamin.naidu3045@nexacore.com,Legal,IP & Compliance,Legal Analyst,L1,NX04848,David Nair,"Pune, India",2025-01-20,Full-Time,16,Office,2013
NX03046,Patrick Evans,patrick.evans3046@nexacore.com,Sales,SMB Sales,Account Executive,S2,NX03504,Akira Bhatt,"Seattle, US",2023-10-09,Full-Time,15,Hybrid,6039
NX03047,Sara Ross,sara.ross3047@nexacore.com,Sales,Sales Operations,Sales Director,S5,,,"Mumbai, India",2013-11-08,Part-Time,24,Office,4502
NX03048,Bernd Varma,bernd.varma3048@nexacore.com,Product,Platform,Product Manager,P2,NX01766,Pankaj Carter,"Munich, Germany",2022-11-19,Contract,24,Hybrid,2309
NX03049,Vikram Singh,vikram.singh3049@nexacore.com,HR,HR Business Partnering,Senior HR Specialist,H3,NX02817,Tina Wood,"Berlin, Germany",2016-11-03,Part-Time,12,Hybrid,4519
NX03050,Ryan Liu,ryan.liu3050@nexacore.com,Data & Analytics,Data Governance,Senior Data Analyst,D2,NX02816,Nora Das,"Pune, India",2023-11-26,Contract,10,Hybrid,5322
NX03051,Shreya Mitchell,shreya.mitchell3051@nexacore.com,Engineering,QA & Testing,Senior Software Engineer,E3,NX03548,Jason Miller,"Bangalore, India",2021-07-08,Full-Time,24,Remote,4979
NX03052,Sophie Perez,sophie.perez3052@nexacore.com,Data & Analytics,Data Engineering,Data Scientist,D3,NX02816,Nora Das,"Seattle, US",2017-07-26,Full-Time,17,Hybrid,4041
NX03053,Gabriel Bennet,gabriel.bennet3053@nexacore.com,Data & Analytics,ML & AI,Senior Data Analyst,D2,NX04541,Chen Lopez,"Berlin, Germany",2023-09-08,Full-Time,21,Hybrid,8848
NX03054,Jessica Varma,jessica.varma3054@nexacore.com,Engineering,Cloud Infrastructure,Senior Software Engineer,E3,NX01685,Henrik Wilson,"San Francisco, US",2023-03-03,Contract,22,Office,3185
NX03055,Mohamed Johnson,mohamed.johnson3055@nexacore.com,Data & Analytics,Business Intelligence,Data Scientist,D3,NX01357,Sara Wood,"Edinburgh, UK",2020-01-02,Full-Time,28,Office,5231
NX03056,Gaurav Nelson,gaurav.nelson3056@nexacore.com,Sales,Presales,Account Executive,S2,NX04927,Alejandro Brown,"Austin, US",2024-02-20,Contract,15,Remote,3305
NX03057,Andrea Fischer,andrea.fischer3057@nexacore.com,IT Support,End-User Computing,IT Support Analyst,T1,NX01913,Nora Varma,"New York, US",2024-08-25,Full-Time,23,Office,2069
NX03058,Rosa Scott,rosa.scott3058@nexacore.com,Sales,SMB Sales,Account Executive,S2,NX02862,Gabriel Jensen,"Austin, US",2023-04-02,Full-Time,21,Office,5864
NX03059,Thomas Thomas,thomas.thomas3059@nexacore.com,Engineering,Platform Engineering,Associate Engineer,E1,NX04896,Liam Martinez,"Singapore, Singapore",2025-10-09,Full-Time,14,Office,6429
NX03060,Mohamed Cruz,mohamed.cruz3060@nexacore.com,Product,Platform,Associate PM,P1,NX04078,Pedro Thompson,"Seattle, US",2024-06-01,Part-Time,16,Hybrid,8250
NX03061,Mohamed Nair,mohamed.nair3061@nexacore.com,Sales,Enterprise Sales,Account Executive,S2,NX02862,Gabriel Jensen,"San Francisco, US",2024-06-17,Contract,12,Hybrid,7444
NX03062,Lucas Jones,lucas.jones3062@nexacore.com,Customer Success,Account Management,CS Director,C4,NX01029,Pedro Lim,"Chennai, India",2012-07-22,Full-Time,31,Office,3101
NX03063,Thomas Nguyen,thomas.nguyen3063@nexacore.com,Finance,Treasury,Senior Finance Manager,F4,NX02492,Haruto Wilson,"Munich, Germany",2014-11-03,Full-Time,19,Hybrid,1553
NX03064,Raj Moore,raj.moore3064@nexacore.com,Sales,Sales Operations,Sales Development Rep,S1,NX03657,Lisa Meyer,"Frankfurt, Germany",2025-12-25,Full-Time,16,Office,1857
NX03065,Karl Meyer,karl.meyer3065@nexacore.com,Finance,FP&A,Senior Finance Analyst,F2,NX01350,Chen Martinez,"London, UK",2024-01-29,Contract,16,Hybrid,3216
NX03066,Luka Cruz,luka.cruz3066@nexacore.com,IT Support,Security Operations,Senior IT Engineer,T3,NX02767,Anna Shah,"Mumbai, India",2017-10-12,Part-Time,27,Office,3167
NX03067,Thomas Khan,thomas.khan3067@nexacore.com,Sales,Enterprise Sales,Senior Account Executive,S3,NX04615,Vikas Dubois,"Berlin, Germany",2021-03-09,Full-Time,17,Hybrid,7885
NX03068,Elena Mendes,elena.mendes3068@nexacore.com,Sales,Enterprise Sales,Sales Manager,S4,NX04083,Olivia Scott,"Berlin, Germany",2016-12-11,Full-Time,23,Hybrid,4127
NX03069,Uma Thomas,uma.thomas3069@nexacore.com,Engineering,Mobile & Web,Staff Engineer,E4,NX02095,Tanvi Turner,"Edinburgh, UK",2018-09-02,Full-Time,17,Office,8337
NX03070,Leo Lewis,leo.lewis3070@nexacore.com,Data & Analytics,Data Governance,Lead Data Scientist,D4,NX01097,Nicolas Wood,"San Francisco, US",2015-03-14,Full-Time,17,Office,8936
NX03071,Zara Weber,zara.weber3071@nexacore.com,Marketing,Product Marketing,Marketing Director,M4,NX01432,Wei Varma,"Hyderabad, India",2015-06-26,Full-Time,22,Office,1563
NX03072,Milan Lewis,milan.lewis3072@nexacore.com,Customer Success,Onboarding,Senior CSM,C3,NX03297,Priya Price,"Boston, US",2017-08-25,Contract,31,Remote,7831
NX03073,Sabrina Koch,sabrina.koch3073@nexacore.com,Product,Growth,Product Manager,P2,NX03497,Tobias White,"Chennai, India",2023-08-30,Full-Time,17,Remote,7242
NX03074,Blake Evans,blake.evans3074@nexacore.com,Finance,FP&A,Finance Manager,F3,NX04377,Shreya Robinson,"New York, US",2020-04-28,Part-Time,10,Office,9743
NX03075,Ashley Thomas,ashley.thomas3075@nexacore.com,Marketing,Brand & Communications,Senior Marketing Manager,M3,NX02895,Andrea Green,"London, UK",2020-08-16,Contract,24,Hybrid,5120
NX03076,Alec Anderson,alec.anderson3076@nexacore.com,Sales,Enterprise Sales,Senior Account Executive,S3,NX01520,Ashley Williams,"New York, US",2021-10-27,Part-Time,18,Office,3252
NX03077,Isabel Sandoval,isabel.sandoval3077@nexacore.com,IT Support,Security Operations,IT Support Engineer,T2,NX01454,Neha Meier,"Boston, US",2024-01-09,Full-Time,20,Hybrid,6587
NX03078,Raj White,raj.white3078@nexacore.com,Engineering,DevOps & SRE,Associate Engineer,E1,NX05524,Neha Singh,"Singapore, Singapore",2024-12-11,Part-Time,6,Office,9623
NX03079,Emma Evans,emma.evans3079@nexacore.com,IT Support,End-User Computing,Senior IT Engineer,T3,NX04368,Ethan Williams,"Munich, Germany",2020-10-12,Contract,30,Remote,6403
NX03080,Zoe Koch,zoe.koch3080@nexacore.com,Data & Analytics,Data Engineering,Senior Data Analyst,D2,NX01713,Mohamed Scott,"Edinburgh, UK",2022-05-10,Contract,23,Hybrid,5184
NX03081,Paola Moore,paola.moore3081@nexacore.com,Sales,Sales Operations,Senior Account Executive,S3,NX01789,Benjamin Mendes,"Munich, Germany",2020-03-06,Part-Time,20,Office,7412
NX03082,Alex Yamada,alex.yamada3082@nexacore.com,Marketing,Product Marketing,Marketing Specialist,M2,NX02010,Ravi Hoffmann,"Singapore, Singapore",2021-10-19,Full-Time,17,Remote,4158
NX03083,Zara Johnson,zara.johnson3083@nexacore.com,Engineering,Platform Engineering,Senior Software Engineer,E3,NX03376,Michael Hoffmann,"Munich, Germany",2022-04-06,Full-Time,28,Hybrid,9896
NX03084,Anna Roth,anna.roth3084@nexacore.com,HR,People Operations,HR Generalist,H2,NX04166,James Bauer,"Berlin, Germany",2022-03-19,Full-Time,26,Office,7859
NX03085,Mohamed Martinez,mohamed.martinez3085@nexacore.com,Finance,Tax & Compliance,Senior Finance Analyst,F2,NX02373,Oliver Nguyen,"Munich, Germany",2022-02-20,Part-Time,15,Office,9179
NX03086,Vikas Moore,vikas.moore3086@nexacore.com,Customer Success,Support Engineering,Customer Success Manager,C2,NX04661,Amrita Nguyen,"London, UK",2022-07-23,Full-Time,22,Office,5174
NX03087,Sneha Nair,sneha.nair3087@nexacore.com,Sales,Sales Operations,Senior Account Executive,S3,NX03167,Nicolas Smith,"Bangalore, India",2022-04-21,Full-Time,19,Hybrid,9536
NX03088,Robert Reddy,robert.reddy3088@nexacore.com,Operations,Business Operations,Operations Specialist,O2,NX01162,Nikita Green,"Boston, US",2022-07-26,Part-Time,12,Hybrid,6781
NX03089,Lars Lim,lars.lim3089@nexacore.com,Operations,Supply Chain,Senior Operations Mgr,O3,NX01546,Amara Lim,"Chennai, India",2016-08-08,Full-Time,33,Hybrid,9393
NX03090,Sneha Koch,sneha.koch3090@nexacore.com,IT Support,End-User Computing,Senior IT Engineer,T3,NX04529,Aisha Hansen,"Chennai, India",2020-11-29,Full-Time,14,Hybrid,7976
NX03091,Alec Price,alec.price3091@nexacore.com,Customer Success,Account Management,Senior CSM,C3,NX04730,Oliver Nelson,"London, UK",2018-08-20,Full-Time,35,Hybrid,5016
NX03092,Rebecca Hansen,rebecca.hansen3092@nexacore.com,Data & Analytics,Data Engineering,Lead Data Scientist,D4,NX02347,Anjali Scott,"Boston, US",2015-06-07,Full-Time,22,Hybrid,1995
NX03093,Hannah Brown,hannah.brown3093@nexacore.com,Operations,Facilities,Senior Operations Mgr,O3,NX02704,Sophie Fischer,"Mumbai, India",2018-07-29,Contract,35,Office,5554
NX03094,Arjun Hughes,arjun.hughes3094@nexacore.com,Sales,Sales Operations,Senior Account Executive,S3,NX04517,Lars Jones,"Bangalore, India",2019-09-29,Contract,18,Office,8942
NX03095,Sven Fischer,sven.fischer3095@nexacore.com,Engineering,Mobile & Web,Senior Software Engineer,E3,NX01776,Jonathan Jain,"London, UK",2023-04-29,Full-Time,16,Office,7377
NX03096,Liam Reddy,liam.reddy3096@nexacore.com,Customer Success,Onboarding,Customer Success Manager,C2,NX04661,Amrita Nguyen,"Boston, US",2021-08-08,Full-Time,17,Hybrid,9063
NX03097,Markus Price,markus.price3097@nexacore.com,Engineering,Platform Engineering,Staff Engineer,E4,NX02465,Alejandro Walker,"London, UK",2019-10-14,Full-Time,15,Remote,5115
NX03098,Alec Lopez,alec.lopez3098@nexacore.com,Legal,Employment Law,Legal Director,L4,,,"Mumbai, India",2013-04-15,Full-Time,30,Remote,5111
NX03099,Liam Foster,liam.foster3099@nexacore.com,Sales,Enterprise Sales,Sales Manager,S4,NX01477,Chris Petrov,"Austin, US",2015-07-15,Full-Time,31,Hybrid,6441
NX03100,Vikas Kim,vikas.kim3100@nexacore.com,Product,Core Product,Product Manager,P2,NX03713,Maya Clark,"Munich, Germany",2024-03-21,Full-Time,22,Hybrid,8209
NX03101,Shreya Perez,shreya.perez3101@nexacore.com,Sales,Sales Operations,Senior Account Executive,S3,NX03705,Karen Varma,"Berlin, Germany",2020-01-23,Full-Time,30,Hybrid,6058
NX03102,Arjun Price,arjun.price3102@nexacore.com,Operations,Procurement,Senior Operations Mgr,O3,NX05641,Alejandro Kumar,"Seattle, US",2018-10-08,Part-Time,26,Office,9206
NX03103,Vikas Yamada,vikas.yamada3103@nexacore.com,Engineering,Cloud Infrastructure,Principal Engineer,E5,NX01068,Tanvi Miller,"London, UK",2016-04-29,Part-Time,16,Office,5529
NX03104,Chen Roth,chen.roth3104@nexacore.com,Engineering,DevOps & SRE,Staff Engineer,E4,NX01530,Pedro Desai,"New York, US",2018-02-28,Full-Time,22,Remote,1510
NX03105,Omar Williams,omar.williams3105@nexacore.com,Customer Success,Renewals,Customer Success Manager,C2,NX03843,Harry Schmidt,"Seattle, US",2021-12-31,Full-Time,20,Office,9459
NX03106,Jaya Davies,jaya.davies3106@nexacore.com,Data & Analytics,Data Governance,Senior Data Analyst,D2,NX01230,Maria Williams,"San Francisco, US",2022-05-07,Part-Time,11,Hybrid,4500
NX03107,Beatrice Mendes,beatrice.mendes3107@nexacore.com,Operations,Supply Chain,Senior Operations Mgr,O3,NX05062,Clara Koch,"Singapore, Singapore",2020-11-10,Full-Time,22,Office,3403
NX03108,Pedro Meier,pedro.meier3108@nexacore.com,Customer Success,Support Engineering,Senior CSM,C3,NX03178,Harry Shah,"Boston, US",2020-09-20,Full-Time,31,Office,7887
NX03109,Fiona Johnson,fiona.johnson3109@nexacore.com,Marketing,Demand Generation,Marketing Specialist,M2,NX02536,Markus Meyer,"Munich, Germany",2023-09-09,Part-Time,15,Hybrid,8377
NX03110,Tobias Sanchez,tobias.sanchez3110@nexacore.com,Customer Success,Onboarding,Customer Success Manager,C2,NX05005,Riya Brown,"Chennai, India",2021-06-28,Full-Time,28,Hybrid,1588
NX03111,Ryan Lewis,ryan.lewis3111@nexacore.com,IT Support,IT Operations,IT Manager,T4,NX02031,Shirin Garcia,"Munich, Germany",2016-01-28,Full-Time,21,Remote,8317
NX03112,Mohamed Weber,mohamed.weber3112@nexacore.com,Operations,Facilities,Operations Specialist,O2,NX04003,Thomas Roberts,"Hyderabad, India",2022-01-02,Part-Time,15,Office,4318
NX03113,Vikram Clark,vikram.clark3113@nexacore.com,Engineering,QA & Testing,Software Engineer,E2,NX03202,Carlos Moore,"Mumbai, India",2023-10-08,Full-Time,23,Remote,6779
NX03114,Antoine Lim,antoine.lim3114@nexacore.com,Sales,Presales,Account Executive,S2,NX02481,Aditi Peters,"Mumbai, India",2023-01-07,Contract,15,Office,3746
NX03115,Ravi Robinson,ravi.robinson3115@nexacore.com,Finance,Accounting,Finance Manager,F3,NX03019,Nisha Williams,"Singapore, Singapore",2021-02-19,Full-Time,25,Office,9603
NX03116,Alejandro Garcia,alejandro.garcia3116@nexacore.com,Operations,Supply Chain,Operations Specialist,O2,NX02125,Olivia Price,"Frankfurt, Germany",2024-03-18,Full-Time,13,Hybrid,2782
NX03117,Haruto Desai,haruto.desai3117@nexacore.com,Operations,Supply Chain,Senior Operations Mgr,O3,NX02002,Robert Smith,"London, UK",2020-09-29,Part-Time,14,Hybrid,2634
NX03118,Fiona Ross,fiona.ross3118@nexacore.com,Operations,Procurement,Senior Operations Mgr,O3,NX05559,Arjun Varma,"Pune, India",2017-06-04,Contract,20,Hybrid,1115
NX03119,Rajesh Miller,rajesh.miller3119@nexacore.com,Sales,Enterprise Sales,Senior Account Executive,S3,NX03395,Markus Jones,"Pune, India",2020-05-16,Full-Time,18,Office,3404
NX03120,Emma Miller,emma.miller3120@nexacore.com,Sales,SMB Sales,Senior Account Executive,S3,NX03099,Liam Foster,"Austin, US",2021-02-03,Full-Time,18,Remote,5977
NX03121,Shirin Brown,shirin.brown3121@nexacore.com,Engineering,Cloud Infrastructure,Senior Software Engineer,E3,NX04366,Bernd Davies,"London, UK",2021-05-02,Full-Time,15,Office,7779
NX03122,Valentina Wilson,valentina.wilson3122@nexacore.com,Sales,SMB Sales,Sales Manager,S4,NX02660,Yuki Garcia,"San Francisco, US",2019-03-09,Full-Time,20,Hybrid,8245
NX03123,Karl Wood,karl.wood3123@nexacore.com,Engineering,Platform Engineering,Software Engineer,E2,NX04462,Jaya Lewis,"New York, US",2024-08-19,Part-Time,9,Hybrid,1699
NX03124,Mira Nelson,mira.nelson3124@nexacore.com,Sales,Enterprise Sales,Account Executive,S2,NX04616,Rajesh Patel,"Manchester, UK",2024-09-01,Full-Time,14,Remote,4647
NX03125,Valentina Kim,valentina.kim3125@nexacore.com,IT Support,Security Operations,IT Support Engineer,T2,NX01801,Manish Miller,"Seattle, US",2022-12-12,Full-Time,21,Hybrid,2714
NX03126,Ashley Lee,ashley.lee3126@nexacore.com,Data & Analytics,Data Engineering,Data Scientist,D3,NX01726,Sabrina Taylor,"Boston, US",2019-08-09,Full-Time,30,Hybrid,3496
NX03127,Kabir Smith,kabir.smith3127@nexacore.com,Engineering,Mobile & Web,Senior Software Engineer,E3,NX02035,Rafael Mendes,"Mumbai, India",2020-11-19,Full-Time,28,Office,6313
NX03128,Rahul Zhou,rahul.zhou3128@nexacore.com,Customer Success,Onboarding,Customer Success Manager,C2,NX01566,Sarah Thompson,"Mumbai, India",2021-10-18,Contract,15,Remote,8313
NX03129,Yuki Carter,yuki.carter3129@nexacore.com,Operations,Business Operations,Senior Operations Mgr,O3,NX01921,Oliver Reed,"Austin, US",2017-07-20,Part-Time,20,Hybrid,6851
NX03130,Ryan Price,ryan.price3130@nexacore.com,Customer Success,Support Engineering,Senior CSM,C3,NX05668,Mona Kaur,"Seattle, US",2020-07-01,Full-Time,31,Office,4799
NX03131,Rosa Williams,rosa.williams3131@nexacore.com,Product,Analytics,Product Manager,P2,NX02474,Rebecca Kim,"Boston, US",2021-11-06,Full-Time,25,Hybrid,6231
NX03132,Sophie Hughes,sophie.hughes3132@nexacore.com,Engineering,DevOps & SRE,Staff Engineer,E4,NX01008,Alec Hoffmann,"Singapore, Singapore",2016-06-15,Part-Time,12,Hybrid,9162
NX03133,Pankaj Nguyen,pankaj.nguyen3133@nexacore.com,Engineering,Cloud Infrastructure,Software Engineer,E2,NX02600,Beatrice Murphy,"Chennai, India",2023-07-30,Part-Time,10,Office,4414
NX03134,Amrita Fischer,amrita.fischer3134@nexacore.com,Engineering,QA & Testing,Senior Software Engineer,E3,NX04271,Jason Price,"Hyderabad, India",2022-06-10,Full-Time,18,Office,3681
NX03135,Kabir Jensen,kabir.jensen3135@nexacore.com,Engineering,Cloud Infrastructure,Staff Engineer,E4,NX02583,Maya Zhang,"Boston, US",2016-09-10,Full-Time,24,Office,2130
NX03136,Noah Sharma,noah.sharma3136@nexacore.com,Sales,Sales Operations,Sales Manager,S4,NX05191,Rebecca Hoffmann,"Austin, US",2017-09-18,Contract,21,Office,4396
NX03137,Markus Koch,markus.koch3137@nexacore.com,Customer Success,Renewals,Customer Success Manager,C2,NX04389,Sven Pillai,"Frankfurt, Germany",2022-04-05,Part-Time,19,Hybrid,6658
NX03138,Olivia Roberts,olivia.roberts3138@nexacore.com,IT Support,IT Operations,IT Support Engineer,T2,NX01881,Daniel Young,"Hyderabad, India",2023-04-10,Part-Time,9,Office,2882
NX03139,Rosa Chen,rosa.chen3139@nexacore.com,Finance,Treasury,Senior Finance Manager,F4,NX02351,Amelia Nguyen,"Bangalore, India",2014-07-13,Full-Time,30,Hybrid,2260
NX03140,Usha Thompson,usha.thompson3140@nexacore.com,Finance,FP&A,Finance Analyst,F1,NX02205,Gaurav Varma,"Edinburgh, UK",2024-11-02,Contract,19,Office,2620
NX03141,Kabir Young,kabir.young3141@nexacore.com,Marketing,Product Marketing,Marketing Specialist,M2,NX01561,Markus Wang,"Seattle, US",2022-04-07,Part-Time,20,Office,5180
NX03142,Jason Walker,jason.walker3142@nexacore.com,Sales,Presales,Sales Manager,S4,NX03047,Sara Ross,"Munich, Germany",2018-08-01,Full-Time,17,Hybrid,3054
NX03143,Yuki Moore,yuki.moore3143@nexacore.com,Data & Analytics,ML & AI,Data Scientist,D3,NX01244,Noah Bauer,"Austin, US",2017-06-13,Full-Time,24,Hybrid,1484
NX03144,Priya Weber,priya.weber3144@nexacore.com,IT Support,End-User Computing,IT Support Engineer,T2,NX02315,Gabriel Fischer,"Pune, India",2022-01-16,Contract,15,Hybrid,3017
NX03145,Paul Murphy,paul.murphy3145@nexacore.com,Operations,Procurement,Operations Specialist,O2,NX01377,James Petrov,"Berlin, Germany",2024-04-28,Full-Time,13,Hybrid,4940
NX03146,Lisa Gupta,lisa.gupta3146@nexacore.com,Customer Success,Onboarding,Senior CSM,C3,NX02387,Ayesha Johnson,"Chennai, India",2019-04-18,Full-Time,27,Hybrid,9916
NX03147,Ananya Clark,ananya.clark3147@nexacore.com,Operations,Business Operations,Operations Specialist,O2,NX02884,Rosa Roberts,"Munich, Germany",2023-09-11,Full-Time,10,Office,6866
NX03148,Alec Davies,alec.davies3148@nexacore.com,Product,Analytics,Product Manager,P2,NX03970,Devika Wood,"Munich, Germany",2022-10-18,Contract,18,Hybrid,5523
NX03149,Ravi Dubois,ravi.dubois3149@nexacore.com,Customer Success,Support Engineering,Customer Success Manager,C2,NX02440,Tobias Foster,"Boston, US",2024-02-21,Full-Time,14,Office,2026
NX03150,Shreya Kumar,shreya.kumar3150@nexacore.com,Engineering,DevOps & SRE,Software Engineer,E2,NX05498,Ananya Hansen,"Manchester, UK",2024-04-13,Full-Time,13,Hybrid,1860
NX03151,Chris Robinson,chris.robinson3151@nexacore.com,Finance,Treasury,Senior Finance Analyst,F2,NX01916,Vikas Das,"Austin, US",2022-05-25,Full-Time,18,Hybrid,7248
NX03152,Nicolas Martinez,nicolas.martinez3152@nexacore.com,Sales,SMB Sales,Senior Account Executive,S3,NX01285,Hannah Chen,"New York, US",2021-10-18,Full-Time,21,Remote,2518
NX03153,Markus Schmidt,markus.schmidt3153@nexacore.com,Engineering,Platform Engineering,Senior Software Engineer,E3,NX04171,Maya Rodriguez,"Bangalore, India",2022-11-17,Full-Time,17,Office,6624
NX03154,Antoine Wilson,antoine.wilson3154@nexacore.com,Engineering,Cloud Infrastructure,Software Engineer,E2,NX02080,Mohamed Becker,"Seattle, US",2023-05-28,Full-Time,15,Remote,8882
NX03155,Emma Hall,emma.hall3155@nexacore.com,Engineering,QA & Testing,Senior Software Engineer,E3,NX03454,Vikram Williams,"Austin, US",2023-01-06,Contract,20,Hybrid,4824
NX03156,Antoine Kapoor,antoine.kapoor3156@nexacore.com,Sales,Sales Operations,Sales Manager,S4,NX02702,Andrea Mitchell,"Seattle, US",2018-07-20,Full-Time,24,Remote,8900
NX03157,Manish Sanchez,manish.sanchez3157@nexacore.com,Marketing,Demand Generation,Marketing Coordinator,M1,NX02333,Amara Lim,"Chennai, India",2024-06-24,Full-Time,11,Hybrid,8503
NX03158,Vikram Rao,vikram.rao3158@nexacore.com,Customer Success,Renewals,Customer Success Manager,C2,NX05418,Vikas Brown,"London, UK",2024-04-30,Full-Time,25,Hybrid,5743
NX03159,Akira Sanchez,akira.sanchez3159@nexacore.com,Sales,Sales Operations,Senior Account Executive,S3,NX04869,Riya Ross,"Boston, US",2021-04-15,Full-Time,18,Office,2552
NX03160,Usha Hansen,usha.hansen3160@nexacore.com,Product,Core Product,Associate PM,P1,NX01237,Omar Gonzalez,"Singapore, Singapore",2025-02-13,Full-Time,12,Office,9780
NX03161,Sophie Jones,sophie.jones3161@nexacore.com,Engineering,Platform Engineering,Software Engineer,E2,NX01101,Sebastian Petrov,"Boston, US",2024-10-17,Full-Time,22,Office,5098
NX03162,Kabir Nair,kabir.nair3162@nexacore.com,Sales,Presales,Account Executive,S2,NX03879,Nikita Turner,"Berlin, Germany",2024-07-24,Full-Time,23,Remote,8960
NX03163,Ashley Robinson,ashley.robinson3163@nexacore.com,Engineering,DevOps & SRE,Staff Engineer,E4,NX01813,Harry Liu,"Pune, India",2019-05-15,Full-Time,19,Office,6244
NX03164,Rosa Kumar,rosa.kumar3164@nexacore.com,Engineering,Cloud Infrastructure,Senior Software Engineer,E3,NX02149,Nora Bennet,"London, UK",2022-02-11,Full-Time,29,Hybrid,3339
NX03165,Ryan Sanchez,ryan.sanchez3165@nexacore.com,Product,Growth,Product Manager,P2,NX01077,Lucas Murphy,"Austin, US",2022-06-13,Part-Time,16,Hybrid,4214
NX03166,Akira Moore,akira.moore3166@nexacore.com,Product,Core Product,Associate PM,P1,NX04078,Pedro Thompson,"Mumbai, India",2025-01-06,Full-Time,15,Hybrid,8073
NX03167,Nicolas Smith,nicolas.smith3167@nexacore.com,Sales,Sales Operations,Sales Manager,S4,NX04888,Valentina Williams,"Bangalore, India",2015-06-27,Part-Time,27,Hybrid,5723
NX03168,Bernd Davies,bernd.davies3168@nexacore.com,Engineering,Mobile & Web,Senior Software Engineer,E3,NX04183,Siddhant Thompson,"Chennai, India",2022-02-20,Full-Time,26,Office,6161
NX03169,Ashley Kapoor,ashley.kapoor3169@nexacore.com,Engineering,Mobile & Web,Principal Engineer,E5,NX02465,Alejandro Walker,"Chennai, India",2013-03-23,Full-Time,22,Hybrid,5093
NX03170,Jason Wood,jason.wood3170@nexacore.com,Product,Growth,Product Manager,P2,NX01791,Antoine Bennet,"Chennai, India",2023-04-08,Full-Time,17,Hybrid,4802
NX03171,Devika Hall,devika.hall3171@nexacore.com,Product,Growth,Product Manager,P2,NX02052,Diego Wright,"Mumbai, India",2024-05-08,Full-Time,22,Office,1759
NX03172,Ashley Desai,ashley.desai3172@nexacore.com,Sales,SMB Sales,Account Executive,S2,NX04615,Vikas Dubois,"Seattle, US",2023-10-09,Contract,22,Hybrid,4152
NX03173,Kabir Smith,kabir.smith3173@nexacore.com,Engineering,Cloud Infrastructure,Senior Software Engineer,E3,NX03030,William Kumar,"Manchester, UK",2022-05-28,Full-Time,23,Office,3593
NX03174,Kate Wilson,kate.wilson3174@nexacore.com,Product,Platform,Product Manager,P2,NX02255,Rebecca Shah,"London, UK",2023-03-18,Full-Time,21,Remote,5985
NX03175,Henrik Pillai,henrik.pillai3175@nexacore.com,HR,HR Business Partnering,HR Generalist,H2,NX02324,Devika Meier,"Boston, US",2021-10-06,Full-Time,29,Office,3838
NX03176,Lena Sanchez,lena.sanchez3176@nexacore.com,Data & Analytics,Data Governance,Senior Data Analyst,D2,NX01256,Daniel Schmidt,"Berlin, Germany",2024-02-02,Full-Time,14,Hybrid,5055
NX03177,Sabrina Yamada,sabrina.yamada3177@nexacore.com,Sales,Presales,Account Executive,S2,NX03743,Freya Scott,"Frankfurt, Germany",2023-03-26,Part-Time,10,Hybrid,6906
NX03178,Harry Shah,harry.shah3178@nexacore.com,Customer Success,Renewals,CS Director,C4,NX01121,Robert Gupta,"Austin, US",2017-02-05,Full-Time,25,Office,3909
NX03179,Priya Moore,priya.moore3179@nexacore.com,Legal,IP & Compliance,Associate Counsel,L2,NX05110,Karan Johnson,"London, UK",2023-04-15,Contract,15,Hybrid,3583
NX03180,Paola Jones,paola.jones3180@nexacore.com,Finance,FP&A,Finance Analyst,F1,NX04338,Neha Philips,"Berlin, Germany",2024-07-27,Full-Time,11,Hybrid,7053
NX03181,Jonathan Jones,jonathan.jones3181@nexacore.com,Engineering,DevOps & SRE,Principal Engineer,E5,NX01813,Harry Liu,"Manchester, UK",2016-03-28,Full-Time,27,Hybrid,7452
NX03182,Sabrina Williams,sabrina.williams3182@nexacore.com,Engineering,Mobile & Web,Senior Software Engineer,E3,NX05623,Jonathan Gupta,"Austin, US",2020-08-08,Full-Time,18,Hybrid,3085
NX03183,Nikita Wright,nikita.wright3183@nexacore.com,IT Support,End-User Computing,IT Manager,T4,NX02162,Zara Davis,"Chennai, India",2016-04-03,Full-Time,23,Hybrid,9091
NX03184,Eva Kumar,eva.kumar3184@nexacore.com,Customer Success,Onboarding,Customer Success Manager,C2,NX03824,Oliver Liu,"London, UK",2024-03-07,Full-Time,12,Hybrid,4219
NX03185,Julia Lim,julia.lim3185@nexacore.com,Finance,Tax & Compliance,Senior Finance Analyst,F2,NX05576,Chen Hansen,"San Francisco, US",2022-02-04,Part-Time,12,Hybrid,8031
NX03186,Kevin Thompson,kevin.thompson3186@nexacore.com,Product,Core Product,Senior Product Manager,P3,NX04056,Stefan Young,"Berlin, Germany",2018-08-27,Full-Time,26,Office,8706
NX03187,Karl Scott,karl.scott3187@nexacore.com,HR,Talent Acquisition,Senior HR Specialist,H3,NX02324,Devika Meier,"Berlin, Germany",2016-08-02,Full-Time,19,Hybrid,2364
NX03188,Blake Mitchell,blake.mitchell3188@nexacore.com,Customer Success,Account Management,Customer Success Manager,C2,NX05269,Mohamed Sharma,"Munich, Germany",2023-06-28,Full-Time,19,Hybrid,8765
NX03189,Devika Meyer,devika.meyer3189@nexacore.com,Engineering,Platform Engineering,Staff Engineer,E4,NX02553,Nisha Klein,"Frankfurt, Germany",2017-12-23,Part-Time,28,Hybrid,2563
NX03190,Linda Reed,linda.reed3190@nexacore.com,Data & Analytics,Data Governance,Data Analyst,D1,NX02004,Sophie Brown,"Frankfurt, Germany",2025-07-10,Contract,19,Remote,7334
NX03191,Linda Roth,linda.roth3191@nexacore.com,Legal,Corporate Legal,Legal Director,L4,,,"Pune, India",2013-06-04,Full-Time,29,Hybrid,5879
NX03192,Sara Mitchell,sara.mitchell3192@nexacore.com,Sales,SMB Sales,Sales Manager,S4,NX01018,Nora Robinson,"London, UK",2016-12-24,Part-Time,12,Hybrid,3694
NX03193,Rafael Wang,rafael.wang3193@nexacore.com,Data & Analytics,ML & AI,Lead Data Scientist,D4,NX03627,Akira Jensen,"Manchester, UK",2015-06-10,Full-Time,32,Hybrid,8536
NX03194,Elena Wright,elena.wright3194@nexacore.com,Engineering,QA & Testing,Senior Software Engineer,E3,NX03795,Wei Kumar,"Boston, US",2022-03-19,Full-Time,21,Hybrid,9284
NX03195,Axel Thompson,axel.thompson3195@nexacore.com,Marketing,Brand & Communications,Senior Marketing Manager,M3,NX01670,Wei Miller,"New York, US",2019-01-01,Part-Time,17,Office,8539
NX03196,Beatrice Shah,beatrice.shah3196@nexacore.com,Customer Success,Renewals,Customer Success Manager,C2,NX05423,Paola Harris,"Munich, Germany",2022-01-13,Part-Time,12,Hybrid,4673
NX03197,Jonas Liu,jonas.liu3197@nexacore.com,Finance,Accounting,Senior Finance Manager,F4,NX02145,Fiona Dubois,"Pune, India",2014-05-11,Full-Time,30,Hybrid,6732
NX03198,Amara Desai,amara.desai3198@nexacore.com,Customer Success,Renewals,Customer Success Manager,C2,NX01866,Vikram Santos,"Austin, US",2023-04-06,Contract,26,Office,2332
NX03199,Isabel Jain,isabel.jain3199@nexacore.com,Data & Analytics,Business Intelligence,Senior Data Analyst,D2,NX03070,Leo Lewis,"Seattle, US",2021-06-15,Full-Time,16,Hybrid,8897
NX03200,Jason Varma,jason.varma3200@nexacore.com,Finance,Tax & Compliance,Finance Manager,F3,NX04338,Neha Philips,"Pune, India",2017-03-17,Full-Time,27,Hybrid,2451
NX03201,Anna Clark,anna.clark3201@nexacore.com,Customer Success,Renewals,CS Associate,C1,NX03824,Oliver Liu,"Frankfurt, Germany",2025-04-15,Contract,15,Hybrid,2493
NX03202,Carlos Moore,carlos.moore3202@nexacore.com,Engineering,Platform Engineering,Staff Engineer,E4,NX01957,Arjun Gupta,"Boston, US",2018-11-16,Contract,33,Remote,1408
NX03203,Andrei Lee,andrei.lee3203@nexacore.com,IT Support,Security Operations,Senior IT Engineer,T3,NX01290,James Green,"New York, US",2020-12-02,Full-Time,18,Hybrid,7832
NX03204,Daniel Moore,daniel.moore3204@nexacore.com,Data & Analytics,Data Engineering,Data Analyst,D1,NX04749,Sebastian Hoffmann,"Hyderabad, India",2025-04-03,Contract,21,Office,2998
NX03205,Jana Kaur,jana.kaur3205@nexacore.com,Sales,Sales Operations,Sales Manager,S4,NX02660,Yuki Garcia,"Boston, US",2016-02-04,Contract,29,Hybrid,6230
NX03206,James Clark,james.clark3206@nexacore.com,Finance,Treasury,Finance Manager,F3,NX02346,Alex Das,"Mumbai, India",2020-07-22,Part-Time,21,Office,8957
NX03207,Blake Hoffmann,blake.hoffmann3207@nexacore.com,Data & Analytics,Data Governance,Data Scientist,D3,NX01936,Kate Schmidt,"Mumbai, India",2017-11-09,Full-Time,33,Hybrid,9118
NX03208,Clara Hoffmann,clara.hoffmann3208@nexacore.com,Marketing,Demand Generation,Marketing Specialist,M2,NX04844,Gaurav Petrov,"Pune, India",2022-12-09,Contract,27,Remote,3217
NX03209,Martin Patel,martin.patel3209@nexacore.com,Operations,Supply Chain,Senior Operations Mgr,O3,NX04482,Chen Petrov,"New York, US",2017-08-14,Contract,26,Office,2507
NX03210,Daniel Evans,daniel.evans3210@nexacore.com,Operations,Procurement,Operations Director,O4,NX02307,Maya Sharma,"Boston, US",2015-07-30,Full-Time,33,Hybrid,4491
NX03211,Sabrina Perez,sabrina.perez3211@nexacore.com,Engineering,QA & Testing,Senior Software Engineer,E3,NX02796,Alec Robinson,"Manchester, UK",2023-02-04,Full-Time,21,Office,2175
NX03212,Karan Robinson,karan.robinson3212@nexacore.com,Operations,Supply Chain,Operations Specialist,O2,NX02113,Tina Williams,"Mumbai, India",2023-01-23,Part-Time,8,Office,7208
NX03213,David Roth,david.roth3213@nexacore.com,Customer Success,Support Engineering,Customer Success Manager,C2,NX05423,Paola Harris,"New York, US",2024-03-25,Full-Time,16,Remote,1784
NX03214,Ashley Weber,ashley.weber3214@nexacore.com,Legal,Corporate Legal,Associate Counsel,L2,NX01707,Thomas Kapoor,"Hyderabad, India",2022-10-14,Full-Time,14,Hybrid,4039
NX03215,Rafael Chen,rafael.chen3215@nexacore.com,Engineering,DevOps & SRE,Software Engineer,E2,NX01125,Sabrina Kaur,"Seattle, US",2024-02-11,Full-Time,20,Hybrid,9140
NX03216,Michael Clark,michael.clark3216@nexacore.com,Engineering,Platform Engineering,Senior Software Engineer,E3,NX02625,Jaya Lewis,"Chennai, India",2023-02-27,Part-Time,17,Hybrid,8643
NX03217,Zara Santos,zara.santos3217@nexacore.com,Legal,Employment Law,Senior Counsel,L3,NX01951,Benjamin Lewis,"Seattle, US",2015-06-23,Contract,22,Office,7396
NX03218,Lucas Pillai,lucas.pillai3218@nexacore.com,Operations,Business Operations,Operations Analyst,O1,NX01234,Kabir Dubois,"Mumbai, India",2024-07-22,Full-Time,12,Hybrid,6582
NX03219,Saanvi Nguyen,saanvi.nguyen3219@nexacore.com,Legal,IP & Compliance,Associate Counsel,L2,NX04361,Riya Lim,"Edinburgh, UK",2022-07-01,Full-Time,18,Hybrid,3386
NX03220,Henrik Nguyen,henrik.nguyen3220@nexacore.com,HR,Talent Acquisition,HR Generalist,H2,NX01662,Axel Clark,"Munich, Germany",2022-02-12,Full-Time,18,Office,7637
NX03221,Pankaj Bennet,pankaj.bennet3221@nexacore.com,Engineering,Mobile & Web,Associate Engineer,E1,NX01013,Michael Zhou,"Edinburgh, UK",2025-07-15,Full-Time,20,Office,5817
NX03222,Linda Desai,linda.desai3222@nexacore.com,Engineering,Cloud Infrastructure,Staff Engineer,E4,NX01204,Alex Klein,"Bangalore, India",2019-08-12,Full-Time,20,Office,3949
NX03223,Laura Brown,laura.brown3223@nexacore.com,HR,HR Business Partnering,HR Manager,H4,NX02174,Shreya Reddy,"Pune, India",2013-11-05,Full-Time,22,Hybrid,7703
NX03224,Zara Santos,zara.santos3224@nexacore.com,Finance,FP&A,Senior Finance Analyst,F2,NX02167,Lars Smith,"Seattle, US",2024-05-15,Full-Time,25,Office,8728
NX03225,Rebecca Green,rebecca.green3225@nexacore.com,IT Support,End-User Computing,IT Support Analyst,T1,NX02315,Gabriel Fischer,"Singapore, Singapore",2024-05-28,Part-Time,14,Hybrid,3293
NX03226,Kabir Foster,kabir.foster3226@nexacore.com,Engineering,QA & Testing,Senior Software Engineer,E3,NX04893,Julia Cruz,"Chennai, India",2020-09-08,Full-Time,31,Hybrid,9782
NX03227,Lisa Perez,lisa.perez3227@nexacore.com,Engineering,Mobile & Web,Senior Software Engineer,E3,NX02261,Ishan Reddy,"Chennai, India",2022-07-16,Contract,18,Hybrid,1523
NX03228,Aarav Khan,aarav.khan3228@nexacore.com,Marketing,Brand & Communications,Marketing Specialist,M2,NX04782,Fiona Gupta,"Mumbai, India",2023-04-20,Part-Time,17,Office,4738
NX03229,Patrick Davis,patrick.davis3229@nexacore.com,Sales,Enterprise Sales,Sales Development Rep,S1,NX03156,Antoine Kapoor,"Austin, US",2025-05-06,Full-Time,11,Remote,6151
NX03230,Isabel Lewis,isabel.lewis3230@nexacore.com,Marketing,Content & SEO,Senior Marketing Manager,M3,NX02333,Amara Lim,"Chennai, India",2020-12-21,Full-Time,31,Remote,8154
NX03231,Manish Dubois,manish.dubois3231@nexacore.com,Engineering,Mobile & Web,Staff Engineer,E4,NX02465,Alejandro Walker,"Frankfurt, Germany",2020-03-23,Contract,17,Hybrid,4936
NX03232,Amara Evans,amara.evans3232@nexacore.com,Finance,FP&A,Finance Analyst,F1,NX05576,Chen Hansen,"Hyderabad, India",2024-08-12,Full-Time,10,Hybrid,6397
NX03233,Kate Kumar,kate.kumar3233@nexacore.com,Engineering,Platform Engineering,Staff Engineer,E4,NX01930,Beatrice Rodriguez,"London, UK",2018-03-28,Full-Time,27,Office,5717
NX03234,Sneha Rodriguez,sneha.rodriguez3234@nexacore.com,Sales,Presales,Sales Manager,S4,NX01205,Amara Cruz,"Munich, Germany",2016-03-05,Full-Time,18,Remote,1596
NX03235,Hannah Cruz,hannah.cruz3235@nexacore.com,HR,People Operations,Senior HR Specialist,H3,NX02243,Raj Schmidt,"Bangalore, India",2018-04-10,Full-Time,18,Hybrid,1408
NX03236,Kabir Patel,kabir.patel3236@nexacore.com,Finance,FP&A,Finance Manager,F3,NX01739,Ishan Wright,"Chennai, India",2017-03-26,Full-Time,21,Hybrid,5105
NX03237,Karan Williams,karan.williams3237@nexacore.com,HR,HR Business Partnering,Senior HR Specialist,H3,NX01026,Freya Peters,"Bangalore, India",2020-09-02,Full-Time,20,Hybrid,9077
NX03238,Patrick Sandoval,patrick.sandoval3238@nexacore.com,Finance,Tax & Compliance,Senior Finance Analyst,F2,NX01096,Amelia Koch,"Bangalore, India",2023-11-30,Contract,25,Hybrid,7866
NX03239,Saanvi Ross,saanvi.ross3239@nexacore.com,Engineering,Platform Engineering,Senior Software Engineer,E3,NX03103,Vikas Yamada,"Boston, US",2021-01-05,Full-Time,14,Hybrid,8031
NX03240,Akira Meyer,akira.meyer3240@nexacore.com,Product,Core Product,Product Manager,P2,NX01311,Patrick Lewis,"Mumbai, India",2022-01-08,Full-Time,22,Hybrid,8411
NX03241,Liam Mendes,liam.mendes3241@nexacore.com,Product,Analytics,Product Manager,P2,NX02091,Fiona Reed,"Mumbai, India",2022-11-22,Full-Time,14,Office,2527
NX03242,Julia Murphy,julia.murphy3242@nexacore.com,Data & Analytics,Data Engineering,Data Analyst,D1,NX03799,Riya Hughes,"Boston, US",2025-01-07,Contract,20,Office,1335
NX03243,Usha Kim,usha.kim3243@nexacore.com,Sales,SMB Sales,Senior Account Executive,S3,NX01403,Jonas Wright,"Frankfurt, Germany",2020-01-19,Part-Time,14,Office,7517
NX03244,Maria Khan,maria.khan3244@nexacore.com,Engineering,Mobile & Web,Senior Software Engineer,E3,NX02662,Aarav Brown,"Munich, Germany",2022-10-25,Full-Time,27,Hybrid,9708
NX03245,Lucas Turner,lucas.turner3245@nexacore.com,Finance,Accounting,Senior Finance Manager,F4,NX02351,Amelia Nguyen,"Austin, US",2015-10-24,Part-Time,26,Hybrid,5939
NX03246,Usha Anderson,usha.anderson3246@nexacore.com,Engineering,Platform Engineering,Staff Engineer,E4,NX01957,Arjun Gupta,"Seattle, US",2018-12-02,Full-Time,32,Office,6423
NX03247,Nisha Jones,nisha.jones3247@nexacore.com,HR,HR Business Partnering,HR Generalist,H2,NX02342,Simon Rao,"Pune, India",2022-09-21,Full-Time,18,Office,1471
NX03248,Priya Gupta,priya.gupta3248@nexacore.com,Sales,Presales,Account Executive,S2,NX01435,Markus Peters,"Edinburgh, UK",2023-03-29,Full-Time,13,Hybrid,2006
NX03249,Karan Young,karan.young3249@nexacore.com,Engineering,Cloud Infrastructure,Staff Engineer,E4,NX01206,Andrea Taylor,"Austin, US",2019-12-27,Part-Time,14,Hybrid,5769
NX03250,Olivia Hall,olivia.hall3250@nexacore.com,Marketing,Demand Generation,Senior Marketing Manager,M3,NX04810,Uma Sandoval,"Hyderabad, India",2020-10-31,Full-Time,27,Remote,9607
NX03251,Rafael Jain,rafael.jain3251@nexacore.com,Marketing,Brand & Communications,Senior Marketing Manager,M3,NX01108,Gabriel White,"Seattle, US",2020-02-28,Full-Time,28,Hybrid,2485
NX03252,Sara Gonzalez,sara.gonzalez3252@nexacore.com,Sales,Enterprise Sales,Senior Account Executive,S3,NX03287,Liam Lewis,"Frankfurt, Germany",2020-03-03,Full-Time,29,Hybrid,1433
NX03253,Martin Das,martin.das3253@nexacore.com,Engineering,DevOps & SRE,Principal Engineer,E5,NX01895,Henrik Rao,"Munich, Germany",2015-09-15,Contract,28,Hybrid,3885
NX03254,Ravi Meyer,ravi.meyer3254@nexacore.com,IT Support,Security Operations,IT Support Engineer,T2,NX01788,Tobias Cruz,"San Francisco, US",2022-03-29,Full-Time,18,Hybrid,1540
NX03255,Jonas Dubois,jonas.dubois3255@nexacore.com,IT Support,End-User Computing,IT Support Engineer,T2,NX02338,Clara Hall,"New York, US",2023-01-02,Contract,16,Hybrid,1124
NX03256,Henrik Garcia,henrik.garcia3256@nexacore.com,Operations,Supply Chain,Senior Operations Mgr,O3,NX04003,Thomas Roberts,"Berlin, Germany",2020-05-28,Full-Time,15,Remote,4921
NX03257,Kate Hughes,kate.hughes3257@nexacore.com,Sales,Sales Operations,Senior Account Executive,S3,NX02410,Axel Nelson,"Austin, US",2021-05-12,Full-Time,30,Office,1033
NX03258,Anjali Smith,anjali.smith3258@nexacore.com,Engineering,Platform Engineering,Staff Engineer,E4,NX01047,Wei Bhatt,"New York, US",2019-09-01,Part-Time,23,Office,7173
NX03259,Ethan Hall,ethan.hall3259@nexacore.com,Engineering,Mobile & Web,Staff Engineer,E4,NX05306,Luka Cruz,"Edinburgh, UK",2019-04-18,Part-Time,11,Remote,2048
NX03260,Usha Wood,usha.wood3260@nexacore.com,HR,L&D,HR Coordinator,H1,NX01751,Devika Thomas,"Manchester, UK",2026-01-15,Contract,12,Hybrid,3336
NX03261,Kabir Anderson,kabir.anderson3261@nexacore.com,Data & Analytics,ML & AI,Senior Data Analyst,D2,NX05796,Devika Clark,"Manchester, UK",2024-05-08,Part-Time,15,Hybrid,7308
NX03262,Simon Patel,simon.patel3262@nexacore.com,HR,Talent Acquisition,HR Generalist,H2,NX03959,Lucas Roberts,"Boston, US",2023-02-09,Full-Time,18,Office,5015
NX03263,Sara Bauer,sara.bauer3263@nexacore.com,Operations,Supply Chain,Senior Operations Mgr,O3,NX02235,Aarav Shah,"Boston, US",2019-04-14,Full-Time,32,Hybrid,2315
NX03264,Sebastian Philips,sebastian.philips3264@nexacore.com,Customer Success,Renewals,Customer Success Manager,C2,NX05353,Valentina Philips,"Berlin, Germany",2022-09-21,Part-Time,16,Office,8715
NX03265,Rohit Chen,rohit.chen3265@nexacore.com,HR,People Operations,Senior HR Specialist,H3,NX02207,Stefan Davies,"Bangalore, India",2020-09-02,Contract,21,Hybrid,8811
NX03266,Anjali Muller,anjali.muller3266@nexacore.com,HR,Talent Acquisition,HR Generalist,H2,NX01362,Gaurav Williams,"Mumbai, India",2023-06-22,Full-Time,22,Hybrid,7402
NX03267,Sophie Sharma,sophie.sharma3267@nexacore.com,Customer Success,Renewals,CS Director,C4,NX02121,Ananya Green,"Bangalore, India",2017-03-14,Full-Time,22,Remote,4350
NX03268,Nicolas Jones,nicolas.jones3268@nexacore.com,Product,Growth,Senior Product Manager,P3,NX04733,Shreya Peters,"Chennai, India",2021-05-17,Full-Time,20,Remote,3544
NX03269,Aryan Fischer,aryan.fischer3269@nexacore.com,Data & Analytics,Data Governance,Data Scientist,D3,NX01726,Sabrina Taylor,"Singapore, Singapore",2019-09-07,Part-Time,18,Hybrid,4615
NX03270,Tina Cruz,tina.cruz3270@nexacore.com,Engineering,Platform Engineering,Senior Software Engineer,E3,NX04462,Jaya Lewis,"Boston, US",2022-12-28,Full-Time,26,Office,1473
NX03271,Kate Nielsen,kate.nielsen3271@nexacore.com,HR,L&D,Senior HR Specialist,H3,NX02207,Stefan Davies,"Austin, US",2020-07-24,Contract,27,Office,4986
NX03272,Aryan Hoffmann,aryan.hoffmann3272@nexacore.com,Data & Analytics,Business Intelligence,Data Scientist,D3,NX01722,Emma Green,"Seattle, US",2020-03-13,Full-Time,17,Hybrid,7227
NX03273,Pedro Scott,pedro.scott3273@nexacore.com,Engineering,Cloud Infrastructure,Staff Engineer,E4,NX03795,Wei Kumar,"Chennai, India",2018-11-20,Full-Time,20,Office,4304
NX03274,Tina Muller,tina.muller3274@nexacore.com,HR,L&D,HR Manager,H4,NX01327,Markus Lim,"Hyderabad, India",2015-05-21,Full-Time,34,Hybrid,2544
NX03275,Blake Zhou,blake.zhou3275@nexacore.com,Data & Analytics,ML & AI,Senior Data Analyst,D2,NX05192,Nisha Hughes,"Bangalore, India",2024-02-19,Full-Time,13,Hybrid,5797
NX03276,Henrik Nair,henrik.nair3276@nexacore.com,Data & Analytics,Data Governance,Data Scientist,D3,NX02775,Bernd Philips,"Austin, US",2017-07-18,Full-Time,30,Hybrid,5581
NX03277,Milan Martin,milan.martin3277@nexacore.com,HR,People Operations,Senior HR Specialist,H3,NX03671,Alejandro Foster,"Austin, US",2019-05-18,Full-Time,23,Hybrid,8688
NX03278,Riya Kaur,riya.kaur3278@nexacore.com,Operations,Procurement,Operations Specialist,O2,NX01611,Paola Thompson,"Singapore, Singapore",2021-12-23,Full-Time,21,Office,5718
NX03279,Paola Dubois,paola.dubois3279@nexacore.com,Sales,Enterprise Sales,Account Executive,S2,NX03702,Martin Foster,"Boston, US",2024-05-11,Full-Time,12,Remote,3123
NX03280,Rohit Lim,rohit.lim3280@nexacore.com,Sales,Presales,Sales Manager,S4,NX02046,Clara Davies,"London, UK",2017-05-16,Full-Time,22,Hybrid,3070
NX03281,Sarah Murphy,sarah.murphy3281@nexacore.com,IT Support,Security Operations,IT Manager,T4,NX01160,Leo Becker,"Frankfurt, Germany",2014-08-27,Full-Time,25,Office,1356
NX03282,Samuel Sanchez,samuel.sanchez3282@nexacore.com,Finance,Accounting,Finance Manager,F3,NX05592,Rebecca Mendes,"Seattle, US",2016-07-12,Part-Time,26,Hybrid,2806
NX03283,Martin Nair,martin.nair3283@nexacore.com,Customer Success,Support Engineering,Senior CSM,C3,NX01723,Samuel Naidu,"Bangalore, India",2017-11-03,Full-Time,20,Hybrid,8560
NX03284,Aditi Klein,aditi.klein3284@nexacore.com,Finance,Tax & Compliance,Senior Finance Analyst,F2,NX05576,Chen Hansen,"Frankfurt, Germany",2021-07-22,Part-Time,18,Office,7120
NX03285,Clara Rao,clara.rao3285@nexacore.com,Engineering,Mobile & Web,Software Engineer,E2,NX01827,Diego Wright,"Mumbai, India",2023-10-22,Full-Time,21,Hybrid,2533
NX03286,Manish Nguyen,manish.nguyen3286@nexacore.com,Sales,SMB Sales,Senior Account Executive,S3,NX03644,William Brown,"Austin, US",2019-08-28,Full-Time,29,Office,1919
NX03287,Liam Lewis,liam.lewis3287@nexacore.com,Sales,Enterprise Sales,Sales Manager,S4,NX02598,Aditi White,"Edinburgh, UK",2018-02-19,Full-Time,35,Office,7478
NX03288,James Muller,james.muller3288@nexacore.com,Sales,SMB Sales,Account Executive,S2,NX01435,Markus Peters,"Chennai, India",2023-11-15,Contract,23,Office,3266
NX03289,Eva Bennet,eva.bennet3289@nexacore.com,Operations,Supply Chain,Operations Director,O4,NX01923,Jason Roth,"Singapore, Singapore",2015-06-01,Full-Time,23,Office,5147
NX03290,Zoe Hoffmann,zoe.hoffmann3290@nexacore.com,Sales,SMB Sales,Sales Manager,S4,NX01969,Mohamed Sharma,"San Francisco, US",2019-05-05,Full-Time,35,Office,9347
NX03291,Gaurav Walker,gaurav.walker3291@nexacore.com,Data & Analytics,Data Governance,Data Scientist,D3,NX04350,Maria Jensen,"Frankfurt, Germany",2019-10-03,Part-Time,21,Remote,7245
NX03292,Aisha Liu,aisha.liu3292@nexacore.com,Marketing,Product Marketing,Marketing Specialist,M2,NX02333,Amara Lim,"Boston, US",2024-05-09,Full-Time,14,Office,7869
NX03293,Lisa Ross,lisa.ross3293@nexacore.com,Operations,Supply Chain,Operations Specialist,O2,NX02191,Ryan Wang,"Pune, India",2023-05-16,Full-Time,25,Hybrid,4525
NX03294,Patrick Carter,patrick.carter3294@nexacore.com,Marketing,Brand & Communications,Marketing Specialist,M2,NX05900,Maria Gonzalez,"Hyderabad, India",2023-02-22,Full-Time,12,Hybrid,6652
NX03295,Wei White,wei.white3295@nexacore.com,HR,Talent Acquisition,Senior HR Specialist,H3,NX05926,Amelia Liu,"Mumbai, India",2018-07-29,Full-Time,34,Office,5683
NX03296,Lars Singh,lars.singh3296@nexacore.com,Operations,Supply Chain,Operations Specialist,O2,NX05186,Andrea Thomas,"Mumbai, India",2023-04-26,Full-Time,16,Hybrid,7646
NX03297,Priya Price,priya.price3297@nexacore.com,Customer Success,Support Engineering,CS Director,C4,NX01130,Valentina Klein,"Hyderabad, India",2017-02-09,Part-Time,14,Hybrid,2688
NX03298,Linda Price,linda.price3298@nexacore.com,Customer Success,Account Management,Customer Success Manager,C2,NX01604,Stefan Walker,"Frankfurt, Germany",2022-11-17,Full-Time,26,Office,4229
NX03299,Ananya Shah,ananya.shah3299@nexacore.com,Marketing,Brand & Communications,Marketing Director,M4,NX01499,Andrea Carter,"Pune, India",2015-01-24,Full-Time,26,Office,8329
NX03300,Chris Petrov,chris.petrov3300@nexacore.com,Sales,Presales,Sales Director,S5,,,"Seattle, US",2014-02-08,Full-Time,34,Hybrid,3535
NX03301,Siddhant Thomas,siddhant.thomas3301@nexacore.com,Operations,Supply Chain,Senior Operations Mgr,O3,NX04041,Gabriel Yamada,"Edinburgh, UK",2019-02-02,Contract,29,Office,8925
NX03302,Carlos Nair,carlos.nair3302@nexacore.com,IT Support,End-User Computing,IT Manager,T4,NX01279,Aditi Bauer,"Pune, India",2015-02-25,Full-Time,19,Office,7920
NX03303,Chris Cruz,chris.cruz3303@nexacore.com,Operations,Procurement,Senior Operations Mgr,O3,NX01732,Devika Cruz,"Edinburgh, UK",2020-05-30,Full-Time,17,Hybrid,4308
NX03304,James Gonzalez,james.gonzalez3304@nexacore.com,Legal,IP & Compliance,Senior Counsel,L3,NX01951,Benjamin Lewis,"Hyderabad, India",2018-09-28,Full-Time,35,Hybrid,6453
NX03305,Yuki Hoffmann,yuki.hoffmann3305@nexacore.com,Customer Success,Support Engineering,Senior CSM,C3,NX03297,Priya Price,"San Francisco, US",2019-10-01,Full-Time,15,Hybrid,6697
NX03306,Rosa Lim,rosa.lim3306@nexacore.com,Engineering,DevOps & SRE,Software Engineer,E2,NX02236,Michael Schmidt,"Chennai, India",2023-06-10,Contract,18,Hybrid,5054
NX03307,Uma Gonzalez,uma.gonzalez3307@nexacore.com,Data & Analytics,ML & AI,Data Scientist,D3,NX04738,Samuel Fischer,"New York, US",2019-07-22,Full-Time,19,Office,8896
NX03308,Nicolas Rodriguez,nicolas.rodriguez3308@nexacore.com,Sales,Enterprise Sales,Senior Account Executive,S3,NX03205,Jana Kaur,"Hyderabad, India",2020-11-14,Part-Time,16,Hybrid,8008
NX03309,Sven Schmidt,sven.schmidt3309@nexacore.com,Marketing,Demand Generation,Marketing Specialist,M2,NX01616,Rahul Chen,"Bangalore, India",2024-03-20,Full-Time,15,Hybrid,4350
NX03310,Freya Patel,freya.patel3310@nexacore.com,Sales,SMB Sales,Senior Account Executive,S3,NX01226,Amrita Petrov,"Frankfurt, Germany",2020-04-03,Full-Time,26,Office,5178
NX03311,Mira Chen,mira.chen3311@nexacore.com,Product,Platform,Associate PM,P1,NX01596,Jonathan Bhatt,"Mumbai, India",2024-05-28,Full-Time,14,Hybrid,5912
NX03312,Ryan Davis,ryan.davis3312@nexacore.com,Operations,Business Operations,Senior Operations Mgr,O3,NX05641,Alejandro Kumar,"Bangalore, India",2017-04-17,Contract,35,Office,9768
NX03313,Sneha Evans,sneha.evans3313@nexacore.com,Sales,Enterprise Sales,Sales Manager,S4,NX02439,Lars Liu,"Munich, Germany",2016-06-25,Full-Time,30,Office,8926
NX03314,Sofia Perez,sofia.perez3314@nexacore.com,Customer Success,Renewals,Customer Success Manager,C2,NX01429,Gaurav Roth,"Pune, India",2023-02-15,Full-Time,23,Office,8876
NX03315,Tom Miller,tom.miller3315@nexacore.com,Finance,Accounting,Finance Analyst,F1,NX02373,Oliver Nguyen,"Bangalore, India",2025-10-08,Contract,20,Hybrid,3399
NX03316,Aryan Carter,aryan.carter3316@nexacore.com,Product,Growth,Product Manager,P2,NX01974,Gabriel Chen,"Seattle, US",2023-02-05,Full-Time,12,Hybrid,4548
NX03317,Anita Martin,anita.martin3317@nexacore.com,Sales,Presales,Sales Manager,S4,NX04977,Clara Jones,"Munich, Germany",2018-03-26,Full-Time,22,Hybrid,2971
NX03318,Sofia Davis,sofia.davis3318@nexacore.com,Operations,Procurement,Operations Specialist,O2,NX01611,Paola Thompson,"Manchester, UK",2021-11-05,Part-Time,14,Office,7596
NX03319,Shirin Muller,shirin.muller3319@nexacore.com,Engineering,Mobile & Web,Staff Engineer,E4,NX02019,Liam Becker,"Mumbai, India",2018-09-24,Contract,19,Office,4842
NX03320,Isabel Klein,isabel.klein3320@nexacore.com,Customer Success,Support Engineering,Senior CSM,C3,NX03843,Harry Schmidt,"Bangalore, India",2018-11-19,Full-Time,30,Office,5612
NX03321,Elena Turner,elena.turner3321@nexacore.com,Operations,Procurement,Senior Operations Mgr,O3,NX01267,Zara Green,"Manchester, UK",2019-11-22,Full-Time,28,Office,3083
NX03322,Beatrice Sanchez,beatrice.sanchez3322@nexacore.com,Finance,FP&A,Finance Manager,F3,NX03197,Jonas Liu,"Seattle, US",2018-12-26,Full-Time,35,Office,6928
NX03323,Lucas Peters,lucas.peters3323@nexacore.com,Operations,Business Operations,Operations Specialist,O2,NX01374,Riya Yamada,"Berlin, Germany",2022-09-21,Full-Time,24,Hybrid,2353
NX03324,Neha Bhatt,neha.bhatt3324@nexacore.com,Engineering,Platform Engineering,Staff Engineer,E4,NX01416,Amrita Hansen,"Mumbai, India",2018-11-16,Full-Time,31,Office,7865
NX03325,Aisha Bennet,aisha.bennet3325@nexacore.com,Data & Analytics,Data Engineering,Data Scientist,D3,NX01527,Sabrina Meyer,"Chennai, India",2020-08-11,Full-Time,25,Hybrid,5286
NX03326,Simon Lopez,simon.lopez3326@nexacore.com,Operations,Procurement,Operations Specialist,O2,NX03289,Eva Bennet,"San Francisco, US",2023-02-20,Full-Time,21,Hybrid,6868
NX03327,Tanvi Das,tanvi.das3327@nexacore.com,Finance,Accounting,Senior Finance Analyst,F2,NX03576,Pankaj Wood,"Pune, India",2022-02-21,Full-Time,27,Office,5131
NX03328,Priya Jones,priya.jones3328@nexacore.com,Customer Success,Renewals,CS Director,C4,NX01029,Pedro Lim,"Edinburgh, UK",2017-02-01,Full-Time,31,Remote,1375
NX03329,Jaya Das,jaya.das3329@nexacore.com,Data & Analytics,Data Governance,Senior Data Analyst,D2,NX02454,Priya Das,"Chennai, India",2022-01-01,Part-Time,8,Office,9494
NX03330,Emma Lee,emma.lee3330@nexacore.com,Marketing,Content & SEO,Marketing Director,M4,NX01493,Maya Weber,"London, UK",2015-09-29,Full-Time,20,Office,3105
NX03331,Manish Anderson,manish.anderson3331@nexacore.com,Engineering,Platform Engineering,Staff Engineer,E4,NX04416,Nikita Yamada,"Mumbai, India",2019-05-13,Part-Time,26,Remote,9947
NX03332,Rahul Thompson,rahul.thompson3332@nexacore.com,IT Support,End-User Computing,Senior IT Engineer,T3,NX04500,Tobias Wang,"Hyderabad, India",2018-05-21,Full-Time,35,Remote,6236
NX03333,Beatrice Sandoval,beatrice.sandoval3333@nexacore.com,Sales,Enterprise Sales,Sales Manager,S4,NX05913,Markus Petrov,"London, UK",2017-03-30,Full-Time,32,Hybrid,7564
NX03334,Jana Wilson,jana.wilson3334@nexacore.com,Sales,Enterprise Sales,Sales Manager,S4,NX01969,Mohamed Sharma,"San Francisco, US",2015-10-20,Full-Time,29,Hybrid,7248
NX03335,Jana Bauer,jana.bauer3335@nexacore.com,Sales,Enterprise Sales,Sales Development Rep,S1,NX03705,Karen Varma,"Mumbai, India",2025-04-22,Full-Time,15,Remote,4846
NX03336,Antoine Robinson,antoine.robinson3336@nexacore.com,Sales,Presales,Sales Development Rep,S1,NX04014,James Koch,"Singapore, Singapore",2025-12-08,Full-Time,17,Remote,9711
NX03337,Andrea Gupta,andrea.gupta3337@nexacore.com,Marketing,Demand Generation,Marketing Coordinator,M1,NX01839,Maya Hall,"London, UK",2024-12-10,Part-Time,12,Hybrid,1828
NX03338,Kabir Carter,kabir.carter3338@nexacore.com,Finance,Tax & Compliance,Senior Finance Analyst,F2,NX02274,Rosa Johnson,"Austin, US",2022-01-24,Part-Time,17,Office,7840
NX03339,Rahul Green,rahul.green3339@nexacore.com,Customer Success,Onboarding,CS Director,C4,NX02120,Aarav Perez,"Singapore, Singapore",2013-02-02,Full-Time,22,Hybrid,9518
NX03340,Arjun Martin,arjun.martin3340@nexacore.com,Sales,Sales Operations,Sales Manager,S4,NX03029,Kevin Lim,"Munich, Germany",2018-01-22,Part-Time,28,Hybrid,6693
NX03341,Jonathan Clark,jonathan.clark3341@nexacore.com,Sales,Enterprise Sales,Senior Account Executive,S3,NX03234,Sneha Rodriguez,"Mumbai, India",2020-10-10,Full-Time,24,Remote,1137
NX03342,Saanvi Philips,saanvi.philips3342@nexacore.com,Finance,Accounting,Senior Finance Analyst,F2,NX02167,Lars Smith,"Munich, Germany",2023-02-28,Contract,24,Office,3044
NX03343,Maya Fischer,maya.fischer3343@nexacore.com,Engineering,DevOps & SRE,Staff Engineer,E4,NX02224,Ayesha Perez,"Austin, US",2018-08-09,Full-Time,35,Office,2701
NX03344,Ravi Petrov,ravi.petrov3344@nexacore.com,Engineering,DevOps & SRE,Senior Software Engineer,E3,NX02140,Zoe Murphy,"Frankfurt, Germany",2021-02-24,Part-Time,16,Hybrid,3052
NX03345,Wei Roberts,wei.roberts3345@nexacore.com,Marketing,Demand Generation,Senior Marketing Manager,M3,NX02349,Jaya Gonzalez,"Berlin, Germany",2020-10-03,Full-Time,20,Office,1402
NX03346,Beatrice Wilson,beatrice.wilson3346@nexacore.com,Data & Analytics,Data Governance,Senior Data Analyst,D2,NX01527,Sabrina Meyer,"New York, US",2024-02-05,Full-Time,20,Office,7965
NX03347,Saanvi Nair,saanvi.nair3347@nexacore.com,Engineering,DevOps & SRE,Associate Engineer,E1,NX02080,Mohamed Becker,"Singapore, Singapore",2025-09-20,Part-Time,9,Office,8332
NX03348,Raj Cruz,raj.cruz3348@nexacore.com,Data & Analytics,Data Governance,Data Scientist,D3,NX01527,Sabrina Meyer,"London, UK",2020-09-19,Full-Time,14,Hybrid,1011
NX03349,Siddhant Koch,siddhant.koch3349@nexacore.com,Engineering,QA & Testing,Senior Software Engineer,E3,NX02596,Karen Dubois,"Austin, US",2020-12-02,Full-Time,21,Office,6593
NX03350,Sophie Peters,sophie.peters3350@nexacore.com,HR,HR Business Partnering,HR Manager,H4,NX01383,Omar Thompson,"Chennai, India",2013-08-06,Full-Time,20,Hybrid,7228
NX03351,Maria Bennet,maria.bennet3351@nexacore.com,Marketing,Demand Generation,Marketing Coordinator,M1,NX02308,Gaurav Carter,"Manchester, UK",2025-07-01,Part-Time,11,Office,5766
NX03352,David Zhang,david.zhang3352@nexacore.com,Engineering,DevOps & SRE,Senior Software Engineer,E3,NX05968,Ayesha Kumar,"Pune, India",2021-05-27,Full-Time,25,Hybrid,2146
NX03353,Elena Sandoval,elena.sandoval3353@nexacore.com,Sales,Sales Operations,Senior Account Executive,S3,NX03615,Jessica Meyer,"Edinburgh, UK",2020-11-26,Full-Time,29,Hybrid,2870
NX03354,Maya Reddy,maya.reddy3354@nexacore.com,Sales,Presales,Account Executive,S2,NX02552,Priya Wilson,"Mumbai, India",2022-07-23,Full-Time,27,Remote,4008
NX03355,Lena Khan,lena.khan3355@nexacore.com,Marketing,Demand Generation,Senior Marketing Manager,M3,NX02252,Vikas Koch,"Singapore, Singapore",2017-01-20,Full-Time,24,Office,8586
NX03356,Andrei Sharma,andrei.sharma3356@nexacore.com,Operations,Business Operations,Operations Specialist,O2,NX01643,Jaya Dubois,"Bangalore, India",2023-11-30,Full-Time,22,Office,3456
NX03357,Nisha Singh,nisha.singh3357@nexacore.com,HR,Talent Acquisition,HR Generalist,H2,NX02243,Raj Schmidt,"Hyderabad, India",2022-03-31,Part-Time,20,Office,9083
NX03358,Linda Green,linda.green3358@nexacore.com,HR,Talent Acquisition,Senior HR Specialist,H3,NX03274,Tina Muller,"Edinburgh, UK",2020-03-22,Part-Time,22,Remote,3655
NX03359,Kabir Hansen,kabir.hansen3359@nexacore.com,Customer Success,Renewals,Senior CSM,C3,NX02508,Isabel Ross,"San Francisco, US",2020-08-18,Full-Time,26,Remote,1685
NX03360,Akira Philips,akira.philips3360@nexacore.com,Engineering,Cloud Infrastructure,Staff Engineer,E4,NX04685,Kate Wood,"Bangalore, India",2017-10-26,Full-Time,23,Hybrid,7938
NX03361,Elena Kaur,elena.kaur3361@nexacore.com,Customer Success,Renewals,CS Director,C4,NX02097,Jason Clark,"Manchester, UK",2014-08-23,Full-Time,26,Office,1407
NX03362,Mona Philips,mona.philips3362@nexacore.com,Operations,Supply Chain,Operations Director,O4,NX02139,Sebastian Johnson,"Seattle, US",2014-08-05,Full-Time,24,Office,7684
NX03363,Thomas Kapoor,thomas.kapoor3363@nexacore.com,Operations,Supply Chain,Senior Operations Mgr,O3,NX01605,Valentina Foster,"Edinburgh, UK",2017-10-21,Contract,26,Office,5147
NX03364,Patrick Jain,patrick.jain3364@nexacore.com,Engineering,Mobile & Web,Senior Software Engineer,E3,NX03368,Shreya Perez,"London, UK",2023-03-09,Part-Time,12,Hybrid,9994
NX03365,Yuki Thomas,yuki.thomas3365@nexacore.com,Data & Analytics,Data Governance,Data Scientist,D3,NX01054,Riya Davies,"Manchester, UK",2019-05-30,Contract,27,Hybrid,9301
NX03366,James Koch,james.koch3366@nexacore.com,IT Support,Security Operations,Senior IT Engineer,T3,NX03856,Linda Desai,"Austin, US",2019-07-17,Part-Time,18,Hybrid,3621
NX03367,Robert Philips,robert.philips3367@nexacore.com,Engineering,Cloud Infrastructure,Senior Software Engineer,E3,NX03548,Jason Miller,"Berlin, Germany",2021-02-03,Full-Time,27,Hybrid,1480
NX03368,Shreya Perez,shreya.perez3368@nexacore.com,Engineering,Mobile & Web,Principal Engineer,E5,NX02374,Nicolas Harris,"Singapore, Singapore",2015-03-14,Full-Time,26,Hybrid,4992
NX03369,Freya Zhang,freya.zhang3369@nexacore.com,Sales,Presales,Account Executive,S2,NX02966,Paola Kaur,"San Francisco, US",2023-06-18,Part-Time,10,Remote,6524
NX03370,Yuki Bhatt,yuki.bhatt3370@nexacore.com,Data & Analytics,ML & AI,Senior Data Analyst,D2,NX01547,Stefan Harris,"Bangalore, India",2022-12-02,Part-Time,13,Hybrid,1522
NX03371,Hannah Reed,hannah.reed3371@nexacore.com,IT Support,IT Operations,Senior IT Engineer,T3,NX04529,Aisha Hansen,"Edinburgh, UK",2018-08-20,Full-Time,34,Hybrid,8501
NX03372,James Kim,james.kim3372@nexacore.com,Marketing,Demand Generation,Senior Marketing Manager,M3,NX05566,Alex Gonzalez,"San Francisco, US",2019-01-24,Contract,28,Hybrid,9028
NX03373,Emma Sandoval,emma.sandoval3373@nexacore.com,Engineering,Mobile & Web,Staff Engineer,E4,NX03548,Jason Miller,"Seattle, US",2019-06-01,Part-Time,26,Hybrid,4959
NX03374,Amara Chen,amara.chen3374@nexacore.com,Operations,Procurement,Operations Director,O4,NX01891,Lena Foster,"Chennai, India",2012-08-14,Full-Time,24,Office,1629
NX03375,Devika Walker,devika.walker3375@nexacore.com,Marketing,Brand & Communications,Senior Marketing Manager,M3,NX02615,Ethan Williams,"Boston, US",2019-07-03,Full-Time,16,Hybrid,2543
NX03376,Michael Hoffmann,michael.hoffmann3376@nexacore.com,Engineering,Mobile & Web,Principal Engineer,E5,NX01957,Arjun Gupta,"Austin, US",2015-08-05,Full-Time,27,Hybrid,4809
NX03377,Julia Yamada,julia.yamada3377@nexacore.com,Operations,Procurement,Senior Operations Mgr,O3,NX02818,Pedro Williams,"London, UK",2017-08-22,Full-Time,32,Hybrid,2829
NX03378,Emma Johnson,emma.johnson3378@nexacore.com,Engineering,Mobile & Web,Senior Software Engineer,E3,NX02879,Ethan Peters,"Bangalore, India",2022-03-14,Full-Time,15,Hybrid,5328
NX03379,Eva Robinson,eva.robinson3379@nexacore.com,Sales,Presales,Account Executive,S2,NX02479,Milan Hall,"Edinburgh, UK",2022-08-26,Full-Time,26,Remote,9578
NX03380,Pankaj Philips,pankaj.philips3380@nexacore.com,Finance,Accounting,Finance Manager,F3,NX02214,Paola Thomas,"Singapore, Singapore",2018-11-04,Full-Time,24,Office,5793
NX03381,Nisha Cruz,nisha.cruz3381@nexacore.com,Operations,Facilities,Senior Operations Mgr,O3,NX02012,Jonas Price,"Berlin, Germany",2017-03-25,Full-Time,33,Office,4803
NX03382,Mohamed Davies,mohamed.davies3382@nexacore.com,Engineering,Platform Engineering,Senior Software Engineer,E3,NX02741,Diego Smith,"Frankfurt, Germany",2022-09-06,Part-Time,13,Hybrid,4603
NX03383,Shirin Wang,shirin.wang3383@nexacore.com,Customer Success,Onboarding,Customer Success Manager,C2,NX01333,Sofia Gonzalez,"Berlin, Germany",2023-12-01,Full-Time,22,Office,7811
NX03384,Shirin Harris,shirin.harris3384@nexacore.com,Customer Success,Account Management,Customer Success Manager,C2,NX05182,Sara Nair,"Munich, Germany",2024-08-17,Full-Time,21,Office,2423
NX03385,Mira Perez,mira.perez3385@nexacore.com,Engineering,Mobile & Web,Staff Engineer,E4,NX02236,Michael Schmidt,"Berlin, Germany",2018-02-28,Part-Time,23,Remote,7969
NX03386,Lars Davies,lars.davies3386@nexacore.com,Engineering,Cloud Infrastructure,Senior Software Engineer,E3,NX03818,Uma Wang,"Berlin, Germany",2023-06-04,Full-Time,11,Office,8242
NX03387,Rahul Gonzalez,rahul.gonzalez3387@nexacore.com,Product,Core Product,Product Manager,P2,NX03715,Alejandro Martin,"Mumbai, India",2023-07-27,Full-Time,12,Office,4940
NX03388,Alejandro Johnson,alejandro.johnson3388@nexacore.com,Engineering,QA & Testing,Staff Engineer,E4,NX02796,Alec Robinson,"London, UK",2018-05-23,Full-Time,34,Office,6091
NX03389,Nicolas Bhatt,nicolas.bhatt3389@nexacore.com,HR,L&D,Senior HR Specialist,H3,NX01706,Ayesha Foster,"Chennai, India",2018-12-24,Full-Time,21,Remote,4728
NX03390,Blake Gupta,blake.gupta3390@nexacore.com,Marketing,Demand Generation,Marketing Director,M4,NX01388,Tina Das,"Seattle, US",2015-05-06,Full-Time,34,Office,6055
NX03391,Tobias Martin,tobias.martin3391@nexacore.com,IT Support,End-User Computing,IT Support Analyst,T1,NX03856,Linda Desai,"Boston, US",2025-01-14,Part-Time,11,Hybrid,7565
NX03392,Markus Meier,markus.meier3392@nexacore.com,Product,Core Product,Senior Product Manager,P3,NX01596,Jonathan Bhatt,"Chennai, India",2017-11-16,Contract,32,Hybrid,5035
NX03393,Lars Evans,lars.evans3393@nexacore.com,Sales,Presales,Senior Account Executive,S3,NX02042,Kiara Sanchez,"Manchester, UK",2022-05-26,Full-Time,27,Office,2805
NX03394,Neha Koch,neha.koch3394@nexacore.com,Operations,Supply Chain,Operations Specialist,O2,NX01711,Clara Bhatt,"Boston, US",2023-12-04,Part-Time,8,Hybrid,4327
NX03395,Markus Jones,markus.jones3395@nexacore.com,Sales,Presales,Sales Manager,S4,NX02221,Paola Williams,"Manchester, UK",2016-01-29,Full-Time,30,Hybrid,8926
NX03396,Stefan Dubois,stefan.dubois3396@nexacore.com,Operations,Supply Chain,Operations Specialist,O2,NX05920,Ashley Murphy,"London, UK",2024-03-29,Full-Time,22,Office,8662
NX03397,Deepa Miller,deepa.miller3397@nexacore.com,Sales,Sales Operations,Sales Manager,S4,NX02426,Amara Davis,"Hyderabad, India",2016-08-29,Full-Time,32,Hybrid,8001
NX03398,Emma Varma,emma.varma3398@nexacore.com,Finance,FP&A,Finance Manager,F3,NX01096,Amelia Koch,"Mumbai, India",2021-04-27,Part-Time,13,Office,3549
NX03399,Freya Davies,freya.davies3399@nexacore.com,Customer Success,Account Management,Senior CSM,C3,NX03612,Ayesha Davis,"Edinburgh, UK",2017-11-01,Contract,29,Hybrid,8544
NX03400,Sabrina Zhou,sabrina.zhou3400@nexacore.com,Operations,Procurement,Operations Specialist,O2,NX02818,Pedro Williams,"Pune, India",2024-04-29,Full-Time,11,Hybrid,8984
NX03401,Aarav Nelson,aarav.nelson3401@nexacore.com,Customer Success,Support Engineering,Senior CSM,C3,NX01850,Hannah Rao,"Manchester, UK",2019-12-21,Contract,31,Remote,7113
NX03402,James Chakraborty,james.chakraborty3402@nexacore.com,Operations,Facilities,Operations Analyst,O1,NX02802,Linda Varma,"Seattle, US",2025-10-14,Full-Time,21,Hybrid,3145
NX03403,Paul Wright,paul.wright3403@nexacore.com,HR,People Operations,HR Coordinator,H1,NX02038,Beatrice Perez,"Frankfurt, Germany",2025-05-05,Contract,12,Office,6073
NX03404,Noah Chakraborty,noah.chakraborty3404@nexacore.com,Operations,Business Operations,Operations Specialist,O2,NX01711,Clara Bhatt,"London, UK",2021-09-16,Contract,28,Office,4895
NX03405,Andrei Khan,andrei.khan3405@nexacore.com,Engineering,Platform Engineering,Staff Engineer,E4,NX03943,Hannah Reed,"San Francisco, US",2019-03-20,Full-Time,24,Office,5875
NX03406,Arjun Reed,arjun.reed3406@nexacore.com,Engineering,Cloud Infrastructure,Senior Software Engineer,E3,NX05524,Neha Singh,"Austin, US",2021-03-25,Full-Time,29,Office,4990
NX03407,Devika Nguyen,devika.nguyen3407@nexacore.com,Engineering,Cloud Infrastructure,Software Engineer,E2,NX02080,Mohamed Becker,"Hyderabad, India",2024-08-22,Full-Time,19,Hybrid,7148
NX03408,Anna Davies,anna.davies3408@nexacore.com,HR,L&D,HR Coordinator,H1,NX01931,Chris Jensen,"New York, US",2024-08-15,Full-Time,13,Hybrid,9960
NX03409,Grace Meier,grace.meier3409@nexacore.com,Engineering,Cloud Infrastructure,Staff Engineer,E4,NX02323,Jonathan Naidu,"New York, US",2018-06-23,Full-Time,33,Office,7336
NX03410,Vikas Dubois,vikas.dubois3410@nexacore.com,Operations,Procurement,Operations Specialist,O2,NX01374,Riya Yamada,"Austin, US",2023-07-17,Full-Time,23,Hybrid,8846
NX03411,Kate Wood,kate.wood3411@nexacore.com,Sales,Presales,Senior Account Executive,S3,NX01833,Yuki Petrov,"Bangalore, India",2021-02-14,Full-Time,22,Remote,8964
NX03412,Ryan Peters,ryan.peters3412@nexacore.com,Marketing,Demand Generation,Marketing Specialist,M2,NX02743,Markus Hughes,"Mumbai, India",2022-08-17,Full-Time,19,Hybrid,2633
NX03413,Andrei Perez,andrei.perez3413@nexacore.com,Engineering,Platform Engineering,Software Engineer,E2,NX02629,James Kapoor,"Munich, Germany",2023-07-07,Full-Time,14,Office,1451
NX03414,William Schmidt,william.schmidt3414@nexacore.com,Finance,Tax & Compliance,Senior Finance Analyst,F2,NX02432,Lena Price,"Pune, India",2021-08-21,Full-Time,18,Hybrid,2325
NX03415,Chris Zhou,chris.zhou3415@nexacore.com,Engineering,QA & Testing,Staff Engineer,E4,NX01059,Lena Gupta,"Hyderabad, India",2017-09-02,Contract,24,Hybrid,5252
NX03416,Pankaj Murphy,pankaj.murphy3416@nexacore.com,Operations,Procurement,Operations Specialist,O2,NX02594,Sofia Taylor,"Chennai, India",2022-09-05,Contract,24,Office,4048
NX03417,Shirin Naidu,shirin.naidu3417@nexacore.com,Operations,Procurement,Operations Specialist,O2,NX01546,Amara Lim,"Hyderabad, India",2021-09-29,Full-Time,26,Office,9208
NX03418,Tobias Murphy,tobias.murphy3418@nexacore.com,Operations,Business Operations,Operations Specialist,O2,NX02125,Olivia Price,"Berlin, Germany",2022-08-12,Full-Time,23,Office,7581
NX03419,Pedro Zhou,pedro.zhou3419@nexacore.com,Data & Analytics,Data Governance,Senior Data Analyst,D2,NX04541,Chen Lopez,"Austin, US",2022-07-11,Full-Time,13,Hybrid,2612
NX03420,James Roberts,james.roberts3420@nexacore.com,Sales,Presales,Sales Manager,S4,NX02702,Andrea Mitchell,"Boston, US",2018-09-01,Full-Time,26,Hybrid,7238
NX03421,Arjun Kumar,arjun.kumar3421@nexacore.com,Sales,Sales Operations,Senior Account Executive,S3,NX03234,Sneha Rodriguez,"Edinburgh, UK",2021-04-29,Full-Time,25,Hybrid,1013
NX03422,Maria Varma,maria.varma3422@nexacore.com,Engineering,Platform Engineering,Staff Engineer,E4,NX01436,Maya Smith,"Hyderabad, India",2017-12-05,Full-Time,26,Office,3852
NX03423,Carlos Mendes,carlos.mendes3423@nexacore.com,HR,People Operations,HR Coordinator,H1,NX03734,Jaya Kumar,"Boston, US",2024-07-08,Contract,15,Hybrid,7905
NX03424,Jaya Murphy,jaya.murphy3424@nexacore.com,Marketing,Product Marketing,Marketing Specialist,M2,NX05566,Alex Gonzalez,"Frankfurt, Germany",2022-04-19,Full-Time,12,Hybrid,7348
NX03425,Uma Peters,uma.peters3425@nexacore.com,Engineering,Platform Engineering,Senior Software Engineer,E3,NX01431,Ravi Bauer,"San Francisco, US",2020-08-11,Full-Time,24,Office,1048
NX03426,Amara Kim,amara.kim3426@nexacore.com,Finance,Accounting,Senior Finance Manager,F4,NX02145,Fiona Dubois,"Frankfurt, Germany",2015-05-07,Part-Time,22,Office,4719
NX03427,Axel Young,axel.young3427@nexacore.com,Engineering,Mobile & Web,Staff Engineer,E4,NX02019,Liam Becker,"New York, US",2017-12-04,Part-Time,25,Hybrid,3747
NX03428,Stefan Chakraborty,stefan.chakraborty3428@nexacore.com,Engineering,DevOps & SRE,Senior Software Engineer,E3,NX05125,Kiara Hall,"London, UK",2023-04-01,Contract,19,Hybrid,1817
NX03429,Paul Wright,paul.wright3429@nexacore.com,Customer Success,Account Management,Customer Success Manager,C2,NX05490,Nikita Hansen,"Pune, India",2021-09-28,Full-Time,13,Office,3570
NX03430,Lisa Peters,lisa.peters3430@nexacore.com,Data & Analytics,Data Engineering,Data Analyst,D1,NX03799,Riya Hughes,"Singapore, Singapore",2024-10-05,Full-Time,16,Hybrid,7561
NX03431,Anita Peters,anita.peters3431@nexacore.com,Sales,Sales Operations,Sales Manager,S4,NX02046,Clara Davies,"Munich, Germany",2018-08-12,Contract,19,Office,5129
NX03432,Sophie Klein,sophie.klein3432@nexacore.com,Sales,Presales,Sales Manager,S4,NX02426,Amara Davis,"Mumbai, India",2015-02-15,Full-Time,32,Hybrid,9033
NX03433,David Desai,david.desai3433@nexacore.com,Operations,Facilities,Operations Specialist,O2,NX01374,Riya Yamada,"Berlin, Germany",2022-07-20,Full-Time,24,Office,9757
NX03434,Carlos Bauer,carlos.bauer3434@nexacore.com,Marketing,Content & SEO,Senior Marketing Manager,M3,NX03299,Ananya Shah,"Hyderabad, India",2019-10-29,Full-Time,23,Hybrid,7658
NX03435,Kate Davies,kate.davies3435@nexacore.com,Customer Success,Renewals,Senior CSM,C3,NX04153,Arjun Santos,"San Francisco, US",2020-03-14,Full-Time,22,Hybrid,6773
NX03436,Sarah Gupta,sarah.gupta3436@nexacore.com,Sales,Presales,Account Executive,S2,NX03142,Jason Walker,"Pune, India",2023-01-02,Full-Time,21,Office,8995
NX03437,Tom Clark,tom.clark3437@nexacore.com,Engineering,Platform Engineering,Staff Engineer,E4,NX02291,Antoine Smith,"San Francisco, US",2018-11-17,Contract,17,Remote,1877
NX03438,Rahul Reddy,rahul.reddy3438@nexacore.com,Engineering,Cloud Infrastructure,Staff Engineer,E4,NX01528,Carlos Das,"Mumbai, India",2019-10-06,Full-Time,18,Hybrid,2259
NX03439,Ryan Philips,ryan.philips3439@nexacore.com,Customer Success,Support Engineering,Customer Success Manager,C2,NX05706,Maya Walker,"San Francisco, US",2024-01-29,Part-Time,13,Remote,4186
NX03440,Rohit Dubois,rohit.dubois3440@nexacore.com,HR,People Operations,Senior HR Specialist,H3,NX02133,Lisa Harris,"Hyderabad, India",2016-08-10,Full-Time,27,Office,1600
NX03441,Andrea Lee,andrea.lee3441@nexacore.com,IT Support,Security Operations,Senior IT Engineer,T3,NX05195,Amara Singh,"Mumbai, India",2019-05-09,Full-Time,24,Office,5847
NX03442,Patrick Rao,patrick.rao3442@nexacore.com,Sales,Sales Operations,Sales Manager,S4,NX01784,Mira Zhang,"Singapore, Singapore",2019-01-21,Full-Time,28,Hybrid,9981
NX03443,David Garcia,david.garcia3443@nexacore.com,Engineering,DevOps & SRE,Staff Engineer,E4,NX05573,Shirin Lewis,"Seattle, US",2020-03-11,Part-Time,22,Hybrid,6278
NX03444,Nisha Davis,nisha.davis3444@nexacore.com,Marketing,Content & SEO,Senior Marketing Manager,M3,NX01927,Kiara Santos,"Seattle, US",2019-01-19,Full-Time,25,Office,2093
NX03445,Lars Philips,lars.philips3445@nexacore.com,Legal,IP & Compliance,Legal Director,L4,,,"New York, US",2012-09-04,Full-Time,29,Remote,7648
NX03446,Amrita Dubois,amrita.dubois3446@nexacore.com,Customer Success,Renewals,Customer Success Manager,C2,NX05423,Paola Harris,"Austin, US",2023-05-19,Contract,24,Office,4406
NX03447,Kiara Lewis,kiara.lewis3447@nexacore.com,Sales,SMB Sales,Account Executive,S2,NX04117,Jonas Naidu,"Pune, India",2023-10-01,Full-Time,18,Office,1142
NX03448,Sneha Santos,sneha.santos3448@nexacore.com,Engineering,DevOps & SRE,Senior Software Engineer,E3,NX02438,Akira Taylor,"Singapore, Singapore",2022-09-09,Part-Time,9,Remote,1755
NX03449,Ryan Wang,ryan.wang3449@nexacore.com,Engineering,Mobile & Web,Senior Software Engineer,E3,NX03069,Uma Thomas,"Manchester, UK",2021-07-26,Contract,21,Office,1526
NX03450,Harry Wang,harry.wang3450@nexacore.com,Customer Success,Onboarding,Senior CSM,C3,NX02279,Henrik Clark,"Munich, Germany",2018-01-03,Full-Time,25,Remote,2522
NX03451,Rohit Moore,rohit.moore3451@nexacore.com,Customer Success,Onboarding,CS Director,C4,NX01123,Lena Kumar,"Hyderabad, India",2014-02-01,Full-Time,29,Hybrid,8025
NX03452,Sebastian Bennet,sebastian.bennet3452@nexacore.com,Finance,Treasury,Finance Manager,F3,NX01483,Kate Miller,"Chennai, India",2019-07-14,Full-Time,24,Office,1183
NX03453,Haruto Lee,haruto.lee3453@nexacore.com,Customer Success,Account Management,Senior CSM,C3,NX03297,Priya Price,"New York, US",2018-07-10,Part-Time,18,Hybrid,2541
NX03454,Vikram Williams,vikram.williams3454@nexacore.com,Engineering,Cloud Infrastructure,Principal Engineer,E5,NX01883,Alex Hughes,"Mumbai, India",2015-07-21,Full-Time,28,Remote,8108
NX03455,Milan Lee,milan.lee3455@nexacore.com,Legal,Corporate Legal,Associate Counsel,L2,NX02633,Deepa Roberts,"Pune, India",2019-09-02,Contract,24,Hybrid,5398
NX03456,Grace Koch,grace.koch3456@nexacore.com,Sales,Sales Operations,Sales Development Rep,S1,NX03290,Zoe Hoffmann,"Chennai, India",2025-05-08,Part-Time,10,Remote,5008
NX03457,Paola Anderson,paola.anderson3457@nexacore.com,Data & Analytics,ML & AI,Data Scientist,D3,NX04526,Rahul Varma,"Munich, Germany",2018-12-17,Full-Time,33,Hybrid,2933
NX03458,Usha Naidu,usha.naidu3458@nexacore.com,Engineering,Platform Engineering,Associate Engineer,E1,NX02664,Rajesh Wright,"London, UK",2025-10-16,Full-Time,12,Hybrid,5669
NX03459,Carlos Lee,carlos.lee3459@nexacore.com,Customer Success,Renewals,Senior CSM,C3,NX03328,Priya Jones,"Manchester, UK",2020-10-31,Full-Time,29,Office,4154
NX03460,Simon Bhatt,simon.bhatt3460@nexacore.com,Customer Success,Support Engineering,Customer Success Manager,C2,NX03937,Yuki Muller,"Boston, US",2023-01-20,Part-Time,17,Hybrid,1914
NX03461,Uma Gupta,uma.gupta3461@nexacore.com,HR,HR Business Partnering,HR Coordinator,H1,NX05281,Elena Smith,"Hyderabad, India",2025-06-11,Part-Time,7,Hybrid,7280
NX03462,Mira Scott,mira.scott3462@nexacore.com,Data & Analytics,ML & AI,Data Scientist,D3,NX02456,Isabel Lewis,"New York, US",2020-04-19,Part-Time,24,Office,3859
NX03463,Karan Peters,karan.peters3463@nexacore.com,Marketing,Content & SEO,Senior Marketing Manager,M3,NX02333,Amara Lim,"Edinburgh, UK",2019-06-24,Full-Time,28,Office,3750
NX03464,Noah Jensen,noah.jensen3464@nexacore.com,Finance,Accounting,Senior Finance Analyst,F2,NX02295,Tina White,"Edinburgh, UK",2023-06-03,Full-Time,25,Office,9876
NX03465,Isabel Schmidt,isabel.schmidt3465@nexacore.com,Customer Success,Onboarding,Customer Success Manager,C2,NX04206,Clara Mitchell,"Austin, US",2023-03-13,Full-Time,23,Hybrid,5817
NX03466,Aarav Meyer,aarav.meyer3466@nexacore.com,Marketing,Content & SEO,Marketing Specialist,M2,NX02072,Ananya Thomas,"New York, US",2023-12-12,Contract,19,Remote,4302
NX03467,Markus Turner,markus.turner3467@nexacore.com,Data & Analytics,Business Intelligence,Senior Data Analyst,D2,NX02456,Isabel Lewis,"Austin, US",2021-07-18,Full-Time,13,Hybrid,7246
NX03468,Sabrina Scott,sabrina.scott3468@nexacore.com,Customer Success,Support Engineering,Senior CSM,C3,NX03843,Harry Schmidt,"Mumbai, India",2018-01-02,Contract,26,Office,3879
NX03469,Lucas Jones,lucas.jones3469@nexacore.com,IT Support,Security Operations,IT Manager,T4,NX01337,Priya Thomas,"New York, US",2014-09-02,Full-Time,25,Office,6628
NX03470,Alejandro Nguyen,alejandro.nguyen3470@nexacore.com,Customer Success,Support Engineering,Senior CSM,C3,NX04665,Jaya Shah,"San Francisco, US",2020-06-18,Full-Time,26,Hybrid,9569
NX03471,Patrick Schmidt,patrick.schmidt3471@nexacore.com,Sales,Sales Operations,Account Executive,S2,NX04949,Kevin Schmidt,"Frankfurt, Germany",2023-06-19,Part-Time,7,Hybrid,7913
NX03472,Lucas Lim,lucas.lim3472@nexacore.com,Finance,Accounting,Finance Manager,F3,NX02373,Oliver Nguyen,"London, UK",2016-12-25,Contract,23,Hybrid,6376
NX03473,Andrea Kaur,andrea.kaur3473@nexacore.com,Legal,IP & Compliance,Legal Analyst,L1,NX02928,Benjamin Das,"Pune, India",2023-11-17,Contract,15,Office,5488
NX03474,Diego Robinson,diego.robinson3474@nexacore.com,Operations,Procurement,Senior Operations Mgr,O3,NX03362,Mona Philips,"San Francisco, US",2018-06-29,Full-Time,23,Hybrid,7181
NX03475,Valentina Nair,valentina.nair3475@nexacore.com,Engineering,DevOps & SRE,Staff Engineer,E4,NX02749,Sven Hall,"Munich, Germany",2020-02-07,Contract,19,Office,1268
NX03476,Rebecca Wang,rebecca.wang3476@nexacore.com,Engineering,Platform Engineering,Associate Engineer,E1,NX05885,Zara White,"Munich, Germany",2025-06-23,Part-Time,6,Remote,1843
NX03477,Ayesha Kaur,ayesha.kaur3477@nexacore.com,Engineering,QA & Testing,Associate Engineer,E1,NX02032,Emma Clark,"Munich, Germany",2025-05-31,Full-Time,20,Hybrid,9578
NX03478,Laura White,laura.white3478@nexacore.com,Engineering,DevOps & SRE,Senior Software Engineer,E3,NX03135,Kabir Jensen,"Pune, India",2021-06-10,Full-Time,16,Office,8080
NX03479,Mona Anderson,mona.anderson3479@nexacore.com,Engineering,Mobile & Web,Senior Software Engineer,E3,NX01505,Karan Hoffmann,"Hyderabad, India",2021-02-24,Contract,31,Remote,2571
NX03480,Priya Petrov,priya.petrov3480@nexacore.com,Finance,Tax & Compliance,Finance Manager,F3,NX05758,Alex Davies,"Seattle, US",2019-04-04,Contract,26,Remote,4399
NX03481,Paola Scott,paola.scott3481@nexacore.com,IT Support,Security Operations,IT Support Engineer,T2,NX01455,Jaya Sanchez,"Berlin, Germany",2022-10-10,Contract,19,Office,6311
NX03482,Alec Smith,alec.smith3482@nexacore.com,Sales,Sales Operations,Senior Account Executive,S3,NX01403,Jonas Wright,"Berlin, Germany",2020-06-02,Full-Time,26,Remote,8937
NX03483,Nisha Lee,nisha.lee3483@nexacore.com,HR,Talent Acquisition,HR Manager,H4,NX01307,Amara Harris,"Chennai, India",2015-09-28,Part-Time,27,Remote,8121
NX03484,Aryan Perez,aryan.perez3484@nexacore.com,Operations,Business Operations,Operations Specialist,O2,NX02153,Diego Davies,"London, UK",2023-01-29,Full-Time,23,Hybrid,6413
NX03485,Anjali Varma,anjali.varma3485@nexacore.com,IT Support,End-User Computing,IT Support Engineer,T2,NX02767,Anna Shah,"London, UK",2021-12-16,Part-Time,8,Office,7166
NX03486,Martin Price,martin.price3486@nexacore.com,IT Support,End-User Computing,Senior IT Engineer,T3,NX02202,Karan Reed,"Berlin, Germany",2019-08-31,Full-Time,26,Office,7671
NX03487,Anita Thompson,anita.thompson3487@nexacore.com,Product,Analytics,Product Manager,P2,NX05193,Emma Perez,"San Francisco, US",2022-08-26,Full-Time,25,Office,1356
NX03488,Axel Young,axel.young3488@nexacore.com,Data & Analytics,Business Intelligence,Senior Data Analyst,D2,NX01547,Stefan Harris,"Munich, Germany",2022-05-24,Contract,27,Office,4414
NX03489,Aarav Young,aarav.young3489@nexacore.com,Operations,Facilities,Operations Director,O4,NX01427,Samuel Martinez,"Singapore, Singapore",2015-08-15,Full-Time,20,Hybrid,8531
NX03490,Nora Reddy,nora.reddy3490@nexacore.com,Engineering,DevOps & SRE,Senior Software Engineer,E3,NX04462,Jaya Lewis,"Frankfurt, Germany",2022-04-18,Full-Time,25,Hybrid,1845
NX03491,Isabel Wright,isabel.wright3491@nexacore.com,Data & Analytics,Data Governance,Data Scientist,D3,NX01215,Usha Davis,"San Francisco, US",2019-04-19,Full-Time,27,Hybrid,7602
NX03492,Uma Zhou,uma.zhou3492@nexacore.com,Customer Success,Renewals,Senior CSM,C3,NX02227,Manish Varma,"Austin, US",2020-11-08,Full-Time,27,Hybrid,4214
NX03493,Jonathan Mendes,jonathan.mendes3493@nexacore.com,Product,Analytics,Senior Product Manager,P3,NX03713,Maya Clark,"Berlin, Germany",2018-10-27,Full-Time,34,Office,8348
NX03494,Jonathan Dubois,jonathan.dubois3494@nexacore.com,Data & Analytics,Data Governance,Senior Data Analyst,D2,NX05990,Gabriel Meyer,"Boston, US",2021-08-02,Full-Time,16,Hybrid,3835
NX03495,Riya Fischer,riya.fischer3495@nexacore.com,Product,Analytics,Senior Product Manager,P3,NX04056,Stefan Young,"Austin, US",2020-11-03,Full-Time,30,Office,9346
NX03496,Tanvi Philips,tanvi.philips3496@nexacore.com,Engineering,Mobile & Web,Senior Software Engineer,E3,NX02236,Michael Schmidt,"Frankfurt, Germany",2023-04-15,Full-Time,20,Office,5673
NX03497,Tobias White,tobias.white3497@nexacore.com,Product,Platform,Principal PM,P4,NX05503,William Brown,"Chennai, India",2016-10-29,Contract,21,Hybrid,5157
NX03498,Amara Yamada,amara.yamada3498@nexacore.com,IT Support,End-User Computing,IT Support Engineer,T2,NX01586,Martin Weber,"Frankfurt, Germany",2021-12-31,Full-Time,20,Office,1409
NX03499,Lena Garcia,lena.garcia3499@nexacore.com,Legal,Corporate Legal,Associate Counsel,L2,NX02633,Deepa Roberts,"Frankfurt, Germany",2022-08-06,Full-Time,13,Office,6746
NX03500,Jana Kumar,jana.kumar3500@nexacore.com,Customer Success,Onboarding,Senior CSM,C3,NX01604,Stefan Walker,"Hyderabad, India",2018-02-09,Full-Time,29,Office,1973
NX03501,Anjali Bhatt,anjali.bhatt3501@nexacore.com,Customer Success,Onboarding,Senior CSM,C3,NX05269,Mohamed Sharma,"Seattle, US",2017-09-11,Part-Time,16,Hybrid,6850
NX03502,Tom Garcia,tom.garcia3502@nexacore.com,Operations,Business Operations,Operations Specialist,O2,NX02002,Robert Smith,"Boston, US",2022-09-05,Part-Time,13,Hybrid,7924
NX03503,Pankaj Jones,pankaj.jones3503@nexacore.com,Sales,Sales Operations,Account Executive,S2,NX01607,Bernd Jones,"New York, US",2024-05-20,Full-Time,12,Remote,1522
NX03504,Akira Bhatt,akira.bhatt3504@nexacore.com,Sales,Sales Operations,Sales Manager,S4,NX05187,Amelia Martinez,"Munich, Germany",2018-07-31,Full-Time,34,Office,5022
NX03505,Maya Sanchez,maya.sanchez3505@nexacore.com,IT Support,Security Operations,IT Support Analyst,T1,NX02202,Karan Reed,"Manchester, UK",2024-10-15,Full-Time,11,Hybrid,9222
NX03506,Rajesh Lewis,rajesh.lewis3506@nexacore.com,Marketing,Brand & Communications,Senior Marketing Manager,M3,NX03390,Blake Gupta,"Hyderabad, India",2019-04-04,Contract,19,Hybrid,4523
NX03507,Sarah Kim,sarah.kim3507@nexacore.com,Marketing,Content & SEO,Senior Marketing Manager,M3,NX01421,Rebecca Chen,"Berlin, Germany",2018-08-19,Full-Time,21,Hybrid,7964
NX03508,Benjamin Price,benjamin.price3508@nexacore.com,Operations,Procurement,Operations Analyst,O1,NX01744,Laura Hughes,"Singapore, Singapore",2026-03-27,Full-Time,14,Remote,7743
NX03509,Rajesh Thompson,rajesh.thompson3509@nexacore.com,Product,Analytics,Associate PM,P1,NX03713,Maya Clark,"Chennai, India",2025-08-21,Part-Time,10,Office,7043
NX03510,Ravi Lopez,ravi.lopez3510@nexacore.com,Engineering,QA & Testing,Staff Engineer,E4,NX02596,Karen Dubois,"Manchester, UK",2019-10-08,Full-Time,25,Office,3688
NX03511,Karen Walker,karen.walker3511@nexacore.com,Sales,SMB Sales,Senior Account Executive,S3,NX01285,Hannah Chen,"Bangalore, India",2020-07-05,Part-Time,15,Hybrid,7927
NX03512,Luka Becker,luka.becker3512@nexacore.com,IT Support,IT Operations,IT Support Engineer,T2,NX03469,Lucas Jones,"Seattle, US",2023-07-07,Full-Time,12,Remote,3862
NX03513,Fiona Chen,fiona.chen3513@nexacore.com,Data & Analytics,ML & AI,Senior Data Analyst,D2,NX05812,Laura Smith,"Mumbai, India",2023-10-03,Full-Time,13,Hybrid,7161
NX03514,Amelia Lee,amelia.lee3514@nexacore.com,Finance,Treasury,Senior Finance Analyst,F2,NX04038,Jessica Wilson,"Boston, US",2023-09-28,Full-Time,23,Hybrid,5150
NX03515,Shirin Wilson,shirin.wilson3515@nexacore.com,Data & Analytics,ML & AI,Senior Data Analyst,D2,NX02004,Sophie Brown,"New York, US",2023-01-25,Full-Time,23,Office,1043
NX03516,Ishan Lim,ishan.lim3516@nexacore.com,HR,L&D,HR Manager,H4,NX02132,Robert Das,"Boston, US",2015-01-24,Full-Time,30,Hybrid,4701
NX03517,Tom Peters,tom.peters3517@nexacore.com,Engineering,Cloud Infrastructure,Principal Engineer,E5,NX01047,Wei Bhatt,"Manchester, UK",2015-06-06,Full-Time,22,Office,7776
NX03518,Michael Philips,michael.philips3518@nexacore.com,Customer Success,Renewals,Customer Success Manager,C2,NX05418,Vikas Brown,"Boston, US",2024-09-21,Full-Time,18,Hybrid,2250
NX03519,Tom Turner,tom.turner3519@nexacore.com,Legal,Corporate Legal,Associate Counsel,L2,NX02673,Sebastian Mitchell,"Bangalore, India",2021-02-15,Full-Time,23,Hybrid,7855
NX03520,Mira Reed,mira.reed3520@nexacore.com,Legal,Corporate Legal,Senior Counsel,L3,NX01549,Carlos Sanchez,"Manchester, UK",2014-11-29,Full-Time,18,Office,6974
NX03521,Gaurav Walker,gaurav.walker3521@nexacore.com,Marketing,Brand & Communications,Marketing Specialist,M2,NX02615,Ethan Williams,"Frankfurt, Germany",2022-10-10,Contract,26,Office,9560
NX03522,Martin Weber,martin.weber3522@nexacore.com,Operations,Supply Chain,Operations Specialist,O2,NX02594,Sofia Taylor,"New York, US",2022-10-06,Contract,11,Office,2812
NX03523,Paul Nielsen,paul.nielsen3523@nexacore.com,Finance,Tax & Compliance,Senior Finance Analyst,F2,NX05592,Rebecca Mendes,"New York, US",2023-10-11,Full-Time,22,Office,4610
NX03524,Michael Reed,michael.reed3524@nexacore.com,Engineering,QA & Testing,Staff Engineer,E4,NX02030,Raj Rao,"Hyderabad, India",2018-02-14,Contract,34,Remote,4212
NX03525,William Chen,william.chen3525@nexacore.com,Sales,Sales Operations,Account Executive,S2,NX01394,Michael Chakraborty,"Edinburgh, UK",2024-05-21,Full-Time,20,Hybrid,6107
NX03526,Freya Davis,freya.davis3526@nexacore.com,Engineering,QA & Testing,Staff Engineer,E4,NX01091,Aditi Murphy,"Manchester, UK",2018-06-15,Contract,34,Office,2664
NX03527,Hannah Chen,hannah.chen3527@nexacore.com,Marketing,Product Marketing,Marketing Specialist,M2,NX01094,Gabriel Weber,"Chennai, India",2023-02-12,Full-Time,18,Hybrid,7579
NX03528,Beatrice Harris,beatrice.harris3528@nexacore.com,Engineering,Cloud Infrastructure,Senior Software Engineer,E3,NX02074,Karl Garcia,"Hyderabad, India",2022-08-06,Full-Time,26,Remote,2028
NX03529,Mohamed Jain,mohamed.jain3529@nexacore.com,IT Support,End-User Computing,IT Support Engineer,T2,NX01772,Lars Williams,"San Francisco, US",2023-01-27,Full-Time,13,Hybrid,9729
NX03530,Beatrice Thompson,beatrice.thompson3530@nexacore.com,Customer Success,Onboarding,Customer Success Manager,C2,NX01380,Sophie Petrov,"Mumbai, India",2022-02-09,Contract,12,Remote,5965
NX03531,Milan Lewis,milan.lewis3531@nexacore.com,HR,HR Business Partnering,HR Generalist,H2,NX01026,Freya Peters,"Berlin, Germany",2021-11-13,Part-Time,8,Remote,6004
NX03532,Mona Kumar,mona.kumar3532@nexacore.com,Sales,Enterprise Sales,Account Executive,S2,NX03142,Jason Walker,"New York, US",2024-08-19,Contract,14,Office,5372
NX03533,Nisha Garcia,nisha.garcia3533@nexacore.com,Sales,Enterprise Sales,Account Executive,S2,NX02729,Shreya Sanchez,"Berlin, Germany",2024-10-07,Full-Time,12,Remote,2687
NX03534,Alejandro Murphy,alejandro.murphy3534@nexacore.com,Sales,Enterprise Sales,Sales Manager,S4,NX03047,Sara Ross,"Edinburgh, UK",2019-03-10,Part-Time,26,Office,1964
NX03535,Vikram Singh,vikram.singh3535@nexacore.com,Finance,Accounting,Senior Finance Analyst,F2,NX01096,Amelia Koch,"New York, US",2024-04-29,Part-Time,15,Hybrid,7627
NX03536,Yuki Foster,yuki.foster3536@nexacore.com,Operations,Procurement,Senior Operations Mgr,O3,NX02818,Pedro Williams,"Singapore, Singapore",2019-03-07,Full-Time,20,Hybrid,6830
NX03537,Rajesh Green,rajesh.green3537@nexacore.com,Engineering,DevOps & SRE,Senior Software Engineer,E3,NX03517,Tom Peters,"Edinburgh, UK",2020-12-08,Full-Time,23,Hybrid,9135
NX03538,Beatrice Wright,beatrice.wright3538@nexacore.com,Engineering,Platform Engineering,Software Engineer,E2,NX04416,Nikita Yamada,"Bangalore, India",2023-08-05,Full-Time,14,Office,9065
NX03539,Devika Young,devika.young3539@nexacore.com,Customer Success,Account Management,Customer Success Manager,C2,NX01576,Linda Reddy,"Munich, Germany",2023-11-14,Full-Time,25,Remote,1763
NX03540,Siddhant Khan,siddhant.khan3540@nexacore.com,Marketing,Product Marketing,Marketing Specialist,M2,NX01153,Shreya Bhatt,"Frankfurt, Germany",2023-06-12,Part-Time,8,Hybrid,8587
NX03541,David Foster,david.foster3541@nexacore.com,Engineering,QA & Testing,Senior Software Engineer,E3,NX02636,Thomas Lim,"Manchester, UK",2022-09-18,Full-Time,26,Hybrid,6426
NX03542,Usha Smith,usha.smith3542@nexacore.com,Product,Core Product,Product Manager,P2,NX02887,Chris Nelson,"Chennai, India",2022-03-01,Part-Time,14,Office,1719
NX03543,Luka Robinson,luka.robinson3543@nexacore.com,Marketing,Brand & Communications,Marketing Coordinator,M1,NX02536,Markus Meyer,"New York, US",2025-09-02,Full-Time,16,Hybrid,5922
NX03544,Sophie Kaur,sophie.kaur3544@nexacore.com,Engineering,DevOps & SRE,Principal Engineer,E5,NX01253,Lena Sanchez,"Edinburgh, UK",2014-01-02,Part-Time,17,Office,1381
NX03545,Lars Cruz,lars.cruz3545@nexacore.com,Data & Analytics,ML & AI,Senior Data Analyst,D2,NX03551,Vikas Sandoval,"Berlin, Germany",2023-06-02,Full-Time,24,Remote,7372
NX03546,Neha Sharma,neha.sharma3546@nexacore.com,Engineering,Mobile & Web,Senior Software Engineer,E3,NX05885,Zara White,"Berlin, Germany",2021-02-02,Full-Time,15,Hybrid,9333
NX03547,Uma Nelson,uma.nelson3547@nexacore.com,Operations,Procurement,Operations Director,O4,NX02139,Sebastian Johnson,"Manchester, UK",2013-03-27,Full-Time,28,Remote,2213
NX03548,Jason Miller,jason.miller3548@nexacore.com,Engineering,Platform Engineering,Principal Engineer,E5,NX01204,Alex Klein,"Berlin, Germany",2016-02-26,Part-Time,14,Hybrid,1377
NX03549,Beatrice Davies,beatrice.davies3549@nexacore.com,Operations,Business Operations,Operations Specialist,O2,NX01597,Laura Kumar,"Edinburgh, UK",2021-05-31,Full-Time,23,Hybrid,8327
NX03550,Axel Yamada,axel.yamada3550@nexacore.com,Engineering,QA & Testing,Associate Engineer,E1,NX04462,Jaya Lewis,"Bangalore, India",2025-08-15,Full-Time,20,Office,5200
NX03551,Vikas Sandoval,vikas.sandoval3551@nexacore.com,Data & Analytics,ML & AI,Lead Data Scientist,D4,NX02768,Simon Bennet,"Austin, US",2014-06-27,Contract,26,Hybrid,6046
NX03552,Aryan Sandoval,aryan.sandoval3552@nexacore.com,IT Support,Security Operations,Senior IT Engineer,T3,NX02400,Rebecca Kim,"Pune, India",2017-06-18,Full-Time,34,Office,6925
NX03553,Karen Lee,karen.lee3553@nexacore.com,Operations,Procurement,Senior Operations Mgr,O3,NX02153,Diego Davies,"Chennai, India",2020-04-18,Contract,31,Hybrid,7698
NX03554,Sofia Hughes,sofia.hughes3554@nexacore.com,IT Support,Security Operations,Senior IT Engineer,T3,NX04500,Tobias Wang,"Mumbai, India",2018-09-07,Contract,23,Hybrid,9084
NX03555,Aisha Rodriguez,aisha.rodriguez3555@nexacore.com,Finance,Tax & Compliance,Finance Manager,F3,NX02327,Robert Kaur,"Singapore, Singapore",2017-05-23,Contract,22,Office,6435
NX03556,Pedro Walker,pedro.walker3556@nexacore.com,Product,Growth,Principal PM,P4,NX05503,William Brown,"New York, US",2014-10-30,Full-Time,30,Remote,3602
NX03557,Vikram Green,vikram.green3557@nexacore.com,Engineering,QA & Testing,Software Engineer,E2,NX05077,Jaya Lim,"Bangalore, India",2023-09-21,Full-Time,14,Office,4435
NX03558,Ananya Nair,ananya.nair3558@nexacore.com,Finance,Tax & Compliance,Senior Finance Analyst,F2,NX05044,Tom Price,"Berlin, Germany",2023-01-07,Contract,14,Remote,8945
NX03559,Rebecca Singh,rebecca.singh3559@nexacore.com,HR,HR Business Partnering,HR Manager,H4,NX01841,Liam Jensen,"Singapore, Singapore",2014-07-26,Full-Time,25,Office,4584
NX03560,Sophie Khan,sophie.khan3560@nexacore.com,Operations,Facilities,Operations Specialist,O2,NX01422,Aisha Davies,"London, UK",2022-10-14,Contract,20,Office,6855
NX03561,Jana Cruz,jana.cruz3561@nexacore.com,IT Support,IT Operations,Senior IT Engineer,T3,NX02338,Clara Hall,"London, UK",2017-11-02,Full-Time,30,Remote,9240
NX03562,Tanvi Kim,tanvi.kim3562@nexacore.com,Operations,Procurement,Operations Analyst,O1,NX03040,Wei Hughes,"Seattle, US",2024-12-07,Full-Time,19,Remote,9627
NX03563,Priya Varma,priya.varma3563@nexacore.com,Operations,Business Operations,Senior Operations Mgr,O3,NX01267,Zara Green,"Berlin, Germany",2018-03-08,Full-Time,32,Hybrid,9077
NX03564,Rosa Kapoor,rosa.kapoor3564@nexacore.com,Engineering,Mobile & Web,Senior Software Engineer,E3,NX01052,Liam Liu,"Austin, US",2022-02-03,Full-Time,19,Office,2178
NX03565,Olivia Zhou,olivia.zhou3565@nexacore.com,Sales,Presales,Senior Account Executive,S3,NX04675,Kevin Murphy,"Boston, US",2022-02-23,Full-Time,16,Office,4892
NX03566,Aisha Carter,aisha.carter3566@nexacore.com,Engineering,QA & Testing,Senior Software Engineer,E3,NX05643,Wei Davies,"San Francisco, US",2021-03-24,Full-Time,30,Remote,2806
NX03567,Raj Hansen,raj.hansen3567@nexacore.com,IT Support,End-User Computing,Senior IT Engineer,T3,NX01046,Eva Thomas,"Hyderabad, India",2020-06-16,Part-Time,12,Hybrid,3543
NX03568,Hannah Kim,hannah.kim3568@nexacore.com,Operations,Business Operations,Senior Operations Mgr,O3,NX01377,James Petrov,"Chennai, India",2018-03-16,Contract,29,Hybrid,6002
NX03569,Gaurav Peters,gaurav.peters3569@nexacore.com,Engineering,DevOps & SRE,Senior Software Engineer,E3,NX04034,Nisha Rao,"Berlin, Germany",2020-07-19,Contract,23,Hybrid,8141
NX03570,Andrei Cruz,andrei.cruz3570@nexacore.com,Operations,Supply Chain,Operations Specialist,O2,NX01496,Liam Davis,"Seattle, US",2023-11-24,Full-Time,25,Hybrid,2179
NX03571,Nicolas Jain,nicolas.jain3571@nexacore.com,Customer Success,Renewals,Customer Success Manager,C2,NX01695,Benjamin Zhou,"Austin, US",2022-03-03,Full-Time,14,Office,2709
NX03572,Noah Lim,noah.lim3572@nexacore.com,Data & Analytics,ML & AI,Senior Data Analyst,D2,NX02775,Bernd Philips,"Seattle, US",2022-08-26,Full-Time,23,Hybrid,7438
NX03573,Ananya Scott,ananya.scott3573@nexacore.com,Marketing,Content & SEO,Senior Marketing Manager,M3,NX01616,Rahul Chen,"Frankfurt, Germany",2017-03-29,Full-Time,31,Remote,9122
NX03574,Diego Carter,diego.carter3574@nexacore.com,Engineering,Mobile & Web,Staff Engineer,E4,NX02596,Karen Dubois,"San Francisco, US",2016-10-05,Full-Time,17,Remote,2031
NX03575,Chen Santos,chen.santos3575@nexacore.com,Engineering,Cloud Infrastructure,Senior Software Engineer,E3,NX05079,Clara Meyer,"Singapore, Singapore",2021-10-04,Full-Time,25,Office,9213
NX03576,Pankaj Wood,pankaj.wood3576@nexacore.com,Finance,FP&A,Senior Finance Manager,F4,NX01589,Sebastian Reddy,"New York, US",2013-10-21,Full-Time,29,Hybrid,5028
NX03577,Alejandro Turner,alejandro.turner3577@nexacore.com,Legal,IP & Compliance,Associate Counsel,L2,NX03217,Zara Santos,"Munich, Germany",2020-10-14,Full-Time,26,Hybrid,7328
NX03578,Haruto Murphy,haruto.murphy3578@nexacore.com,Engineering,Mobile & Web,Senior Software Engineer,E3,NX01634,Alejandro Chakraborty,"San Francisco, US",2022-03-09,Contract,13,Hybrid,5374
NX03579,Luka Wright,luka.wright3579@nexacore.com,HR,HR Business Partnering,Senior HR Specialist,H3,NX02817,Tina Wood,"Bangalore, India",2020-01-27,Full-Time,33,Office,8872
NX03580,Nisha Cruz,nisha.cruz3580@nexacore.com,Product,Core Product,Senior Product Manager,P3,NX04288,Chen Moore,"Singapore, Singapore",2021-05-30,Full-Time,29,Office,3509
NX03581,Linda Kumar,linda.kumar3581@nexacore.com,Engineering,Platform Engineering,Senior Software Engineer,E3,NX01759,Haruto Naidu,"Boston, US",2022-09-11,Contract,24,Hybrid,8036
NX03582,Linda Shah,linda.shah3582@nexacore.com,Customer Success,Account Management,Senior CSM,C3,NX04048,Samuel Muller,"Singapore, Singapore",2021-01-21,Part-Time,17,Hybrid,8796
NX03583,Liam Nelson,liam.nelson3583@nexacore.com,Customer Success,Renewals,Senior CSM,C3,NX01203,Aditi Reddy,"Berlin, Germany",2017-12-04,Full-Time,34,Office,8887
NX03584,Alec Meier,alec.meier3584@nexacore.com,Engineering,Mobile & Web,Senior Software Engineer,E3,NX04592,Sebastian Bauer,"Boston, US",2023-04-28,Part-Time,15,Office,6012
NX03585,Jonathan Zhang,jonathan.zhang3585@nexacore.com,Data & Analytics,Data Governance,Data Analyst,D1,NX01558,Lucas Becker,"Frankfurt, Germany",2024-07-25,Part-Time,8,Office,3862
NX03586,Emma Williams,emma.williams3586@nexacore.com,Engineering,Platform Engineering,Senior Software Engineer,E3,NX02600,Beatrice Murphy,"Seattle, US",2021-05-01,Contract,24,Hybrid,5889
NX03587,Chris Martin,chris.martin3587@nexacore.com,Sales,SMB Sales,Senior Account Executive,S3,NX01632,Noah Clark,"Manchester, UK",2021-08-07,Contract,28,Office,2798
NX03588,David Liu,david.liu3588@nexacore.com,Engineering,Mobile & Web,Staff Engineer,E4,NX05176,Shreya Wright,"Munich, Germany",2018-02-14,Full-Time,27,Hybrid,4938
NX03589,Aryan Thomas,aryan.thomas3589@nexacore.com,Operations,Facilities,Operations Specialist,O2,NX01886,Mohamed Wood,"Frankfurt, Germany",2022-08-11,Full-Time,13,Hybrid,9199
NX03590,Nikita Moore,nikita.moore3590@nexacore.com,Marketing,Product Marketing,Marketing Specialist,M2,NX01880,Paul Schmidt,"Pune, India",2023-04-01,Full-Time,12,Hybrid,6062
NX03591,Bernd Mitchell,bernd.mitchell3591@nexacore.com,Legal,Employment Law,Associate Counsel,L2,NX04415,James Nielsen,"London, UK",2021-07-20,Part-Time,10,Hybrid,6145
NX03592,Eva Johnson,eva.johnson3592@nexacore.com,Operations,Business Operations,Senior Operations Mgr,O3,NX05148,Blake Roth,"Manchester, UK",2020-09-06,Full-Time,13,Hybrid,6636
NX03593,Sven Wright,sven.wright3593@nexacore.com,Engineering,QA & Testing,Principal Engineer,E5,NX01276,Beatrice Mitchell,"Boston, US",2015-03-07,Full-Time,22,Hybrid,7593
NX03594,Andrea Garcia,andrea.garcia3594@nexacore.com,Marketing,Product Marketing,Marketing Specialist,M2,NX01078,Karan Gupta,"Pune, India",2024-02-15,Full-Time,16,Office,8275
NX03595,Aarav Kumar,aarav.kumar3595@nexacore.com,Operations,Supply Chain,Operations Specialist,O2,NX02800,Andrea Miller,"Munich, Germany",2022-03-04,Full-Time,15,Hybrid,2573
NX03596,Lars Wilson,lars.wilson3596@nexacore.com,Product,Analytics,Product Manager,P2,NX02187,Aisha Sandoval,"Frankfurt, Germany",2023-07-04,Part-Time,15,Remote,6722
NX03597,Mira Roth,mira.roth3597@nexacore.com,Engineering,Mobile & Web,Software Engineer,E2,NX02030,Raj Rao,"Mumbai, India",2023-09-05,Contract,16,Remote,7108
NX03598,Ravi Bhatt,ravi.bhatt3598@nexacore.com,Engineering,Platform Engineering,Staff Engineer,E4,NX01664,Neha Jones,"Munich, Germany",2020-02-14,Full-Time,30,Hybrid,1316
NX03599,Ashley Nielsen,ashley.nielsen3599@nexacore.com,Customer Success,Support Engineering,Senior CSM,C3,NX04750,Tina Klein,"Bangalore, India",2018-04-04,Part-Time,27,Hybrid,7278
NX03600,Shreya Roth,shreya.roth3600@nexacore.com,Sales,Sales Operations,Senior Account Executive,S3,NX01398,Manish Weber,"Mumbai, India",2021-11-14,Full-Time,24,Office,9667
NX03601,Milan Lewis,milan.lewis3601@nexacore.com,Finance,FP&A,Finance Analyst,F1,NX02519,Deepa Anderson,"Edinburgh, UK",2024-07-06,Part-Time,9,Hybrid,4872
NX03602,Rosa Nelson,rosa.nelson3602@nexacore.com,Data & Analytics,Data Governance,Data Scientist,D3,NX03799,Riya Hughes,"Austin, US",2017-10-10,Full-Time,28,Hybrid,7029
NX03603,Olivia Weber,olivia.weber3603@nexacore.com,HR,HR Business Partnering,HR Generalist,H2,NX05343,Nora Desai,"Mumbai, India",2021-09-17,Full-Time,12,Hybrid,9820
NX03604,Jessica Khan,jessica.khan3604@nexacore.com,Engineering,Platform Engineering,Staff Engineer,E4,NX05176,Shreya Wright,"San Francisco, US",2017-04-12,Full-Time,29,Hybrid,1119
NX03605,Ashley Khan,ashley.khan3605@nexacore.com,IT Support,End-User Computing,IT Manager,T4,NX01235,Eva Walker,"Mumbai, India",2015-08-01,Contract,30,Office,9069
NX03606,Michael Scott,michael.scott3606@nexacore.com,Engineering,Cloud Infrastructure,Principal Engineer,E5,NX01813,Harry Liu,"Berlin, Germany",2015-04-12,Full-Time,20,Remote,7783
NX03607,Sara Zhang,sara.zhang3607@nexacore.com,Sales,Enterprise Sales,Account Executive,S2,NX04267,Aisha Garcia,"Seattle, US",2023-11-09,Contract,25,Hybrid,1844
NX03608,Shirin Turner,shirin.turner3608@nexacore.com,Sales,SMB Sales,Sales Manager,S4,NX04977,Clara Jones,"Manchester, UK",2016-11-28,Part-Time,26,Office,7387
NX03609,Alex Price,alex.price3609@nexacore.com,Sales,SMB Sales,Senior Account Executive,S3,NX01239,Nisha Klein,"London, UK",2022-01-02,Full-Time,14,Remote,5332
NX03610,Arjun Foster,arjun.foster3610@nexacore.com,Customer Success,Renewals,Customer Success Manager,C2,NX05346,Alejandro Wright,"Berlin, Germany",2024-09-30,Contract,13,Hybrid,3104
NX03611,James Green,james.green3611@nexacore.com,Operations,Supply Chain,Operations Specialist,O2,NX04534,Lucas Chen,"Seattle, US",2024-01-29,Part-Time,14,Remote,7186
NX03612,Ayesha Davis,ayesha.davis3612@nexacore.com,Customer Success,Renewals,CS Director,C4,NX01730,Kiara Kim,"Chennai, India",2016-07-10,Full-Time,25,Office,8397
NX03613,Lena Sharma,lena.sharma3613@nexacore.com,Operations,Facilities,Operations Specialist,O2,NX02498,Mira Desai,"Edinburgh, UK",2023-09-28,Full-Time,15,Remote,5590
NX03614,Luka Clark,luka.clark3614@nexacore.com,HR,Talent Acquisition,Senior HR Specialist,H3,NX02206,Amara Cruz,"Singapore, Singapore",2020-11-20,Full-Time,21,Remote,2398
NX03615,Jessica Meyer,jessica.meyer3615@nexacore.com,Sales,Presales,Sales Manager,S4,NX02660,Yuki Garcia,"San Francisco, US",2019-03-19,Contract,34,Hybrid,4376
NX03616,Zara Davies,zara.davies3616@nexacore.com,Sales,SMB Sales,Senior Account Executive,S3,NX04927,Alejandro Brown,"Munich, Germany",2021-02-01,Part-Time,21,Office,9799
NX03617,Lisa Philips,lisa.philips3617@nexacore.com,Legal,Corporate Legal,Legal Analyst,L1,NX01218,Lena Lopez,"Seattle, US",2024-05-22,Full-Time,23,Remote,5276
NX03618,Vikas Jones,vikas.jones3618@nexacore.com,HR,People Operations,HR Manager,H4,NX01307,Amara Harris,"Austin, US",2013-07-31,Full-Time,32,Hybrid,2823
NX03619,Henrik Nelson,henrik.nelson3619@nexacore.com,Engineering,Cloud Infrastructure,Software Engineer,E2,NX01002,Manish Hansen,"San Francisco, US",2023-11-17,Full-Time,10,Hybrid,7469
NX03620,Manish Patel,manish.patel3620@nexacore.com,Product,Analytics,Associate PM,P1,NX05799,Leo Desai,"Mumbai, India",2025-10-02,Part-Time,5,Office,8135
NX03621,Chen Roberts,chen.roberts3621@nexacore.com,Data & Analytics,Business Intelligence,Data Scientist,D3,NX05796,Devika Clark,"Munich, Germany",2018-07-03,Full-Time,35,Hybrid,8916
NX03622,Rohit Taylor,rohit.taylor3622@nexacore.com,Sales,Presales,Account Executive,S2,NX02251,Gaurav Moore,"Hyderabad, India",2023-12-29,Part-Time,9,Office,3413
NX03623,Ananya Klein,ananya.klein3623@nexacore.com,Engineering,QA & Testing,Senior Software Engineer,E3,NX02261,Ishan Reddy,"Singapore, Singapore",2020-08-09,Contract,22,Office,2687
NX03624,Tobias Miller,tobias.miller3624@nexacore.com,Sales,SMB Sales,Account Executive,S2,NX03041,Eva Dubois,"Mumbai, India",2024-02-09,Full-Time,16,Remote,6382
NX03625,Rajesh Kapoor,rajesh.kapoor3625@nexacore.com,Sales,Presales,Senior Account Executive,S3,NX02677,Ashley Hansen,"Munich, Germany",2020-05-10,Full-Time,21,Hybrid,1606
NX03626,Mohamed White,mohamed.white3626@nexacore.com,Sales,SMB Sales,Sales Manager,S4,NX02598,Aditi White,"Bangalore, India",2017-09-04,Full-Time,34,Hybrid,8971
NX03627,Akira Jensen,akira.jensen3627@nexacore.com,Data & Analytics,ML & AI,Head of Data,D5,,,"Chennai, India",2011-12-31,Full-Time,21,Remote,1869
NX03628,David Robinson,david.robinson3628@nexacore.com,Data & Analytics,Data Engineering,Data Analyst,D1,NX01322,Elena Yamada,"Manchester, UK",2024-08-17,Contract,15,Office,3329
NX03629,Rahul Patel,rahul.patel3629@nexacore.com,Data & Analytics,Data Engineering,Data Analyst,D1,NX02775,Bernd Philips,"Munich, Germany",2024-06-25,Full-Time,20,Hybrid,2097
NX03630,Kevin Singh,kevin.singh3630@nexacore.com,Engineering,DevOps & SRE,Senior Software Engineer,E3,NX03103,Vikas Yamada,"Chennai, India",2022-03-19,Full-Time,25,Hybrid,3854
NX03631,Chris Naidu,chris.naidu3631@nexacore.com,Product,Core Product,Senior Product Manager,P3,NX01555,Priya Klein,"Singapore, Singapore",2017-09-28,Full-Time,35,Hybrid,3319
NX03632,Karen Harris,karen.harris3632@nexacore.com,Sales,Sales Operations,Account Executive,S2,NX03534,Alejandro Murphy,"Austin, US",2023-11-18,Contract,23,Hybrid,1069
NX03633,Rebecca Meier,rebecca.meier3633@nexacore.com,Finance,Treasury,Senior Finance Analyst,F2,NX01916,Vikas Das,"Austin, US",2021-06-15,Full-Time,21,Hybrid,7183
NX03634,Jonas Zhang,jonas.zhang3634@nexacore.com,Operations,Facilities,Senior Operations Mgr,O3,NX03362,Mona Philips,"Pune, India",2018-08-04,Full-Time,34,Hybrid,2448
NX03635,Eva Roberts,eva.roberts3635@nexacore.com,Customer Success,Account Management,Customer Success Manager,C2,NX01333,Sofia Gonzalez,"San Francisco, US",2022-10-15,Full-Time,12,Office,1195
NX03636,Jonathan Lopez,jonathan.lopez3636@nexacore.com,Data & Analytics,Data Governance,Data Analyst,D1,NX01256,Daniel Schmidt,"Pune, India",2024-10-11,Full-Time,12,Office,1439
NX03637,Isabel Bhatt,isabel.bhatt3637@nexacore.com,Customer Success,Support Engineering,CS Director,C4,NX01271,Antoine Peters,"Berlin, Germany",2015-08-07,Contract,17,Office,5971
NX03638,Aryan Evans,aryan.evans3638@nexacore.com,Engineering,Mobile & Web,Software Engineer,E2,NX02008,Leo Rodriguez,"Edinburgh, UK",2024-09-08,Full-Time,19,Hybrid,9861
NX03639,Karen Young,karen.young3639@nexacore.com,Engineering,QA & Testing,Senior Software Engineer,E3,NX05120,Elena Robinson,"London, UK",2021-09-26,Full-Time,21,Hybrid,2889
NX03640,Shirin Young,shirin.young3640@nexacore.com,IT Support,IT Operations,IT Support Engineer,T2,NX02366,Sabrina Anderson,"Munich, Germany",2021-11-24,Full-Time,29,Remote,7353
NX03641,Lisa Jain,lisa.jain3641@nexacore.com,Engineering,Mobile & Web,Principal Engineer,E5,NX01498,Jana Singh,"London, UK",2015-01-11,Part-Time,20,Remote,4820
NX03642,Axel Singh,axel.singh3642@nexacore.com,Engineering,DevOps & SRE,Software Engineer,E2,NX05885,Zara White,"Austin, US",2023-09-02,Full-Time,12,Hybrid,8392
NX03643,Nicolas Yamada,nicolas.yamada3643@nexacore.com,Customer Success,Renewals,Senior CSM,C3,NX01405,Usha Taylor,"Seattle, US",2017-12-17,Full-Time,18,Hybrid,5602
NX03644,William Brown,william.brown3644@nexacore.com,Sales,Sales Operations,Sales Manager,S4,NX04083,Olivia Scott,"Munich, Germany",2016-11-24,Part-Time,28,Hybrid,6643
NX03645,Rafael Becker,rafael.becker3645@nexacore.com,Operations,Facilities,Operations Analyst,O1,NX01377,James Petrov,"Boston, US",2025-01-28,Full-Time,11,Office,6896
NX03646,Markus Peters,markus.peters3646@nexacore.com,Sales,Presales,Sales Development Rep,S1,NX03395,Markus Jones,"Pune, India",2025-01-21,Full-Time,14,Hybrid,8744
NX03647,Rahul Lee,rahul.lee3647@nexacore.com,Marketing,Content & SEO,Senior Marketing Manager,M3,NX01401,Isabel Wang,"Manchester, UK",2018-06-17,Full-Time,25,Remote,8558
NX03648,Eva Price,eva.price3648@nexacore.com,Operations,Procurement,Senior Operations Mgr,O3,NX04041,Gabriel Yamada,"Chennai, India",2019-04-04,Full-Time,26,Office,9305
NX03649,Nikita Khan,nikita.khan3649@nexacore.com,Engineering,Platform Engineering,Staff Engineer,E4,NX02980,Shreya Meier,"San Francisco, US",2020-02-14,Contract,21,Hybrid,9657
NX03650,Nora Wood,nora.wood3650@nexacore.com,Sales,Presales,Sales Manager,S4,NX03047,Sara Ross,"Bangalore, India",2018-09-13,Full-Time,30,Office,7680
NX03651,Arjun Hughes,arjun.hughes3651@nexacore.com,Operations,Business Operations,Operations Analyst,O1,NX02884,Rosa Roberts,"Berlin, Germany",2025-04-17,Contract,10,Office,8255
NX03652,Samuel Nielsen,samuel.nielsen3652@nexacore.com,IT Support,IT Operations,Senior IT Engineer,T3,NX05760,Karen Liu,"Manchester, UK",2018-04-15,Full-Time,17,Hybrid,7656
NX03653,Emma Meyer,emma.meyer3653@nexacore.com,HR,People Operations,HR Generalist,H2,NX04522,Tobias Nielsen,"Frankfurt, Germany",2023-12-13,Full-Time,11,Office,2142
NX03654,Ayesha Chakraborty,ayesha.chakraborty3654@nexacore.com,Sales,Presales,Account Executive,S2,NX02148,Antoine Gonzalez,"Austin, US",2024-05-14,Full-Time,12,Hybrid,3824
NX03655,Henrik Thomas,henrik.thomas3655@nexacore.com,Engineering,Platform Engineering,Principal Engineer,E5,NX01530,Pedro Desai,"Berlin, Germany",2015-06-14,Contract,29,Remote,3686
NX03656,Karen Hansen,karen.hansen3656@nexacore.com,Customer Success,Account Management,Senior CSM,C3,NX05418,Vikas Brown,"Mumbai, India",2019-12-26,Full-Time,26,Hybrid,5132
NX03657,Lisa Meyer,lisa.meyer3657@nexacore.com,Sales,Enterprise Sales,Sales Manager,S4,NX03300,Chris Petrov,"Edinburgh, UK",2017-01-08,Part-Time,18,Hybrid,5236
NX03658,Kabir Varma,kabir.varma3658@nexacore.com,Finance,FP&A,Finance Manager,F3,NX02265,Alex Carter,"Edinburgh, UK",2019-08-10,Contract,23,Hybrid,8170
NX03659,Yuki Mitchell,yuki.mitchell3659@nexacore.com,Operations,Facilities,Operations Analyst,O1,NX04311,Andrea Miller,"Chennai, India",2024-09-11,Contract,18,Hybrid,4972
NX03660,Stefan White,stefan.white3660@nexacore.com,Customer Success,Onboarding,Customer Success Manager,C2,NX01703,Stefan Klein,"Mumbai, India",2023-05-21,Full-Time,17,Hybrid,5706
NX03661,William Peters,william.peters3661@nexacore.com,Operations,Facilities,Operations Director,O4,NX02139,Sebastian Johnson,"Austin, US",2014-02-10,Full-Time,19,Hybrid,1160
NX03662,Lars Green,lars.green3662@nexacore.com,Engineering,Mobile & Web,Senior Software Engineer,E3,NX02224,Ayesha Perez,"Manchester, UK",2020-12-28,Full-Time,21,Hybrid,5056
NX03663,Sara Muller,sara.muller3663@nexacore.com,Operations,Facilities,Senior Operations Mgr,O3,NX05186,Andrea Thomas,"Chennai, India",2017-08-12,Full-Time,18,Hybrid,7951
NX03664,Wei Singh,wei.singh3664@nexacore.com,Legal,IP & Compliance,Legal Analyst,L1,NX04848,David Nair,"Edinburgh, UK",2024-01-08,Full-Time,21,Remote,3765
NX03665,David Jones,david.jones3665@nexacore.com,Customer Success,Onboarding,Senior CSM,C3,NX05137,Elena Meyer,"Frankfurt, Germany",2019-12-11,Full-Time,23,Hybrid,7574
NX03666,Robert Hoffmann,robert.hoffmann3666@nexacore.com,Engineering,QA & Testing,Senior Software Engineer,E3,NX01680,Vikas Evans,"Chennai, India",2020-07-19,Contract,16,Office,3612
NX03667,Valentina Philips,valentina.philips3667@nexacore.com,Engineering,Cloud Infrastructure,Staff Engineer,E4,NX02858,Tina Murphy,"Hyderabad, India",2017-07-15,Full-Time,24,Hybrid,7696
NX03668,Hannah Roth,hannah.roth3668@nexacore.com,Marketing,Brand & Communications,Marketing Specialist,M2,NX03299,Ananya Shah,"Frankfurt, Germany",2022-04-08,Part-Time,19,Office,7997
NX03669,Aisha Johnson,aisha.johnson3669@nexacore.com,Marketing,Demand Generation,Senior Marketing Manager,M3,NX05591,Ashley Reed,"New York, US",2021-03-07,Contract,31,Office,1317
NX03670,Mohamed Cruz,mohamed.cruz3670@nexacore.com,Sales,Enterprise Sales,Account Executive,S2,NX03779,Gabriel Jensen,"New York, US",2022-12-04,Contract,25,Office,3458
NX03671,Alejandro Foster,alejandro.foster3671@nexacore.com,HR,People Operations,HR Manager,H4,NX01307,Amara Harris,"Bangalore, India",2016-02-01,Full-Time,26,Remote,7005
NX03672,Liam Chen,liam.chen3672@nexacore.com,Legal,IP & Compliance,Associate Counsel,L2,NX02041,Sara Chen,"Seattle, US",2019-12-19,Contract,31,Office,1910
NX03673,Leo Moore,leo.moore3673@nexacore.com,Legal,IP & Compliance,Associate Counsel,L2,NX02633,Deepa Roberts,"Chennai, India",2019-09-03,Full-Time,30,Hybrid,6824
NX03674,Grace Moore,grace.moore3674@nexacore.com,Engineering,QA & Testing,Software Engineer,E2,NX02686,Mona Jain,"Munich, Germany",2024-02-09,Full-Time,18,Hybrid,7524
NX03675,Anjali Peters,anjali.peters3675@nexacore.com,Operations,Facilities,Operations Director,O4,NX01055,Alex Shah,"Boston, US",2015-01-03,Part-Time,28,Office,4304
NX03676,Akira Roth,akira.roth3676@nexacore.com,Operations,Facilities,Operations Director,O4,NX01349,Mohamed Rodriguez,"Singapore, Singapore",2015-09-26,Full-Time,18,Hybrid,4541
NX03677,Raj Reed,raj.reed3677@nexacore.com,Engineering,Platform Engineering,Staff Engineer,E4,NX03979,Mona Kumar,"Berlin, Germany",2016-07-15,Full-Time,21,Hybrid,3515
NX03678,Kabir Fischer,kabir.fischer3678@nexacore.com,Data & Analytics,Data Governance,Data Scientist,D3,NX01244,Noah Bauer,"Frankfurt, Germany",2018-06-24,Full-Time,25,Hybrid,9194
NX03679,Blake Shah,blake.shah3679@nexacore.com,Sales,Presales,Sales Development Rep,S1,NX01394,Michael Chakraborty,"Bangalore, India",2025-03-18,Full-Time,14,Hybrid,8082
NX03680,Tina Schmidt,tina.schmidt3680@nexacore.com,Customer Success,Renewals,Customer Success Manager,C2,NX04316,Aarav Sandoval,"Chennai, India",2024-06-04,Full-Time,21,Office,1757
NX03681,Daniel Rodriguez,daniel.rodriguez3681@nexacore.com,Legal,Corporate Legal,Legal Analyst,L1,NX02141,Jessica Reed,"Manchester, UK",2023-09-02,Full-Time,11,Hybrid,1061
NX03682,Leo Roth,leo.roth3682@nexacore.com,Engineering,Cloud Infrastructure,Senior Software Engineer,E3,NX05885,Zara White,"Frankfurt, Germany",2021-03-08,Contract,28,Hybrid,6630
NX03683,Yuki Sharma,yuki.sharma3683@nexacore.com,Engineering,Mobile & Web,Senior Software Engineer,E3,NX01624,Omar Zhou,"London, UK",2021-12-08,Full-Time,15,Hybrid,2364
NX03684,Lucas Santos,lucas.santos3684@nexacore.com,Customer Success,Account Management,CS Director,C4,NX02120,Aarav Perez,"Bangalore, India",2017-02-19,Full-Time,26,Hybrid,2813
NX03685,Michael Hall,michael.hall3685@nexacore.com,IT Support,IT Operations,IT Support Engineer,T2,NX01017,Eva Gonzalez,"Munich, Germany",2022-01-29,Full-Time,25,Office,6666
NX03686,Axel Rao,axel.rao3686@nexacore.com,Product,Growth,Senior Product Manager,P3,NX03715,Alejandro Martin,"Hyderabad, India",2019-07-24,Full-Time,18,Hybrid,8365
NX03687,Karl Young,karl.young3687@nexacore.com,Customer Success,Renewals,CS Director,C4,NX02121,Ananya Green,"Munich, Germany",2016-03-15,Full-Time,26,Hybrid,4133
NX03688,Maya Harris,maya.harris3688@nexacore.com,Engineering,Mobile & Web,Senior Software Engineer,E3,NX02625,Jaya Lewis,"Boston, US",2021-01-29,Contract,19,Office,6929
NX03689,Sofia Desai,sofia.desai3689@nexacore.com,Customer Success,Support Engineering,Customer Success Manager,C2,NX05182,Sara Nair,"Edinburgh, UK",2023-09-01,Part-Time,16,Hybrid,3567
NX03690,Andrei Young,andrei.young3690@nexacore.com,IT Support,End-User Computing,IT Support Analyst,T1,NX02066,Kevin Hoffmann,"Seattle, US",2025-08-02,Contract,19,Remote,5800
NX03691,Sneha Sanchez,sneha.sanchez3691@nexacore.com,Engineering,DevOps & SRE,Staff Engineer,E4,NX02194,Daniel Williams,"Mumbai, India",2018-09-29,Part-Time,17,Hybrid,1155
NX03692,Antoine Murphy,antoine.murphy3692@nexacore.com,Legal,Employment Law,Associate Counsel,L2,NX03929,Maria Chen,"Manchester, UK",2021-06-28,Full-Time,20,Hybrid,3749
NX03693,Ravi Meyer,ravi.meyer3693@nexacore.com,Sales,SMB Sales,Senior Account Executive,S3,NX02822,Rahul Nguyen,"Chennai, India",2020-03-26,Full-Time,32,Hybrid,4617
NX03694,Riya Santos,riya.santos3694@nexacore.com,Engineering,Cloud Infrastructure,Staff Engineer,E4,NX03030,William Kumar,"Mumbai, India",2018-10-24,Contract,34,Hybrid,2642
NX03695,Nicolas Foster,nicolas.foster3695@nexacore.com,Marketing,Content & SEO,Marketing Coordinator,M1,NX02072,Ananya Thomas,"Austin, US",2024-07-06,Full-Time,21,Remote,3986
NX03696,Raj Lee,raj.lee3696@nexacore.com,Finance,FP&A,Senior Finance Analyst,F2,NX02117,Daniel Lee,"Seattle, US",2021-12-18,Full-Time,29,Hybrid,1188
NX03697,Antoine Rao,antoine.rao3697@nexacore.com,Sales,Sales Operations,Account Executive,S2,NX02455,Ayesha Sandoval,"Chennai, India",2023-09-22,Contract,17,Hybrid,8346
NX03698,Maya Gonzalez,maya.gonzalez3698@nexacore.com,Sales,SMB Sales,Senior Account Executive,S3,NX02481,Aditi Peters,"Austin, US",2020-01-03,Part-Time,18,Hybrid,8885
NX03699,Sophie Cruz,sophie.cruz3699@nexacore.com,Finance,Tax & Compliance,Finance Manager,F3,NX05116,Fiona Miller,"Austin, US",2017-10-23,Contract,22,Hybrid,3679
NX03700,Martin Patel,martin.patel3700@nexacore.com,IT Support,Security Operations,IT Support Analyst,T1,NX03469,Lucas Jones,"Austin, US",2025-09-22,Full-Time,18,Hybrid,3347
NX03701,Alec Roth,alec.roth3701@nexacore.com,Engineering,Platform Engineering,Staff Engineer,E4,NX04183,Siddhant Thompson,"Mumbai, India",2016-12-05,Full-Time,33,Hybrid,6107
NX03702,Martin Foster,martin.foster3702@nexacore.com,Sales,Presales,Sales Manager,S4,NX01784,Mira Zhang,"Singapore, Singapore",2016-11-30,Full-Time,25,Hybrid,6211
NX03703,Laura Thomas,laura.thomas3703@nexacore.com,Legal,Corporate Legal,Legal Analyst,L1,NX04599,Sarah Pillai,"Boston, US",2023-06-20,Full-Time,10,Remote,3352
NX03704,Anna Wood,anna.wood3704@nexacore.com,IT Support,IT Operations,IT Manager,T4,NX02037,Blake Naidu,"Munich, Germany",2014-08-28,Full-Time,29,Hybrid,6009
NX03705,Karen Varma,karen.varma3705@nexacore.com,Sales,Presales,Sales Manager,S4,NX01063,Aarav Price,"Bangalore, India",2016-09-13,Full-Time,17,Hybrid,4001
NX03706,Noah Gupta,noah.gupta3706@nexacore.com,Engineering,QA & Testing,Software Engineer,E2,NX05701,Shirin Becker,"Frankfurt, Germany",2023-09-03,Contract,19,Remote,5065
NX03707,Uma Davies,uma.davies3707@nexacore.com,Product,Growth,Product Manager,P2,NX01831,Alejandro Fischer,"Austin, US",2023-08-09,Full-Time,18,Office,4411
NX03708,Andrei Hall,andrei.hall3708@nexacore.com,IT Support,End-User Computing,Senior IT Engineer,T3,NX01455,Jaya Sanchez,"Berlin, Germany",2016-11-30,Full-Time,26,Hybrid,8793
NX03709,Kiara Becker,kiara.becker3709@nexacore.com,Sales,Sales Operations,Account Executive,S2,NX03442,Patrick Rao,"San Francisco, US",2024-03-14,Part-Time,13,Office,6682
NX03710,Andrea Lim,andrea.lim3710@nexacore.com,Finance,FP&A,Senior Finance Analyst,F2,NX05592,Rebecca Mendes,"Edinburgh, UK",2023-06-28,Full-Time,15,Hybrid,2570
NX03711,Amara Petrov,amara.petrov3711@nexacore.com,Engineering,Platform Engineering,Senior Software Engineer,E3,NX02850,Antoine Nair,"Manchester, UK",2020-11-25,Full-Time,30,Hybrid,5370
NX03712,Anita Khan,anita.khan3712@nexacore.com,Data & Analytics,Business Intelligence,Data Scientist,D3,NX04091,Karan Brown,"Chennai, India",2019-04-17,Part-Time,16,Remote,7443
NX03713,Maya Clark,maya.clark3713@nexacore.com,Product,Core Product,Principal PM,P4,NX05503,William Brown,"New York, US",2016-09-18,Full-Time,25,Hybrid,4810
NX03714,Uma Bhatt,uma.bhatt3714@nexacore.com,Sales,Presales,Account Executive,S2,NX02729,Shreya Sanchez,"Singapore, Singapore",2024-09-16,Full-Time,10,Office,6656
NX03715,Alejandro Martin,alejandro.martin3715@nexacore.com,Product,Growth,Principal PM,P4,NX01144,Rebecca Koch,"Boston, US",2015-01-30,Contract,20,Hybrid,2803
NX03716,Nicolas Walker,nicolas.walker3716@nexacore.com,Legal,IP & Compliance,Senior Counsel,L3,NX03098,Alec Lopez,"London, UK",2014-07-02,Full-Time,23,Office,8081
NX03717,Karen Gupta,karen.gupta3717@nexacore.com,Marketing,Demand Generation,Marketing Coordinator,M1,NX03071,Zara Weber,"Seattle, US",2025-07-27,Full-Time,15,Hybrid,2971
NX03718,Riya Fischer,riya.fischer3718@nexacore.com,HR,Talent Acquisition,HR Generalist,H2,NX01131,Fiona Pillai,"Manchester, UK",2023-07-31,Part-Time,16,Office,1012
NX03719,Shreya Nair,shreya.nair3719@nexacore.com,Marketing,Brand & Communications,Marketing Specialist,M2,NX02238,Isabel Green,"London, UK",2024-03-18,Full-Time,13,Hybrid,9207
NX03720,Olivia Thompson,olivia.thompson3720@nexacore.com,Legal,Employment Law,Associate Counsel,L2,NX04391,Kabir Martinez,"Berlin, Germany",2021-08-28,Contract,20,Office,4110
NX03721,Jonas Walker,jonas.walker3721@nexacore.com,IT Support,IT Operations,Senior IT Engineer,T3,NX04123,Manish Shah,"Bangalore, India",2018-06-04,Contract,34,Hybrid,2790
NX03722,Andrea Cruz,andrea.cruz3722@nexacore.com,Engineering,Mobile & Web,Staff Engineer,E4,NX02316,Robert Yamada,"Berlin, Germany",2016-10-12,Part-Time,24,Hybrid,3437
NX03723,Sven Price,sven.price3723@nexacore.com,Finance,FP&A,Finance Manager,F3,NX03576,Pankaj Wood,"San Francisco, US",2017-08-10,Full-Time,23,Hybrid,2877
NX03724,Priya Jones,priya.jones3724@nexacore.com,Sales,Enterprise Sales,Sales Manager,S4,NX05187,Amelia Martinez,"Berlin, Germany",2018-11-25,Contract,24,Office,2451
NX03725,Wei Varma,wei.varma3725@nexacore.com,Product,Platform,VP of Product,P5,,,"Berlin, Germany",2012-07-21,Contract,34,Hybrid,7255
NX03726,Nicolas Moore,nicolas.moore3726@nexacore.com,Engineering,QA & Testing,Software Engineer,E2,NX02748,Manish Jones,"New York, US",2024-01-25,Full-Time,25,Office,8850
NX03727,Fiona White,fiona.white3727@nexacore.com,Customer Success,Renewals,Senior CSM,C3,NX04143,Vikas Reed,"New York, US",2019-10-08,Full-Time,30,Remote,5757
NX03728,Sarah Garcia,sarah.garcia3728@nexacore.com,Data & Analytics,Business Intelligence,Senior Data Analyst,D2,NX04590,Maria Lee,"Munich, Germany",2022-01-15,Full-Time,15,Hybrid,9450
NX03729,Julia Wilson,julia.wilson3729@nexacore.com,Data & Analytics,Data Engineering,Data Scientist,D3,NX03765,Anita Nielsen,"Austin, US",2020-02-14,Full-Time,17,Office,7082
NX03730,Carlos Smith,carlos.smith3730@nexacore.com,Engineering,Mobile & Web,Senior Software Engineer,E3,NX05486,Fiona Martinez,"Manchester, UK",2020-10-03,Full-Time,17,Office,2301
NX03731,Laura Miller,laura.miller3731@nexacore.com,Marketing,Content & SEO,Marketing Director,M4,NX01834,William Gonzalez,"Seattle, US",2014-09-18,Contract,19,Hybrid,9439
NX03732,Robert Nguyen,robert.nguyen3732@nexacore.com,IT Support,IT Operations,Senior IT Engineer,T3,NX01913,Nora Varma,"Hyderabad, India",2018-02-23,Contract,32,Hybrid,2376
NX03733,Rosa Kumar,rosa.kumar3733@nexacore.com,Customer Success,Support Engineering,Senior CSM,C3,NX05138,Arjun Mendes,"Berlin, Germany",2019-05-21,Full-Time,24,Hybrid,7589
NX03734,Jaya Kumar,jaya.kumar3734@nexacore.com,HR,People Operations,HR Manager,H4,NX01307,Amara Harris,"Hyderabad, India",2015-06-03,Contract,21,Hybrid,4432
NX03735,Ethan Becker,ethan.becker3735@nexacore.com,Sales,Enterprise Sales,Sales Manager,S4,NX02221,Paola Williams,"Chennai, India",2017-01-27,Full-Time,22,Office,6427
NX03736,Jessica Johnson,jessica.johnson3736@nexacore.com,Engineering,DevOps & SRE,Associate Engineer,E1,NX02316,Robert Yamada,"Frankfurt, Germany",2025-08-08,Full-Time,20,Hybrid,7201
NX03737,Thomas Walker,thomas.walker3737@nexacore.com,Engineering,QA & Testing,Staff Engineer,E4,NX01013,Michael Zhou,"Frankfurt, Germany",2017-11-11,Full-Time,22,Office,2765
NX03738,Patrick Klein,patrick.klein3738@nexacore.com,Sales,Presales,Account Executive,S2,NX02408,Rajesh Chen,"Chennai, India",2024-04-06,Full-Time,24,Hybrid,3269
NX03739,Patrick Koch,patrick.koch3739@nexacore.com,HR,L&D,HR Coordinator,H1,NX02709,Kevin Mitchell,"London, UK",2025-01-12,Full-Time,19,Remote,1513
NX03740,Tom Wright,tom.wright3740@nexacore.com,Operations,Supply Chain,Operations Specialist,O2,NX01619,Mohamed Young,"San Francisco, US",2022-03-05,Contract,22,Office,9526
NX03741,Uma Peters,uma.peters3741@nexacore.com,Marketing,Demand Generation,Marketing Specialist,M2,NX04421,Rebecca Peters,"Boston, US",2022-04-17,Full-Time,23,Hybrid,5621
NX03742,Kevin Reddy,kevin.reddy3742@nexacore.com,Sales,SMB Sales,Senior Account Executive,S3,NX01173,Benjamin Mitchell,"Mumbai, India",2020-06-09,Full-Time,24,Hybrid,6126
NX03743,Freya Scott,freya.scott3743@nexacore.com,Sales,Sales Operations,Sales Manager,S4,NX01969,Mohamed Sharma,"Austin, US",2019-02-11,Full-Time,27,Office,2742
NX03744,Samuel Ross,samuel.ross3744@nexacore.com,Customer Success,Renewals,Senior CSM,C3,NX03937,Yuki Muller,"London, UK",2018-04-28,Full-Time,19,Office,9135
NX03745,Isabel Martinez,isabel.martinez3745@nexacore.com,Engineering,Platform Engineering,Software Engineer,E2,NX04552,Zoe Lewis,"Singapore, Singapore",2024-03-11,Contract,21,Office,8411
NX03746,Mona Sharma,mona.sharma3746@nexacore.com,Product,Analytics,Product Manager,P2,NX04023,Maria Fischer,"Mumbai, India",2024-06-08,Full-Time,21,Hybrid,4677
NX03747,Luka Bhatt,luka.bhatt3747@nexacore.com,Customer Success,Support Engineering,Customer Success Manager,C2,NX01566,Sarah Thompson,"Edinburgh, UK",2021-09-05,Part-Time,19,Office,4022
NX03748,Omar Cruz,omar.cruz3748@nexacore.com,IT Support,Security Operations,Senior IT Engineer,T3,NX01455,Jaya Sanchez,"Manchester, UK",2018-07-07,Contract,27,Office,2675
NX03749,Valentina Sharma,valentina.sharma3749@nexacore.com,Engineering,Cloud Infrastructure,Software Engineer,E2,NX03038,Andrea Lewis,"Singapore, Singapore",2024-11-27,Full-Time,17,Hybrid,1711
NX03750,Zara Desai,zara.desai3750@nexacore.com,Marketing,Demand Generation,Senior Marketing Manager,M3,NX01579,Jason Green,"San Francisco, US",2021-05-10,Contract,22,Hybrid,5512
NX03751,Sven Singh,sven.singh3751@nexacore.com,IT Support,Security Operations,IT Support Engineer,T2,NX03856,Linda Desai,"Mumbai, India",2022-05-14,Contract,16,Office,2358
NX03752,Mona Fischer,mona.fischer3752@nexacore.com,Finance,Treasury,Finance Manager,F3,NX02295,Tina White,"Edinburgh, UK",2017-02-15,Contract,26,Hybrid,5960
NX03753,Martin Garcia,martin.garcia3753@nexacore.com,Customer Success,Onboarding,Senior CSM,C3,NX01429,Gaurav Roth,"Chennai, India",2019-02-18,Full-Time,27,Hybrid,9793
NX03754,Zoe Mitchell,zoe.mitchell3754@nexacore.com,Product,Growth,Product Manager,P2,NX01596,Jonathan Bhatt,"Hyderabad, India",2023-08-13,Full-Time,16,Office,7012
NX03755,Ananya Jain,ananya.jain3755@nexacore.com,Data & Analytics,Data Engineering,Data Scientist,D3,NX03092,Rebecca Hansen,"Pune, India",2019-02-03,Contract,23,Hybrid,2995
NX03756,Lena Dubois,lena.dubois3756@nexacore.com,Engineering,QA & Testing,Senior Software Engineer,E3,NX05573,Shirin Lewis,"Austin, US",2022-02-09,Part-Time,19,Office,1401
NX03757,Lena Nielsen,lena.nielsen3757@nexacore.com,Operations,Supply Chain,Operations Analyst,O1,NX03547,Uma Nelson,"Singapore, Singapore",2024-06-17,Contract,10,Remote,3051
NX03758,Milan Meyer,milan.meyer3758@nexacore.com,Customer Success,Account Management,Customer Success Manager,C2,NX01037,Rosa Shah,"Boston, US",2022-02-04,Part-Time,10,Office,4463
NX03759,Manish Chen,manish.chen3759@nexacore.com,Legal,Corporate Legal,Associate Counsel,L2,NX02304,Wei Schmidt,"Austin, US",2023-03-23,Full-Time,25,Hybrid,9448
NX03760,Carlos Desai,carlos.desai3760@nexacore.com,Engineering,QA & Testing,Principal Engineer,E5,NX02281,Samuel Jensen,"Pune, India",2014-07-27,Full-Time,33,Hybrid,4792
NX03761,Freya Lewis,freya.lewis3761@nexacore.com,Sales,Enterprise Sales,Sales Development Rep,S1,NX03657,Lisa Meyer,"Munich, Germany",2026-01-24,Contract,14,Remote,1631
NX03762,Tobias Meier,tobias.meier3762@nexacore.com,IT Support,IT Operations,IT Support Engineer,T2,NX05118,Sven Price,"Bangalore, India",2023-04-16,Contract,15,Remote,8425
NX03763,Blake Koch,blake.koch3763@nexacore.com,Sales,Presales,Sales Development Rep,S1,NX01394,Michael Chakraborty,"Singapore, Singapore",2025-07-17,Full-Time,17,Hybrid,6794
NX03764,Rafael Khan,rafael.khan3764@nexacore.com,Engineering,Mobile & Web,Senior Software Engineer,E3,NX01059,Lena Gupta,"Frankfurt, Germany",2021-08-20,Full-Time,14,Hybrid,5403
NX03765,Anita Nielsen,anita.nielsen3765@nexacore.com,Data & Analytics,ML & AI,Lead Data Scientist,D4,NX02768,Simon Bennet,"Bangalore, India",2016-08-13,Full-Time,21,Hybrid,5350
NX03766,Laura Shah,laura.shah3766@nexacore.com,Legal,Employment Law,Associate Counsel,L2,NX02304,Wei Schmidt,"Singapore, Singapore",2020-03-08,Full-Time,26,Hybrid,2745
NX03767,Kabir Mitchell,kabir.mitchell3767@nexacore.com,Engineering,QA & Testing,Staff Engineer,E4,NX05885,Zara White,"Boston, US",2017-05-20,Full-Time,26,Hybrid,2160
NX03768,Aditi Miller,aditi.miller3768@nexacore.com,Product,Core Product,Senior Product Manager,P3,NX01733,Zoe Kim,"Austin, US",2018-03-27,Full-Time,24,Office,4829
NX03769,Antoine Wang,antoine.wang3769@nexacore.com,Product,Core Product,Product Manager,P2,NX03917,Benjamin Walker,"Manchester, UK",2023-07-03,Full-Time,24,Office,2330
NX03770,Alex Reed,alex.reed3770@nexacore.com,Sales,Presales,Sales Manager,S4,NX01205,Amara Cruz,"London, UK",2017-11-10,Full-Time,25,Office,4700
NX03771,Raj Bhatt,raj.bhatt3771@nexacore.com,Operations,Procurement,Operations Specialist,O2,NX04250,Pankaj Nair,"Boston, US",2023-03-20,Full-Time,11,Hybrid,7553
NX03772,Siddhant Santos,siddhant.santos3772@nexacore.com,Finance,Tax & Compliance,Finance Manager,F3,NX03019,Nisha Williams,"Edinburgh, UK",2020-05-18,Part-Time,15,Remote,5450
NX03773,Uma Kapoor,uma.kapoor3773@nexacore.com,Data & Analytics,Data Engineering,Senior Data Analyst,D2,NX01434,Grace Mendes,"Munich, Germany",2023-06-15,Full-Time,22,Remote,1415
NX03774,Anita Nielsen,anita.nielsen3774@nexacore.com,Engineering,DevOps & SRE,Senior Software Engineer,E3,NX01996,Chen Kim,"Bangalore, India",2021-05-04,Full-Time,24,Office,8872
NX03775,Milan Roth,milan.roth3775@nexacore.com,Engineering,Mobile & Web,Senior Software Engineer,E3,NX05401,Vikas Clark,"San Francisco, US",2021-10-24,Full-Time,26,Hybrid,2210
NX03776,Sara Davis,sara.davis3776@nexacore.com,Engineering,QA & Testing,Senior Software Engineer,E3,NX05401,Vikas Clark,"Berlin, Germany",2023-04-09,Full-Time,22,Hybrid,2520
NX03777,Leo Klein,leo.klein3777@nexacore.com,Customer Success,Support Engineering,CS Director,C4,NX01123,Lena Kumar,"Hyderabad, India",2016-10-22,Full-Time,21,Hybrid,5576
NX03778,Kabir Jensen,kabir.jensen3778@nexacore.com,Engineering,Cloud Infrastructure,Senior Software Engineer,E3,NX04130,Maria Brown,"Singapore, Singapore",2020-08-02,Full-Time,21,Remote,7128
NX03779,Gabriel Jensen,gabriel.jensen3779@nexacore.com,Sales,Enterprise Sales,Sales Manager,S4,NX01969,Mohamed Sharma,"Frankfurt, Germany",2017-04-24,Part-Time,23,Hybrid,6901
NX03780,Kate Anderson,kate.anderson3780@nexacore.com,Marketing,Brand & Communications,Senior Marketing Manager,M3,NX04782,Fiona Gupta,"Boston, US",2017-08-31,Contract,30,Remote,7303
NX03781,Ravi Martin,ravi.martin3781@nexacore.com,Data & Analytics,Business Intelligence,Lead Data Scientist,D4,NX01201,Sara Martinez,"Edinburgh, UK",2014-04-11,Part-Time,20,Hybrid,8477
NX03782,Karl Davis,karl.davis3782@nexacore.com,IT Support,IT Operations,Senior IT Engineer,T3,NX05470,Gaurav Bauer,"San Francisco, US",2018-02-26,Contract,31,Hybrid,5473
NX03783,Tom Philips,tom.philips3783@nexacore.com,IT Support,Security Operations,Senior IT Engineer,T3,NX01284,James Singh,"Chennai, India",2017-05-31,Full-Time,24,Remote,9618
NX03784,Paul Liu,paul.liu3784@nexacore.com,HR,People Operations,Senior HR Specialist,H3,NX03350,Sophie Peters,"Chennai, India",2017-06-05,Full-Time,21,Remote,2515
NX03785,Laura Wang,laura.wang3785@nexacore.com,Customer Success,Onboarding,Customer Success Manager,C2,NX05324,Leo Moore,"Austin, US",2023-11-15,Full-Time,10,Office,7398
NX03786,Samuel Bhatt,samuel.bhatt3786@nexacore.com,Operations,Procurement,Senior Operations Mgr,O3,NX01605,Valentina Foster,"Bangalore, India",2020-09-03,Full-Time,16,Hybrid,4751
NX03787,Mira Patel,mira.patel3787@nexacore.com,Legal,Employment Law,Legal Analyst,L1,NX01707,Thomas Kapoor,"Chennai, India",2024-06-24,Full-Time,18,Remote,1401
NX03788,Rahul Wang,rahul.wang3788@nexacore.com,HR,People Operations,HR Generalist,H2,NX02817,Tina Wood,"Manchester, UK",2023-01-20,Full-Time,13,Office,1255
NX03789,Carlos Koch,carlos.koch3789@nexacore.com,IT Support,Security Operations,IT Support Analyst,T1,NX03469,Lucas Jones,"London, UK",2025-11-23,Full-Time,18,Office,4888
NX03790,Kiara Thomas,kiara.thomas3790@nexacore.com,Engineering,Cloud Infrastructure,Staff Engineer,E4,NX05103,Blake Sharma,"Frankfurt, Germany",2018-09-21,Part-Time,14,Hybrid,3472
NX03791,Omar Lim,omar.lim3791@nexacore.com,Engineering,Cloud Infrastructure,Staff Engineer,E4,NX03249,Karan Young,"Mumbai, India",2020-01-01,Full-Time,21,Hybrid,1878
NX03792,Aditi Carter,aditi.carter3792@nexacore.com,Customer Success,Onboarding,CS Associate,C1,NX01850,Hannah Rao,"Pune, India",2025-01-07,Part-Time,9,Remote,7948
NX03793,Aryan Murphy,aryan.murphy3793@nexacore.com,Sales,Enterprise Sales,Account Executive,S2,NX02410,Axel Nelson,"Munich, Germany",2023-05-30,Full-Time,11,Office,2341
NX03794,Elena Das,elena.das3794@nexacore.com,Engineering,Cloud Infrastructure,Staff Engineer,E4,NX03988,Stefan Cruz,"Bangalore, India",2018-07-02,Full-Time,31,Remote,4165
NX03795,Wei Kumar,wei.kumar3795@nexacore.com,Engineering,DevOps & SRE,Principal Engineer,E5,NX02281,Samuel Jensen,"Mumbai, India",2014-06-24,Part-Time,17,Remote,7633
NX03796,Sophie Evans,sophie.evans3796@nexacore.com,Marketing,Demand Generation,Marketing Specialist,M2,NX01094,Gabriel Weber,"San Francisco, US",2023-05-12,Full-Time,11,Hybrid,3045
NX03797,Thomas Turner,thomas.turner3797@nexacore.com,Marketing,Content & SEO,Senior Marketing Manager,M3,NX02987,Sven Thompson,"Austin, US",2016-08-23,Part-Time,19,Office,6193
NX03798,Rohit Chen,rohit.chen3798@nexacore.com,Sales,SMB Sales,Senior Account Executive,S3,NX01285,Hannah Chen,"Chennai, India",2020-09-26,Full-Time,27,Office,1343
NX03799,Riya Hughes,riya.hughes3799@nexacore.com,Data & Analytics,Data Engineering,Lead Data Scientist,D4,NX01210,Michael Varma,"Singapore, Singapore",2017-04-22,Part-Time,15,Office,7298
NX03800,Antoine Singh,antoine.singh3800@nexacore.com,Engineering,Cloud Infrastructure,Senior Software Engineer,E3,NX03036,Chris Roth,"Bangalore, India",2022-01-13,Full-Time,26,Hybrid,8149
NX03801,Karan Naidu,karan.naidu3801@nexacore.com,HR,People Operations,Senior HR Specialist,H3,NX01345,Amelia Turner,"London, UK",2020-04-22,Part-Time,11,Office,8576
NX03802,Sabrina Kim,sabrina.kim3802@nexacore.com,IT Support,End-User Computing,Senior IT Engineer,T3,NX03605,Ashley Khan,"Austin, US",2017-11-20,Full-Time,33,Hybrid,4737
NX03803,Harry Lopez,harry.lopez3803@nexacore.com,Engineering,Cloud Infrastructure,Staff Engineer,E4,NX01528,Carlos Das,"Chennai, India",2017-07-07,Part-Time,25,Office,3864
NX03804,Pedro Schmidt,pedro.schmidt3804@nexacore.com,Engineering,Cloud Infrastructure,Staff Engineer,E4,NX05702,Mohamed Varma,"Munich, Germany",2020-02-21,Contract,15,Hybrid,6257
NX03805,Gaurav Hall,gaurav.hall3805@nexacore.com,Operations,Facilities,Senior Operations Mgr,O3,NX01876,Simon Naidu,"New York, US",2018-03-23,Contract,26,Office,9523
NX03806,Lisa Young,lisa.young3806@nexacore.com,Customer Success,Account Management,Senior CSM,C3,NX01747,Olivia Lee,"Berlin, Germany",2020-10-26,Part-Time,21,Remote,2902
NX03807,Ashley Lee,ashley.lee3807@nexacore.com,Operations,Business Operations,Operations Specialist,O2,NX04382,Noah Nielsen,"Austin, US",2023-05-19,Full-Time,11,Office,1401
NX03808,Mohamed Rodriguez,mohamed.rodriguez3808@nexacore.com,Engineering,DevOps & SRE,Senior Software Engineer,E3,NX01086,Shirin Gupta,"Frankfurt, Germany",2022-11-29,Full-Time,26,Hybrid,7367
NX03809,Gaurav Zhou,gaurav.zhou3809@nexacore.com,Customer Success,Renewals,CS Associate,C1,NX01380,Sophie Petrov,"Singapore, Singapore",2025-01-18,Full-Time,18,Office,2605
NX03810,Eva Becker,eva.becker3810@nexacore.com,HR,L&D,HR Generalist,H2,NX01674,Karen Kumar,"Edinburgh, UK",2024-02-04,Full-Time,20,Office,7501
NX03811,Raj Williams,raj.williams3811@nexacore.com,Engineering,Platform Engineering,Senior Software Engineer,E3,NX05074,Sara Foster,"San Francisco, US",2022-11-09,Full-Time,25,Hybrid,9768
NX03812,Aditi Gupta,aditi.gupta3812@nexacore.com,IT Support,Security Operations,Senior IT Engineer,T3,NX01143,Mona Philips,"London, UK",2019-12-26,Full-Time,18,Remote,8674
NX03813,Kabir Williams,kabir.williams3813@nexacore.com,Finance,Treasury,Senior Finance Manager,F4,NX01510,Ayesha Varma,"San Francisco, US",2013-06-29,Contract,17,Hybrid,6174
NX03814,Noah Chen,noah.chen3814@nexacore.com,Sales,SMB Sales,Account Executive,S2,NX01871,Elena Foster,"Seattle, US",2023-05-03,Part-Time,17,Office,2054
NX03815,Sophie Turner,sophie.turner3815@nexacore.com,Operations,Business Operations,Operations Specialist,O2,NX05559,Arjun Varma,"Edinburgh, UK",2023-09-12,Full-Time,12,Hybrid,3431
NX03816,Oliver Mitchell,oliver.mitchell3816@nexacore.com,IT Support,Security Operations,IT Support Analyst,T1,NX04033,Robert Lim,"Munich, Germany",2024-08-07,Full-Time,15,Hybrid,5778
NX03817,Gabriel Hoffmann,gabriel.hoffmann3817@nexacore.com,Data & Analytics,Business Intelligence,Data Analyst,D1,NX01322,Elena Yamada,"Bangalore, India",2025-03-16,Full-Time,20,Office,1525
NX03818,Uma Wang,uma.wang3818@nexacore.com,Engineering,Cloud Infrastructure,Principal Engineer,E5,NX01738,Grace Bauer,"New York, US",2012-06-17,Part-Time,31,Hybrid,9376
NX03819,Simon Jain,simon.jain3819@nexacore.com,Marketing,Demand Generation,Senior Marketing Manager,M3,NX03071,Zara Weber,"Pune, India",2019-03-29,Full-Time,19,Office,4321
NX03820,Ayesha Green,ayesha.green3820@nexacore.com,Marketing,Content & SEO,Marketing Director,M4,NX01289,Isabel Liu,"Austin, US",2013-04-09,Part-Time,26,Office,9925
NX03821,Nora Garcia,nora.garcia3821@nexacore.com,Legal,Corporate Legal,Legal Analyst,L1,NX04415,James Nielsen,"Bangalore, India",2025-11-09,Full-Time,14,Hybrid,1368
NX03822,Maria Fischer,maria.fischer3822@nexacore.com,IT Support,Security Operations,IT Support Analyst,T1,NX05290,Siddhant Lewis,"Frankfurt, Germany",2024-11-18,Full-Time,12,Remote,3624
NX03823,Tanvi Scott,tanvi.scott3823@nexacore.com,Marketing,Content & SEO,Marketing Specialist,M2,NX02743,Markus Hughes,"San Francisco, US",2022-11-06,Part-Time,9,Office,6361
NX03824,Oliver Liu,oliver.liu3824@nexacore.com,Customer Success,Onboarding,CS Director,C4,NX02128,Karan White,"Bangalore, India",2016-02-29,Full-Time,19,Hybrid,2881
NX03825,Martin Walker,martin.walker3825@nexacore.com,Engineering,QA & Testing,Software Engineer,E2,NX03606,Michael Scott,"Seattle, US",2024-05-09,Part-Time,14,Hybrid,4407
NX03826,Andrei Bauer,andrei.bauer3826@nexacore.com,Engineering,Cloud Infrastructure,Software Engineer,E2,NX02602,Priya Khan,"Berlin, Germany",2024-05-15,Full-Time,15,Office,1627
NX03827,Fiona Wright,fiona.wright3827@nexacore.com,Customer Success,Account Management,Senior CSM,C3,NX03889,Elena Wood,"Bangalore, India",2019-05-21,Part-Time,22,Hybrid,5499
NX03828,James Nielsen,james.nielsen3828@nexacore.com,Data & Analytics,ML & AI,Head of Data,D5,,,"San Francisco, US",2013-04-28,Contract,17,Hybrid,3319
NX03829,Amara Schmidt,amara.schmidt3829@nexacore.com,Engineering,Platform Engineering,Software Engineer,E2,NX02544,Riya Thompson,"Berlin, Germany",2023-09-08,Part-Time,10,Office,7316
NX03830,Sneha Wilson,sneha.wilson3830@nexacore.com,Customer Success,Support Engineering,CS Director,C4,NX01271,Antoine Peters,"Bangalore, India",2016-08-30,Full-Time,24,Hybrid,5562
NX03831,Kiara Chen,kiara.chen3831@nexacore.com,Finance,FP&A,Senior Finance Analyst,F2,NX05635,Siddhant Bhatt,"Edinburgh, UK",2022-04-02,Full-Time,15,Office,1070
NX03832,Amara Varma,amara.varma3832@nexacore.com,Operations,Facilities,Senior Operations Mgr,O3,NX03950,Noah Yamada,"Boston, US",2020-09-29,Part-Time,17,Hybrid,2556
NX03833,Tanvi Muller,tanvi.muller3833@nexacore.com,Operations,Facilities,Senior Operations Mgr,O3,NX01744,Laura Hughes,"Chennai, India",2017-03-04,Contract,19,Office,1058
NX03834,Devika Koch,devika.koch3834@nexacore.com,Sales,Enterprise Sales,Account Executive,S2,NX03534,Alejandro Murphy,"Pune, India",2022-12-06,Full-Time,14,Hybrid,7810
NX03835,Blake Wilson,blake.wilson3835@nexacore.com,IT Support,Security Operations,Senior IT Engineer,T3,NX01971,Emma Roberts,"San Francisco, US",2017-01-05,Full-Time,25,Hybrid,7102
NX03836,Freya Wang,freya.wang3836@nexacore.com,Customer Success,Account Management,Senior CSM,C3,NX04919,Paola Thomas,"New York, US",2017-09-23,Full-Time,34,Remote,6314
NX03837,Tobias Robinson,tobias.robinson3837@nexacore.com,Engineering,Cloud Infrastructure,Staff Engineer,E4,NX05697,Neha Kaur,"Munich, Germany",2019-10-28,Part-Time,19,Office,5440
NX03838,Anjali Wang,anjali.wang3838@nexacore.com,Engineering,Mobile & Web,Principal Engineer,E5,NX01149,David Kapoor,"Frankfurt, Germany",2014-11-01,Full-Time,29,Hybrid,6965
NX03839,Andrea Zhang,andrea.zhang3839@nexacore.com,Product,Core Product,Senior Product Manager,P3,NX01321,Jana Liu,"Hyderabad, India",2017-12-14,Full-Time,25,Hybrid,6232
NX03840,Tom Varma,tom.varma3840@nexacore.com,Marketing,Content & SEO,Senior Marketing Manager,M3,NX01190,Leo Klein,"New York, US",2018-12-20,Full-Time,18,Office,3902
NX03841,Rajesh Brown,rajesh.brown3841@nexacore.com,Engineering,Cloud Infrastructure,Senior Software Engineer,E3,NX04685,Kate Wood,"Hyderabad, India",2020-12-21,Full-Time,24,Hybrid,1325
NX03842,Lars Martinez,lars.martinez3842@nexacore.com,Product,Core Product,Product Manager,P2,NX04662,Fiona Liu,"Frankfurt, Germany",2021-11-11,Full-Time,20,Office,3150
NX03843,Harry Schmidt,harry.schmidt3843@nexacore.com,Customer Success,Account Management,CS Director,C4,NX02128,Karan White,"Manchester, UK",2014-03-07,Part-Time,26,Hybrid,6971
NX03844,Haruto Brown,haruto.brown3844@nexacore.com,HR,L&D,HR Generalist,H2,NX02038,Beatrice Perez,"Manchester, UK",2021-10-17,Contract,14,Office,2446
NX03845,Chen Varma,chen.varma3845@nexacore.com,Engineering,Cloud Infrastructure,Software Engineer,E2,NX03945,Benjamin Wilson,"Munich, Germany",2023-08-22,Contract,16,Office,6428
NX03846,Simon Muller,simon.muller3846@nexacore.com,Marketing,Demand Generation,Senior Marketing Manager,M3,NX01078,Karan Gupta,"Munich, Germany",2018-02-08,Full-Time,32,Hybrid,2437
NX03847,Rafael Anderson,rafael.anderson3847@nexacore.com,Engineering,QA & Testing,Senior Software Engineer,E3,NX04893,Julia Cruz,"Manchester, UK",2021-07-16,Contract,28,Office,2786
NX03848,Nora Thomas,nora.thomas3848@nexacore.com,Sales,SMB Sales,Account Executive,S2,NX01607,Bernd Jones,"New York, US",2023-10-27,Full-Time,13,Hybrid,1995
NX03849,Aditi Price,aditi.price3849@nexacore.com,Customer Success,Account Management,Senior CSM,C3,NX01566,Sarah Thompson,"Seattle, US",2019-04-19,Full-Time,31,Office,9316
NX03850,Valentina Sandoval,valentina.sandoval3850@nexacore.com,Finance,Accounting,Senior Finance Analyst,F2,NX03139,Rosa Chen,"Bangalore, India",2023-03-01,Part-Time,17,Office,2914
NX03851,Kevin Wilson,kevin.wilson3851@nexacore.com,Engineering,QA & Testing,Software Engineer,E2,NX02312,Leo Garcia,"Frankfurt, Germany",2024-06-10,Contract,13,Office,6379
NX03852,Rahul Carter,rahul.carter3852@nexacore.com,Operations,Business Operations,Senior Operations Mgr,O3,NX01075,Linda Foster,"San Francisco, US",2021-05-17,Contract,15,Remote,6779
NX03853,Ethan Price,ethan.price3853@nexacore.com,Engineering,Mobile & Web,Staff Engineer,E4,NX02916,Olivia Shah,"Singapore, Singapore",2019-08-10,Full-Time,25,Office,4847
NX03854,Simon Mitchell,simon.mitchell3854@nexacore.com,Engineering,Cloud Infrastructure,Associate Engineer,E1,NX02262,Zara Garcia,"Mumbai, India",2025-11-06,Part-Time,5,Office,4886
NX03855,Tina Sandoval,tina.sandoval3855@nexacore.com,Engineering,Mobile & Web,Senior Software Engineer,E3,NX03030,William Kumar,"Boston, US",2021-07-25,Full-Time,21,Hybrid,6074
NX03856,Linda Desai,linda.desai3856@nexacore.com,IT Support,End-User Computing,IT Manager,T4,NX01621,Hannah Lim,"Munich, Germany",2015-09-18,Full-Time,22,Office,3219
NX03857,Priya Singh,priya.singh3857@nexacore.com,Product,Platform,Product Manager,P2,NX05178,Ravi Johnson,"Boston, US",2023-01-23,Part-Time,13,Hybrid,2787
NX03858,Rahul Bennet,rahul.bennet3858@nexacore.com,Engineering,Mobile & Web,Staff Engineer,E4,NX02602,Priya Khan,"Austin, US",2019-08-11,Full-Time,27,Office,9449
NX03859,Neha Sharma,neha.sharma3859@nexacore.com,Operations,Supply Chain,Senior Operations Mgr,O3,NX04003,Thomas Roberts,"Munich, Germany",2017-11-07,Contract,22,Remote,6961
NX03860,Tom Lewis,tom.lewis3860@nexacore.com,IT Support,IT Operations,Senior IT Engineer,T3,NX01881,Daniel Young,"Singapore, Singapore",2021-04-11,Full-Time,14,Remote,2180
NX03861,Paul Peters,paul.peters3861@nexacore.com,HR,L&D,HR Coordinator,H1,NX05926,Amelia Liu,"San Francisco, US",2025-03-21,Full-Time,12,Remote,4449
NX03862,Anjali Nelson,anjali.nelson3862@nexacore.com,Marketing,Brand & Communications,Marketing Coordinator,M1,NX01839,Maya Hall,"Munich, Germany",2024-08-18,Full-Time,13,Office,4167
NX03863,Milan Thomas,milan.thomas3863@nexacore.com,Sales,Enterprise Sales,Senior Account Executive,S3,NX02042,Kiara Sanchez,"Bangalore, India",2020-11-24,Full-Time,13,Office,3567
NX03864,Eva Hansen,eva.hansen3864@nexacore.com,Engineering,Cloud Infrastructure,Associate Engineer,E1,NX01052,Liam Liu,"Singapore, Singapore",2025-08-23,Full-Time,18,Hybrid,7697
NX03865,Nisha Evans,nisha.evans3865@nexacore.com,IT Support,Security Operations,Senior IT Engineer,T3,NX05760,Karen Liu,"London, UK",2018-09-07,Part-Time,24,Hybrid,3264
NX03866,Rahul Lewis,rahul.lewis3866@nexacore.com,Engineering,Cloud Infrastructure,Senior Software Engineer,E3,NX05091,Pankaj Lee,"New York, US",2022-11-30,Full-Time,17,Hybrid,2947
NX03867,Lucas Shah,lucas.shah3867@nexacore.com,Engineering,DevOps & SRE,Staff Engineer,E4,NX05176,Shreya Wright,"Chennai, India",2019-03-06,Full-Time,31,Office,3096
NX03868,Kate Khan,kate.khan3868@nexacore.com,Product,Analytics,Product Manager,P2,NX01077,Lucas Murphy,"Frankfurt, Germany",2021-12-13,Full-Time,19,Hybrid,1546
NX03869,Kate Weber,kate.weber3869@nexacore.com,Sales,Sales Operations,Sales Manager,S4,NX01205,Amara Cruz,"London, UK",2019-02-17,Full-Time,31,Hybrid,1602
NX03870,Ananya Muller,ananya.muller3870@nexacore.com,Operations,Supply Chain,Operations Specialist,O2,NX01886,Mohamed Wood,"Frankfurt, Germany",2023-11-27,Full-Time,17,Hybrid,6905
NX03871,Linda Perez,linda.perez3871@nexacore.com,Customer Success,Renewals,Senior CSM,C3,NX04073,Karen Reddy,"Pune, India",2020-10-02,Full-Time,29,Hybrid,3416
NX03872,Sophie Turner,sophie.turner3872@nexacore.com,Customer Success,Onboarding,Customer Success Manager,C2,NX02384,Sarah Bauer,"Berlin, Germany",2021-11-06,Full-Time,26,Hybrid,3520
NX03873,Grace Garcia,grace.garcia3873@nexacore.com,Data & Analytics,Business Intelligence,Senior Data Analyst,D2,NX05891,Vikas Williams,"Bangalore, India",2023-02-01,Full-Time,16,Office,5068
NX03874,Aditi Kapoor,aditi.kapoor3874@nexacore.com,Customer Success,Support Engineering,Senior CSM,C3,NX03937,Yuki Muller,"Manchester, UK",2020-06-13,Full-Time,27,Hybrid,7682
NX03875,Jessica Weber,jessica.weber3875@nexacore.com,Finance,Tax & Compliance,Finance Manager,F3,NX02117,Daniel Lee,"Berlin, Germany",2021-03-27,Full-Time,14,Office,6105
NX03876,Jonas Jensen,jonas.jensen3876@nexacore.com,Sales,SMB Sales,Senior Account Executive,S3,NX03702,Martin Foster,"Frankfurt, Germany",2020-06-13,Full-Time,30,Hybrid,5306
NX03877,Riya Bhatt,riya.bhatt3877@nexacore.com,Sales,Enterprise Sales,Sales Manager,S4,NX02915,James Hoffmann,"Singapore, Singapore",2018-06-30,Full-Time,23,Remote,7177
NX03878,Emma Naidu,emma.naidu3878@nexacore.com,Product,Core Product,Product Manager,P2,NX04023,Maria Fischer,"New York, US",2024-03-21,Part-Time,9,Hybrid,7136
NX03879,Nikita Turner,nikita.turner3879@nexacore.com,Sales,Enterprise Sales,Sales Manager,S4,NX01533,Valentina Wood,"Edinburgh, UK",2018-01-26,Full-Time,22,Office,8573
NX03880,Alex Williams,alex.williams3880@nexacore.com,Finance,FP&A,Senior Finance Analyst,F2,NX01896,Lena Nair,"London, UK",2024-02-05,Part-Time,13,Hybrid,4420
NX03881,Kiara Lee,kiara.lee3881@nexacore.com,Engineering,QA & Testing,Staff Engineer,E4,NX01125,Sabrina Kaur,"Mumbai, India",2020-03-05,Full-Time,28,Office,2876
NX03882,Pedro Hall,pedro.hall3882@nexacore.com,HR,Talent Acquisition,Senior HR Specialist,H3,NX02277,Linda Klein,"San Francisco, US",2018-04-06,Part-Time,21,Hybrid,2188
NX03883,Freya Roth,freya.roth3883@nexacore.com,Engineering,DevOps & SRE,Staff Engineer,E4,NX03104,Chen Roth,"Chennai, India",2016-10-25,Full-Time,35,Hybrid,8870
NX03884,Ayesha Gonzalez,ayesha.gonzalez3884@nexacore.com,Product,Growth,Principal PM,P4,NX01308,Kate Gupta,"Berlin, Germany",2015-11-20,Full-Time,31,Hybrid,9370
NX03885,Karen Taylor,karen.taylor3885@nexacore.com,Customer Success,Renewals,Customer Success Manager,C2,NX02440,Tobias Foster,"Munich, Germany",2023-12-19,Part-Time,16,Hybrid,6170
NX03886,Luka Shah,luka.shah3886@nexacore.com,Engineering,QA & Testing,Senior Software Engineer,E3,NX02853,Freya Klein,"London, UK",2020-10-14,Full-Time,17,Remote,3728
NX03887,Ethan Chakraborty,ethan.chakraborty3887@nexacore.com,Data & Analytics,Data Governance,Data Scientist,D3,NX04091,Karan Brown,"San Francisco, US",2019-02-10,Full-Time,35,Hybrid,2296
NX03888,Gaurav Murphy,gaurav.murphy3888@nexacore.com,Sales,Enterprise Sales,Sales Manager,S4,NX05191,Rebecca Hoffmann,"Boston, US",2018-12-29,Full-Time,19,Office,6309
NX03889,Elena Wood,elena.wood3889@nexacore.com,Customer Success,Support Engineering,CS Director,C4,NX01130,Valentina Klein,"Frankfurt, Germany",2016-11-24,Full-Time,35,Hybrid,7989
NX03890,Lena Nelson,lena.nelson3890@nexacore.com,Data & Analytics,Business Intelligence,Senior Data Analyst,D2,NX03799,Riya Hughes,"Seattle, US",2022-07-18,Full-Time,13,Hybrid,8631
NX03891,Kiara Perez,kiara.perez3891@nexacore.com,Data & Analytics,Data Governance,Data Analyst,D1,NX02684,Paul Mendes,"Seattle, US",2025-12-16,Full-Time,10,Office,5466
NX03892,Robert Lewis,robert.lewis3892@nexacore.com,Engineering,DevOps & SRE,Principal Engineer,E5,NX01500,Tobias Hansen,"Munich, Germany",2012-07-10,Full-Time,31,Hybrid,9420
NX03893,Tobias Schmidt,tobias.schmidt3893@nexacore.com,Operations,Procurement,Operations Specialist,O2,NX04003,Thomas Roberts,"Chennai, India",2024-03-09,Contract,24,Hybrid,3233
NX03894,Usha Foster,usha.foster3894@nexacore.com,IT Support,IT Operations,Senior IT Engineer,T3,NX02366,Sabrina Anderson,"Hyderabad, India",2018-04-21,Part-Time,25,Remote,8168
NX03895,Alex Anderson,alex.anderson3895@nexacore.com,Customer Success,Support Engineering,Senior CSM,C3,NX01576,Linda Reddy,"San Francisco, US",2019-08-26,Full-Time,20,Hybrid,1545
NX03896,Nicolas Miller,nicolas.miller3896@nexacore.com,Product,Analytics,Associate PM,P1,NX02887,Chris Nelson,"Singapore, Singapore",2024-10-26,Full-Time,13,Hybrid,7576
NX03897,Paul Lee,paul.lee3897@nexacore.com,Engineering,DevOps & SRE,Software Engineer,E2,NX02625,Jaya Lewis,"Manchester, UK",2024-04-05,Part-Time,8,Hybrid,4127
NX03898,David Gupta,david.gupta3898@nexacore.com,Data & Analytics,ML & AI,Senior Data Analyst,D2,NX05241,Robert Zhang,"Chennai, India",2022-07-17,Contract,19,Remote,2363
NX03899,Rajesh Becker,rajesh.becker3899@nexacore.com,Engineering,Platform Engineering,Staff Engineer,E4,NX03925,Stefan Williams,"Hyderabad, India",2019-04-04,Contract,35,Office,9557
NX03900,Samuel Anderson,samuel.anderson3900@nexacore.com,Customer Success,Onboarding,Senior CSM,C3,NX03687,Karl Young,"Frankfurt, Germany",2021-01-29,Full-Time,19,Remote,8960
NX03901,Carlos Meier,carlos.meier3901@nexacore.com,Customer Success,Account Management,Senior CSM,C3,NX05668,Mona Kaur,"Mumbai, India",2019-08-19,Full-Time,32,Office,8721
NX03902,Luka Chakraborty,luka.chakraborty3902@nexacore.com,Finance,Tax & Compliance,Senior Finance Manager,F4,NX02515,Diego Scott,"Austin, US",2013-08-06,Full-Time,24,Office,8252
NX03903,Pedro Nguyen,pedro.nguyen3903@nexacore.com,Customer Success,Account Management,Senior CSM,C3,NX02782,Emma Wilson,"Boston, US",2019-06-01,Full-Time,33,Hybrid,2500
NX03904,Amelia Roth,amelia.roth3904@nexacore.com,Customer Success,Onboarding,CS Associate,C1,NX01541,Ashley Philips,"Mumbai, India",2025-02-17,Part-Time,7,Office,6932
NX03905,Amara Williams,amara.williams3905@nexacore.com,Engineering,Cloud Infrastructure,Software Engineer,E2,NX02600,Beatrice Murphy,"Bangalore, India",2024-03-22,Full-Time,16,Hybrid,8758
NX03906,Gabriel Varma,gabriel.varma3906@nexacore.com,Sales,SMB Sales,Sales Development Rep,S1,NX02296,Mira Varma,"New York, US",2025-09-13,Full-Time,19,Hybrid,8711
NX03907,Pankaj Shah,pankaj.shah3907@nexacore.com,Customer Success,Renewals,Senior CSM,C3,NX02448,Pedro Weber,"Seattle, US",2019-05-01,Part-Time,16,Office,4769
NX03908,Rosa Lim,rosa.lim3908@nexacore.com,Operations,Procurement,Operations Specialist,O2,NX01038,Julia Hall,"Boston, US",2022-08-29,Full-Time,19,Hybrid,3715
NX03909,Anjali Klein,anjali.klein3909@nexacore.com,Product,Core Product,Product Manager,P2,NX01647,Nikita Kaur,"Edinburgh, UK",2022-08-10,Full-Time,21,Hybrid,8222
NX03910,Manish Brown,manish.brown3910@nexacore.com,Engineering,Mobile & Web,Senior Software Engineer,E3,NX03163,Ashley Robinson,"Hyderabad, India",2021-08-13,Full-Time,22,Hybrid,8276
NX03911,Rosa Yamada,rosa.yamada3911@nexacore.com,Operations,Procurement,Operations Analyst,O1,NX01701,Rahul Hansen,"Munich, Germany",2024-06-21,Full-Time,17,Office,1078
NX03912,Wei Lewis,wei.lewis3912@nexacore.com,Data & Analytics,ML & AI,Senior Data Analyst,D2,NX01230,Maria Williams,"Frankfurt, Germany",2023-01-05,Full-Time,26,Office,6950
NX03913,Vikas Kumar,vikas.kumar3913@nexacore.com,Sales,Presales,Account Executive,S2,NX02071,Arjun Kim,"Singapore, Singapore",2023-03-30,Contract,26,Hybrid,9446
NX03914,Anjali Hughes,anjali.hughes3914@nexacore.com,Sales,Sales Operations,Account Executive,S2,NX01113,Sara Lopez,"Singapore, Singapore",2023-03-21,Full-Time,16,Hybrid,8277
NX03915,Lars Kaur,lars.kaur3915@nexacore.com,Engineering,Mobile & Web,Senior Software Engineer,E3,NX02312,Leo Garcia,"Bangalore, India",2020-06-16,Contract,25,Office,3992
NX03916,Laura Mendes,laura.mendes3916@nexacore.com,Data & Analytics,Business Intelligence,Data Scientist,D3,NX01357,Sara Wood,"London, UK",2018-07-30,Full-Time,32,Office,2909
NX03917,Benjamin Walker,benjamin.walker3917@nexacore.com,Product,Core Product,Principal PM,P4,NX01316,Jonas Lee,"Singapore, Singapore",2016-07-17,Full-Time,18,Remote,5100
NX03918,Riya Turner,riya.turner3918@nexacore.com,Sales,Presales,Senior Account Executive,S3,NX03869,Kate Weber,"Singapore, Singapore",2019-05-27,Contract,25,Office,4643
NX03919,Gaurav Clark,gaurav.clark3919@nexacore.com,HR,People Operations,HR Coordinator,H1,NX05857,Haruto Varma,"Manchester, UK",2024-06-14,Contract,20,Office,1857
NX03920,Shirin Williams,shirin.williams3920@nexacore.com,Sales,SMB Sales,Sales Development Rep,S1,NX03099,Liam Foster,"Seattle, US",2025-10-13,Part-Time,12,Office,3559
NX03921,Ethan Thomas,ethan.thomas3921@nexacore.com,Engineering,DevOps & SRE,Staff Engineer,E4,NX01423,Maya Sandoval,"Seattle, US",2019-12-25,Full-Time,18,Hybrid,3199
NX03922,Aisha Liu,aisha.liu3922@nexacore.com,IT Support,IT Operations,Senior IT Engineer,T3,NX01882,Ananya Martin,"Boston, US",2017-04-05,Contract,20,Hybrid,9979
NX03923,Carlos White,carlos.white3923@nexacore.com,Engineering,QA & Testing,Senior Software Engineer,E3,NX02030,Raj Rao,"Chennai, India",2021-07-07,Full-Time,21,Hybrid,9844
NX03924,Lisa Nguyen,lisa.nguyen3924@nexacore.com,Sales,Sales Operations,Account Executive,S2,NX02044,Stefan Petrov,"Edinburgh, UK",2024-01-27,Full-Time,11,Hybrid,2698
NX03925,Stefan Williams,stefan.williams3925@nexacore.com,Engineering,QA & Testing,Principal Engineer,E5,NX01433,Hannah Clark,"Seattle, US",2012-12-24,Part-Time,30,Office,2320
NX03926,Lena Nair,lena.nair3926@nexacore.com,Product,Core Product,Product Manager,P2,NX01321,Jana Liu,"Munich, Germany",2022-10-12,Full-Time,19,Office,6638
NX03927,Emma Shah,emma.shah3927@nexacore.com,Engineering,Cloud Infrastructure,Staff Engineer,E4,NX03945,Benjamin Wilson,"Berlin, Germany",2019-12-24,Full-Time,17,Office,8454
NX03928,Zara Reddy,zara.reddy3928@nexacore.com,Engineering,DevOps & SRE,Senior Software Engineer,E3,NX01996,Chen Kim,"Frankfurt, Germany",2023-03-21,Full-Time,19,Hybrid,8404
NX03929,Maria Chen,maria.chen3929@nexacore.com,Legal,Corporate Legal,Senior Counsel,L3,NX03098,Alec Lopez,"Seattle, US",2015-05-07,Full-Time,31,Hybrid,4490
NX03930,Robert Anderson,robert.anderson3930@nexacore.com,Product,Platform,Product Manager,P2,NX01128,Isabel Zhang,"Berlin, Germany",2021-09-03,Full-Time,27,Remote,4420
NX03931,Kiara Meyer,kiara.meyer3931@nexacore.com,Customer Success,Account Management,Customer Success Manager,C2,NX03889,Elena Wood,"Singapore, Singapore",2024-07-01,Contract,19,Hybrid,9650
NX03932,Luka Koch,luka.koch3932@nexacore.com,HR,HR Business Partnering,Senior HR Specialist,H3,NX01250,Vikas Wood,"Austin, US",2017-10-24,Full-Time,22,Remote,2946
NX03933,Arjun Meier,arjun.meier3933@nexacore.com,Engineering,DevOps & SRE,Software Engineer,E2,NX02957,Tobias Yamada,"Edinburgh, UK",2024-04-27,Full-Time,18,Remote,2017
NX03934,Simon Bennet,simon.bennet3934@nexacore.com,Sales,Presales,Senior Account Executive,S3,NX02504,Nikita Scott,"London, UK",2021-01-10,Contract,21,Hybrid,4802
NX03935,Carlos Meyer,carlos.meyer3935@nexacore.com,Product,Core Product,Product Manager,P2,NX02188,Nisha Johnson,"Chennai, India",2021-09-10,Part-Time,16,Hybrid,4953
NX03936,Kevin Carter,kevin.carter3936@nexacore.com,Customer Success,Account Management,Senior CSM,C3,NX05423,Paola Harris,"Munich, Germany",2017-06-15,Part-Time,13,Hybrid,2104
NX03937,Yuki Muller,yuki.muller3937@nexacore.com,Customer Success,Account Management,CS Director,C4,NX02097,Jason Clark,"Boston, US",2016-05-24,Full-Time,22,Office,4081
NX03938,Antoine Davis,antoine.davis3938@nexacore.com,Product,Growth,Senior Product Manager,P3,NX05193,Emma Perez,"Hyderabad, India",2019-01-16,Full-Time,18,Office,4047
NX03939,Sven Roberts,sven.roberts3939@nexacore.com,Data & Analytics,Data Engineering,Senior Data Analyst,D2,NX02972,Freya Moore,"Edinburgh, UK",2022-11-08,Full-Time,18,Hybrid,6680
NX03940,Uma Liu,uma.liu3940@nexacore.com,Finance,Treasury,Senior Finance Analyst,F2,NX02346,Alex Das,"Edinburgh, UK",2021-11-11,Full-Time,20,Hybrid,2309
NX03941,Vikas Bennet,vikas.bennet3941@nexacore.com,Data & Analytics,Business Intelligence,Senior Data Analyst,D2,NX04405,Shirin Petrov,"Singapore, Singapore",2024-04-08,Full-Time,20,Hybrid,9573
NX03942,Zara Meyer,zara.meyer3942@nexacore.com,Finance,Treasury,Senior Finance Analyst,F2,NX05635,Siddhant Bhatt,"Mumbai, India",2023-04-06,Full-Time,11,Office,6081
NX03943,Hannah Reed,hannah.reed3943@nexacore.com,Engineering,QA & Testing,Principal Engineer,E5,NX01957,Arjun Gupta,"New York, US",2012-10-15,Part-Time,34,Office,6379
NX03944,Fiona Brown,fiona.brown3944@nexacore.com,HR,People Operations,Senior HR Specialist,H3,NX04420,Sara Meier,"Hyderabad, India",2017-01-01,Part-Time,13,Hybrid,8541
NX03945,Benjamin Wilson,benjamin.wilson3945@nexacore.com,Engineering,Cloud Infrastructure,Principal Engineer,E5,NX02583,Maya Zhang,"San Francisco, US",2015-06-03,Part-Time,21,Hybrid,7252
NX03946,Vikas Nair,vikas.nair3946@nexacore.com,Engineering,Mobile & Web,Senior Software Engineer,E3,NX05538,Manish Lee,"Chennai, India",2021-06-09,Full-Time,25,Remote,8003
NX03947,Zara Wang,zara.wang3947@nexacore.com,Data & Analytics,ML & AI,Data Scientist,D3,NX03092,Rebecca Hansen,"New York, US",2020-12-05,Full-Time,19,Hybrid,1476
NX03948,Kate Garcia,kate.garcia3948@nexacore.com,Customer Success,Onboarding,Senior CSM,C3,NX05346,Alejandro Wright,"Singapore, Singapore",2020-08-04,Full-Time,23,Office,8170
NX03949,Axel Wright,axel.wright3949@nexacore.com,Data & Analytics,Data Engineering,Data Scientist,D3,NX03092,Rebecca Hansen,"Berlin, Germany",2020-11-03,Full-Time,24,Remote,5357
NX03950,Noah Yamada,noah.yamada3950@nexacore.com,Operations,Facilities,Operations Director,O4,NX01349,Mohamed Rodriguez,"Frankfurt, Germany",2016-01-12,Full-Time,29,Hybrid,3114
NX03951,Sebastian Philips,sebastian.philips3951@nexacore.com,Engineering,Platform Engineering,Software Engineer,E2,NX02544,Riya Thompson,"Mumbai, India",2023-09-30,Full-Time,14,Hybrid,8697
NX03952,Jonas Chakraborty,jonas.chakraborty3952@nexacore.com,Data & Analytics,Business Intelligence,Data Scientist,D3,NX01527,Sabrina Meyer,"Munich, Germany",2019-10-09,Full-Time,29,Remote,3788
NX03953,Noah Nguyen,noah.nguyen3953@nexacore.com,Operations,Supply Chain,Senior Operations Mgr,O3,NX02124,Julia Walker,"Boston, US",2017-11-03,Part-Time,24,Hybrid,6424
NX03954,Nisha Lopez,nisha.lopez3954@nexacore.com,Product,Platform,Senior Product Manager,P3,NX02000,Arjun Fischer,"Berlin, Germany",2018-08-31,Contract,28,Office,8370
NX03955,Shreya Taylor,shreya.taylor3955@nexacore.com,Customer Success,Onboarding,Customer Success Manager,C2,NX01265,William Schmidt,"Boston, US",2022-01-13,Full-Time,12,Hybrid,2132
NX03956,Omar Sanchez,omar.sanchez3956@nexacore.com,IT Support,IT Operations,IT Support Engineer,T2,NX01426,Anita Williams,"Boston, US",2021-08-17,Full-Time,17,Remote,6624
NX03957,Pedro Schmidt,pedro.schmidt3957@nexacore.com,Sales,Enterprise Sales,Sales Manager,S4,NX02221,Paola Williams,"Boston, US",2019-05-07,Full-Time,27,Office,8065
NX03958,Tina Wright,tina.wright3958@nexacore.com,Engineering,Cloud Infrastructure,Software Engineer,E2,NX01013,Michael Zhou,"San Francisco, US",2023-12-27,Full-Time,23,Remote,3671
NX03959,Lucas Roberts,lucas.roberts3959@nexacore.com,HR,L&D,HR Manager,H4,NX02069,Linda Price,"Manchester, UK",2015-05-22,Contract,35,Office,1173
NX03960,Rosa Gonzalez,rosa.gonzalez3960@nexacore.com,Operations,Business Operations,Senior Operations Mgr,O3,NX01535,Ravi Lewis,"Seattle, US",2016-12-12,Full-Time,27,Office,3615
NX03961,Rohit Kim,rohit.kim3961@nexacore.com,Engineering,Platform Engineering,Staff Engineer,E4,NX05493,Shreya Bhatt,"Frankfurt, Germany",2019-10-13,Full-Time,23,Hybrid,4380
NX03962,Anna Cruz,anna.cruz3962@nexacore.com,Legal,Corporate Legal,Associate Counsel,L2,NX01580,Henrik Pillai,"Mumbai, India",2020-07-02,Full-Time,28,Hybrid,4953
NX03963,Tom Philips,tom.philips3963@nexacore.com,Data & Analytics,Data Engineering,Senior Data Analyst,D2,NX01216,Lars Sanchez,"Edinburgh, UK",2023-09-02,Full-Time,12,Office,1873
NX03964,Mohamed Robinson,mohamed.robinson3964@nexacore.com,Data & Analytics,Data Engineering,Data Analyst,D1,NX01215,Usha Davis,"Mumbai, India",2025-08-22,Contract,16,Remote,4579
NX03965,Jason Nielsen,jason.nielsen3965@nexacore.com,Finance,Tax & Compliance,Senior Finance Analyst,F2,NX03197,Jonas Liu,"San Francisco, US",2021-09-02,Full-Time,15,Office,9044
NX03966,Gaurav Price,gaurav.price3966@nexacore.com,Data & Analytics,Data Governance,Senior Data Analyst,D2,NX05891,Vikas Williams,"Hyderabad, India",2022-06-27,Full-Time,16,Office,8580
NX03967,Maria Martinez,maria.martinez3967@nexacore.com,Data & Analytics,Data Governance,Data Scientist,D3,NX01151,Ashley Thomas,"London, UK",2020-01-31,Contract,22,Hybrid,1416
NX03968,Nisha Lim,nisha.lim3968@nexacore.com,Engineering,Cloud Infrastructure,Staff Engineer,E4,NX02629,James Kapoor,"Edinburgh, UK",2018-12-05,Full-Time,21,Office,2879
NX03969,Markus Price,markus.price3969@nexacore.com,Sales,Sales Operations,Account Executive,S2,NX04615,Vikas Dubois,"Boston, US",2023-09-02,Full-Time,20,Office,6127
NX03970,Devika Wood,devika.wood3970@nexacore.com,Product,Platform,Principal PM,P4,NX01111,David Bennet,"Chennai, India",2015-11-29,Full-Time,19,Office,9202
NX03971,Gabriel Zhou,gabriel.zhou3971@nexacore.com,Data & Analytics,Data Engineering,Data Analyst,D1,NX05241,Robert Zhang,"Edinburgh, UK",2024-09-07,Part-Time,12,Hybrid,2516
NX03972,Markus Mendes,markus.mendes3972@nexacore.com,IT Support,IT Operations,IT Support Engineer,T2,NX03605,Ashley Khan,"Boston, US",2022-12-02,Part-Time,15,Hybrid,1661
NX03973,Diego Perez,diego.perez3973@nexacore.com,Sales,Presales,Sales Development Rep,S1,NX01226,Amrita Petrov,"Seattle, US",2025-06-05,Full-Time,11,Hybrid,9960
NX03974,Emma Kumar,emma.kumar3974@nexacore.com,Data & Analytics,Data Engineering,Data Scientist,D3,NX01054,Riya Davies,"San Francisco, US",2019-04-03,Part-Time,21,Hybrid,2500
NX03975,Grace Wood,grace.wood3975@nexacore.com,Engineering,Mobile & Web,Staff Engineer,E4,NX05074,Sara Foster,"Boston, US",2018-12-26,Full-Time,29,Remote,8151
NX03976,Karen Koch,karen.koch3976@nexacore.com,Legal,Employment Law,Legal Analyst,L1,NX02787,Saanvi Roberts,"Bangalore, India",2024-09-02,Contract,12,Hybrid,2450
NX03977,Amrita Meier,amrita.meier3977@nexacore.com,IT Support,Security Operations,Senior IT Engineer,T3,NX03469,Lucas Jones,"New York, US",2020-07-03,Full-Time,13,Office,2001
NX03978,Alex Klein,alex.klein3978@nexacore.com,Data & Analytics,Data Governance,Data Scientist,D3,NX01678,Emma Davies,"Seattle, US",2017-08-11,Full-Time,28,Hybrid,3520
NX03979,Mona Kumar,mona.kumar3979@nexacore.com,Engineering,DevOps & SRE,Principal Engineer,E5,NX01008,Alec Hoffmann,"Bangalore, India",2015-11-03,Full-Time,32,Office,4341
NX03980,Martin Wood,martin.wood3980@nexacore.com,Product,Growth,Product Manager,P2,NX02213,Paul Ross,"Seattle, US",2022-07-04,Contract,21,Remote,4511
NX03981,Saanvi Walker,saanvi.walker3981@nexacore.com,Engineering,Cloud Infrastructure,Senior Software Engineer,E3,NX02736,Nikita Roth,"Munich, Germany",2022-01-25,Full-Time,14,Office,4919
NX03982,Manish Evans,manish.evans3982@nexacore.com,Operations,Supply Chain,Senior Operations Mgr,O3,NX02818,Pedro Williams,"Pune, India",2018-01-08,Full-Time,33,Hybrid,4339
NX03983,Tobias Cruz,tobias.cruz3983@nexacore.com,Operations,Business Operations,Senior Operations Mgr,O3,NX05641,Alejandro Kumar,"Mumbai, India",2020-04-22,Full-Time,16,Hybrid,1563
NX03984,Gabriel Shah,gabriel.shah3984@nexacore.com,Product,Core Product,Senior Product Manager,P3,NX01694,Yuki Hoffmann,"Singapore, Singapore",2020-06-04,Part-Time,18,Hybrid,5948
NX03985,Omar Gonzalez,omar.gonzalez3985@nexacore.com,Marketing,Demand Generation,Senior Marketing Manager,M3,NX04782,Fiona Gupta,"Pune, India",2019-04-16,Contract,17,Hybrid,1591
NX03986,Usha Garcia,usha.garcia3986@nexacore.com,IT Support,End-User Computing,IT Support Engineer,T2,NX04485,Raj Smith,"San Francisco, US",2022-03-31,Full-Time,23,Hybrid,2541
NX03987,Sara Garcia,sara.garcia3987@nexacore.com,IT Support,End-User Computing,Senior IT Engineer,T3,NX01247,Freya Becker,"Berlin, Germany",2021-05-14,Part-Time,11,Office,2133
NX03988,Stefan Cruz,stefan.cruz3988@nexacore.com,Engineering,Platform Engineering,Principal Engineer,E5,NX01498,Jana Singh,"San Francisco, US",2015-10-20,Part-Time,29,Office,9293
NX03989,Sophie Koch,sophie.koch3989@nexacore.com,IT Support,End-User Computing,IT Support Engineer,T2,NX02154,Amelia Singh,"London, UK",2023-07-26,Full-Time,20,Hybrid,1375
NX03990,Kevin Khan,kevin.khan3990@nexacore.com,Engineering,Mobile & Web,Principal Engineer,E5,NX01276,Beatrice Mitchell,"Manchester, UK",2014-04-17,Full-Time,27,Hybrid,9507
NX03991,Sofia Zhang,sofia.zhang3991@nexacore.com,Engineering,DevOps & SRE,Senior Software Engineer,E3,NX03231,Manish Dubois,"Manchester, UK",2021-04-17,Full-Time,27,Remote,6867
NX03992,Shreya Garcia,shreya.garcia3992@nexacore.com,Finance,Accounting,Senior Finance Analyst,F2,NX03813,Kabir Williams,"Hyderabad, India",2023-10-15,Full-Time,25,Remote,4208
NX03993,Tina Smith,tina.smith3993@nexacore.com,Legal,Employment Law,Legal Director,L4,,,"Hyderabad, India",2013-09-13,Full-Time,34,Remote,6168
NX03994,Samuel Bennet,samuel.bennet3994@nexacore.com,Data & Analytics,Business Intelligence,Senior Data Analyst,D2,NX03193,Rafael Wang,"Edinburgh, UK",2021-12-05,Full-Time,15,Hybrid,1372
NX03995,Akira Martin,akira.martin3995@nexacore.com,Product,Platform,Product Manager,P2,NX02091,Fiona Reed,"Edinburgh, UK",2022-03-14,Contract,22,Office,3243
NX03996,Kevin Hughes,kevin.hughes3996@nexacore.com,Sales,Presales,Account Executive,S2,NX03432,Sophie Klein,"Mumbai, India",2024-07-13,Full-Time,18,Office,9567
NX03997,Aisha Bennet,aisha.bennet3997@nexacore.com,Finance,Treasury,Finance Analyst,F1,NX04693,Sneha Young,"Hyderabad, India",2025-02-18,Full-Time,20,Remote,5090
NX03998,Haruto Hughes,haruto.hughes3998@nexacore.com,Sales,Sales Operations,Account Executive,S2,NX04263,Siddhant Smith,"San Francisco, US",2022-09-22,Full-Time,12,Office,5803
NX03999,Luka Wang,luka.wang3999@nexacore.com,Engineering,QA & Testing,Staff Engineer,E4,NX01983,Oliver Davis,"Singapore, Singapore",2019-12-06,Contract,28,Hybrid,4987
NX04000,Simon Liu,simon.liu4000@nexacore.com,Sales,Enterprise Sales,Senior Account Executive,S3,NX02042,Kiara Sanchez,"Frankfurt, Germany",2020-12-18,Full-Time,21,Hybrid,9875
NX04001,Emma Varma,emma.varma4001@nexacore.com,Product,Platform,Product Manager,P2,NX01039,Riya Roberts,"London, UK",2022-07-16,Part-Time,17,Hybrid,4466
NX04002,Clara Roth,clara.roth4002@nexacore.com,Operations,Procurement,Senior Operations Mgr,O3,NX01597,Laura Kumar,"Bangalore, India",2021-01-29,Full-Time,24,Hybrid,8018
NX04003,Thomas Roberts,thomas.roberts4003@nexacore.com,Operations,Business Operations,Operations Director,O4,NX01273,Emma Mendes,"Frankfurt, Germany",2016-03-26,Full-Time,29,Office,3381
NX04004,Karan Reed,karan.reed4004@nexacore.com,Engineering,Platform Engineering,Software Engineer,E2,NX02483,Noah Evans,"Mumbai, India",2023-08-04,Full-Time,11,Remote,6965
NX04005,Valentina Lee,valentina.lee4005@nexacore.com,Engineering,DevOps & SRE,Senior Software Engineer,E3,NX01305,Neha Wood,"Berlin, Germany",2021-11-25,Full-Time,21,Office,2609
NX04006,Rahul Jensen,rahul.jensen4006@nexacore.com,Customer Success,Renewals,Customer Success Manager,C2,NX02387,Ayesha Johnson,"Hyderabad, India",2022-03-19,Full-Time,15,Hybrid,6454
NX04007,Noah Green,noah.green4007@nexacore.com,HR,HR Business Partnering,HR Coordinator,H1,NX01688,Karen Koch,"Frankfurt, Germany",2024-06-13,Full-Time,15,Hybrid,5946
NX04008,Aditi Price,aditi.price4008@nexacore.com,HR,Talent Acquisition,HR Generalist,H2,NX03559,Rebecca Singh,"Pune, India",2023-06-19,Part-Time,11,Hybrid,8199
NX04009,Harry Roberts,harry.roberts4009@nexacore.com,Data & Analytics,Data Engineering,Data Scientist,D3,NX01442,Diego Mitchell,"Boston, US",2018-12-12,Part-Time,24,Hybrid,2190
NX04010,Robert Reed,robert.reed4010@nexacore.com,Engineering,DevOps & SRE,Senior Software Engineer,E3,NX05854,Maria Sharma,"Pune, India",2022-05-05,Full-Time,23,Hybrid,7144
NX04011,Ashley Das,ashley.das4011@nexacore.com,Engineering,QA & Testing,Staff Engineer,E4,NX03135,Kabir Jensen,"New York, US",2018-05-10,Full-Time,25,Remote,6598
NX04012,Nikita Weber,nikita.weber4012@nexacore.com,Finance,Tax & Compliance,Senior Finance Analyst,F2,NX03019,Nisha Williams,"Edinburgh, UK",2024-01-18,Full-Time,18,Hybrid,7222
NX04013,Tom Yamada,tom.yamada4013@nexacore.com,Legal,IP & Compliance,Legal Analyst,L1,NX04391,Kabir Martinez,"Austin, US",2024-09-23,Full-Time,11,Office,1447
NX04014,James Koch,james.koch4014@nexacore.com,Sales,Sales Operations,Sales Manager,S4,NX04888,Valentina Williams,"London, UK",2016-11-04,Full-Time,22,Hybrid,7946
NX04015,Amara Bauer,amara.bauer4015@nexacore.com,Product,Growth,Senior Product Manager,P3,NX01007,Siddhant Muller,"Bangalore, India",2020-03-13,Full-Time,29,Hybrid,3493
NX04016,Tina Zhou,tina.zhou4016@nexacore.com,Engineering,Cloud Infrastructure,Staff Engineer,E4,NX02739,Siddhant Wright,"Austin, US",2017-08-19,Contract,27,Office,3059
NX04017,Blake Taylor,blake.taylor4017@nexacore.com,Sales,Presales,Account Executive,S2,NX03743,Freya Scott,"San Francisco, US",2023-08-12,Full-Time,24,Office,6322
NX04018,Sebastian Becker,sebastian.becker4018@nexacore.com,Operations,Business Operations,Senior Operations Mgr,O3,NX04889,Bernd Muller,"Seattle, US",2020-03-09,Full-Time,20,Remote,6909
NX04019,Amelia Roberts,amelia.roberts4019@nexacore.com,Sales,Enterprise Sales,Sales Manager,S4,NX05945,Rohit Nielsen,"Hyderabad, India",2017-07-19,Full-Time,27,Office,1315
NX04020,Karan Kim,karan.kim4020@nexacore.com,Engineering,QA & Testing,Software Engineer,E2,NX05556,Luka Davis,"Seattle, US",2023-11-28,Contract,10,Hybrid,8592
NX04021,Amelia Bauer,amelia.bauer4021@nexacore.com,Data & Analytics,Data Governance,Senior Data Analyst,D2,NX01678,Emma Davies,"New York, US",2022-10-10,Full-Time,17,Office,3033
NX04022,Maya Hall,maya.hall4022@nexacore.com,Engineering,QA & Testing,Staff Engineer,E4,NX05306,Luka Cruz,"Manchester, UK",2020-01-26,Full-Time,20,Hybrid,6395
NX04023,Maria Fischer,maria.fischer4023@nexacore.com,Product,Core Product,Principal PM,P4,NX01194,Anita Liu,"Frankfurt, Germany",2013-10-24,Part-Time,22,Remote,3136
NX04024,Sofia Lopez,sofia.lopez4024@nexacore.com,Engineering,Cloud Infrastructure,Software Engineer,E2,NX05524,Neha Singh,"Singapore, Singapore",2024-06-23,Full-Time,12,Hybrid,2095
NX04025,Sarah Hoffmann,sarah.hoffmann4025@nexacore.com,Engineering,Mobile & Web,Staff Engineer,E4,NX03376,Michael Hoffmann,"Boston, US",2019-07-05,Full-Time,23,Office,4016
NX04026,Karen Lewis,karen.lewis4026@nexacore.com,Engineering,Platform Engineering,Senior Software Engineer,E3,NX03548,Jason Miller,"Berlin, Germany",2020-09-13,Part-Time,20,Hybrid,7923
NX04027,Lisa Wilson,lisa.wilson4027@nexacore.com,Engineering,QA & Testing,Staff Engineer,E4,NX05022,Tina Bauer,"Frankfurt, Germany",2019-03-06,Part-Time,25,Hybrid,1868
NX04028,Benjamin Nelson,benjamin.nelson4028@nexacore.com,Operations,Supply Chain,Operations Analyst,O1,NX02414,Anjali Varma,"Munich, Germany",2024-05-26,Contract,16,Hybrid,6535
NX04029,Sarah Moore,sarah.moore4029@nexacore.com,Legal,Corporate Legal,Senior Counsel,L3,NX03445,Lars Philips,"Austin, US",2016-04-27,Full-Time,17,Hybrid,5943
NX04030,Lucas Das,lucas.das4030@nexacore.com,Legal,Employment Law,Senior Counsel,L3,NX03098,Alec Lopez,"Boston, US",2018-12-09,Full-Time,28,Remote,6134
NX04031,Nora Zhou,nora.zhou4031@nexacore.com,IT Support,End-User Computing,Senior IT Engineer,T3,NX03605,Ashley Khan,"San Francisco, US",2021-05-20,Part-Time,14,Hybrid,8731
NX04032,Olivia Moore,olivia.moore4032@nexacore.com,IT Support,Security Operations,IT Support Analyst,T1,NX05290,Siddhant Lewis,"Frankfurt, Germany",2024-06-11,Contract,23,Office,3269
NX04033,Robert Lim,robert.lim4033@nexacore.com,IT Support,IT Operations,IT Manager,T4,NX01279,Aditi Bauer,"Seattle, US",2014-06-30,Part-Time,31,Office,2356
NX04034,Nisha Rao,nisha.rao4034@nexacore.com,Engineering,QA & Testing,Principal Engineer,E5,NX01482,Oliver Lewis,"Chennai, India",2013-02-08,Part-Time,19,Remote,8679
NX04035,Amrita Turner,amrita.turner4035@nexacore.com,Sales,Sales Operations,Senior Account Executive,S3,NX01173,Benjamin Mitchell,"Hyderabad, India",2021-05-09,Part-Time,21,Hybrid,2900
NX04036,Robert Dubois,robert.dubois4036@nexacore.com,Customer Success,Onboarding,Customer Success Manager,C2,NX05154,Ethan Meier,"Boston, US",2023-05-27,Full-Time,25,Hybrid,2688
NX04037,Tom Johnson,tom.johnson4037@nexacore.com,Engineering,Platform Engineering,Software Engineer,E2,NX02853,Freya Klein,"Munich, Germany",2024-01-13,Full-Time,16,Hybrid,9019
NX04038,Jessica Wilson,jessica.wilson4038@nexacore.com,Finance,Tax & Compliance,Senior Finance Manager,F4,NX01790,Paola Williams,"New York, US",2011-06-11,Full-Time,20,Office,5790
NX04039,Thomas Nielsen,thomas.nielsen4039@nexacore.com,Marketing,Brand & Communications,Senior Marketing Manager,M3,NX05928,Rajesh Philips,"Mumbai, India",2020-08-30,Full-Time,27,Office,6580
NX04040,Kate Gupta,kate.gupta4040@nexacore.com,HR,L&D,Senior HR Specialist,H3,NX02450,Rahul Gonzalez,"Pune, India",2018-05-01,Full-Time,18,Hybrid,1504
NX04041,Gabriel Yamada,gabriel.yamada4041@nexacore.com,Operations,Business Operations,Operations Director,O4,NX01427,Samuel Martinez,"Edinburgh, UK",2013-10-17,Full-Time,22,Office,7649
NX04042,Riya Wilson,riya.wilson4042@nexacore.com,Sales,Enterprise Sales,Account Executive,S2,NX04675,Kevin Murphy,"Chennai, India",2022-07-05,Contract,21,Office,9999
NX04043,Jonas Roth,jonas.roth4043@nexacore.com,Engineering,Mobile & Web,Senior Software Engineer,E3,NX02074,Karl Garcia,"Munich, Germany",2022-12-15,Full-Time,11,Office,3188
NX04044,Chen Zhang,chen.zhang4044@nexacore.com,Engineering,Platform Engineering,Principal Engineer,E5,NX01206,Andrea Taylor,"Bangalore, India",2012-07-26,Full-Time,35,Remote,1346
NX04045,Sarah Brown,sarah.brown4045@nexacore.com,Engineering,Cloud Infrastructure,Senior Software Engineer,E3,NX03253,Martin Das,"Frankfurt, Germany",2020-12-16,Contract,18,Hybrid,8121
NX04046,Julia Green,julia.green4046@nexacore.com,HR,Talent Acquisition,Senior HR Specialist,H3,NX01902,Yuki Wang,"Frankfurt, Germany",2020-06-26,Part-Time,14,Hybrid,4843
NX04047,Liam Pillai,liam.pillai4047@nexacore.com,Engineering,Mobile & Web,Staff Engineer,E4,NX02183,Sneha Shah,"Chennai, India",2019-02-18,Part-Time,17,Remote,9860
NX04048,Samuel Muller,samuel.muller4048@nexacore.com,Customer Success,Account Management,CS Director,C4,NX01121,Robert Gupta,"Berlin, Germany",2016-09-22,Full-Time,26,Hybrid,5407
NX04049,Nisha Mitchell,nisha.mitchell4049@nexacore.com,HR,L&D,HR Generalist,H2,NX01250,Vikas Wood,"Munich, Germany",2021-07-13,Full-Time,21,Office,2471
NX04050,Uma Gonzalez,uma.gonzalez4050@nexacore.com,Finance,FP&A,Finance Manager,F3,NX05758,Alex Davies,"Munich, Germany",2021-04-02,Contract,20,Hybrid,1057
NX04051,Ananya Hansen,ananya.hansen4051@nexacore.com,Sales,Sales Operations,Sales Development Rep,S1,NX03657,Lisa Meyer,"London, UK",2024-12-29,Full-Time,21,Hybrid,7507
NX04052,Julia Chakraborty,julia.chakraborty4052@nexacore.com,Operations,Business Operations,Senior Operations Mgr,O3,NX03547,Uma Nelson,"Chennai, India",2019-06-13,Part-Time,20,Office,6657
NX04053,Grace Mendes,grace.mendes4053@nexacore.com,Engineering,DevOps & SRE,Staff Engineer,E4,NX03246,Usha Anderson,"Austin, US",2020-01-20,Full-Time,32,Hybrid,8560
NX04054,Laura Zhou,laura.zhou4054@nexacore.com,Sales,Enterprise Sales,Account Executive,S2,NX02822,Rahul Nguyen,"Edinburgh, UK",2024-09-22,Full-Time,18,Hybrid,3402
NX04055,Eva Khan,eva.khan4055@nexacore.com,Engineering,DevOps & SRE,Senior Software Engineer,E3,NX04893,Julia Cruz,"Edinburgh, UK",2022-06-28,Part-Time,13,Office,4278
NX04056,Stefan Young,stefan.young4056@nexacore.com,Product,Core Product,Principal PM,P4,NX05503,William Brown,"Mumbai, India",2016-12-05,Part-Time,24,Hybrid,7544
NX04057,Rebecca Santos,rebecca.santos4057@nexacore.com,Finance,Accounting,Senior Finance Analyst,F2,NX01483,Kate Miller,"San Francisco, US",2021-11-23,Full-Time,21,Office,3122
NX04058,Eva Reed,eva.reed4058@nexacore.com,Marketing,Product Marketing,Marketing Specialist,M2,NX02536,Markus Meyer,"Edinburgh, UK",2023-08-22,Full-Time,18,Office,9147
NX04059,Harry Hall,harry.hall4059@nexacore.com,IT Support,IT Operations,IT Support Engineer,T2,NX05760,Karen Liu,"San Francisco, US",2023-08-12,Full-Time,10,Hybrid,1871
NX04060,Aditi Roberts,aditi.roberts4060@nexacore.com,Marketing,Product Marketing,Marketing Specialist,M2,NX05407,Martin Singh,"Chennai, India",2023-06-01,Part-Time,18,Hybrid,4349
NX04061,Sarah Bauer,sarah.bauer4061@nexacore.com,IT Support,IT Operations,IT Manager,T4,NX01621,Hannah Lim,"San Francisco, US",2016-02-10,Full-Time,32,Hybrid,9804
NX04062,Usha Hoffmann,usha.hoffmann4062@nexacore.com,IT Support,Security Operations,Senior IT Engineer,T3,NX04061,Sarah Bauer,"Seattle, US",2019-10-09,Full-Time,31,Office,3095
NX04063,Omar Smith,omar.smith4063@nexacore.com,Engineering,DevOps & SRE,Software Engineer,E2,NX05538,Manish Lee,"Bangalore, India",2023-09-25,Full-Time,14,Office,2862
NX04064,Sophie Murphy,sophie.murphy4064@nexacore.com,Customer Success,Renewals,Customer Success Manager,C2,NX01287,Mohamed Nair,"Bangalore, India",2022-04-24,Part-Time,9,Remote,6841
NX04065,Maya Kumar,maya.kumar4065@nexacore.com,Operations,Business Operations,Senior Operations Mgr,O3,NX02012,Jonas Price,"Pune, India",2019-06-13,Full-Time,26,Office,8595
NX04066,Freya Nair,freya.nair4066@nexacore.com,Engineering,Mobile & Web,Staff Engineer,E4,NX01567,Mohamed Zhang,"Bangalore, India",2018-11-03,Full-Time,21,Hybrid,4247
NX04067,Ryan Rao,ryan.rao4067@nexacore.com,Finance,Tax & Compliance,Senior Finance Manager,F4,NX01868,Zara Scott,"San Francisco, US",2014-02-18,Full-Time,18,Remote,4496
NX04068,Amrita Jain,amrita.jain4068@nexacore.com,Sales,Presales,Senior Account Executive,S3,NX03287,Liam Lewis,"Munich, Germany",2021-01-31,Part-Time,12,Remote,4460
NX04069,Axel Walker,axel.walker4069@nexacore.com,Data & Analytics,ML & AI,Data Analyst,D1,NX01726,Sabrina Taylor,"Bangalore, India",2024-08-27,Full-Time,18,Hybrid,7891
NX04070,Noah Meier,noah.meier4070@nexacore.com,Sales,Enterprise Sales,Sales Development Rep,S1,NX03290,Zoe Hoffmann,"Bangalore, India",2025-09-21,Full-Time,15,Hybrid,9585
NX04071,Ravi Singh,ravi.singh4071@nexacore.com,Sales,Enterprise Sales,Account Executive,S2,NX02071,Arjun Kim,"Edinburgh, UK",2023-09-08,Part-Time,9,Office,7841
NX04072,Sneha Das,sneha.das4072@nexacore.com,Customer Success,Support Engineering,Senior CSM,C3,NX03361,Elena Kaur,"Berlin, Germany",2020-08-26,Full-Time,29,Hybrid,1015
NX04073,Karen Reddy,karen.reddy4073@nexacore.com,Customer Success,Support Engineering,CS Director,C4,NX02128,Karan White,"New York, US",2016-09-06,Full-Time,30,Hybrid,3501
NX04074,Carlos Lim,carlos.lim4074@nexacore.com,Marketing,Product Marketing,Marketing Specialist,M2,NX01927,Kiara Santos,"Edinburgh, UK",2021-10-29,Full-Time,16,Remote,4733
NX04075,Lars Scott,lars.scott4075@nexacore.com,Sales,Sales Operations,Senior Account Executive,S3,NX03068,Elena Mendes,"Boston, US",2020-09-06,Full-Time,21,Hybrid,5685
NX04076,Robert Meier,robert.meier4076@nexacore.com,Product,Analytics,Product Manager,P2,NX03715,Alejandro Martin,"Manchester, UK",2021-07-12,Full-Time,14,Hybrid,4558
NX04077,Amelia Carter,amelia.carter4077@nexacore.com,Sales,SMB Sales,Account Executive,S2,NX03735,Ethan Becker,"Hyderabad, India",2024-03-25,Full-Time,11,Remote,4342
NX04078,Pedro Thompson,pedro.thompson4078@nexacore.com,Product,Analytics,Principal PM,P4,NX01196,Harry Kaur,"Austin, US",2013-09-15,Part-Time,23,Remote,8556
NX04079,Jason Williams,jason.williams4079@nexacore.com,Sales,SMB Sales,Account Executive,S2,NX03779,Gabriel Jensen,"New York, US",2023-03-03,Part-Time,11,Hybrid,5389
NX04080,Jessica Santos,jessica.santos4080@nexacore.com,Engineering,Platform Engineering,Associate Engineer,E1,NX01161,Mohamed Roth,"Berlin, Germany",2025-12-13,Part-Time,11,Office,1546
NX04081,Aisha Kumar,aisha.kumar4081@nexacore.com,Product,Analytics,Associate PM,P1,NX02547,Jana Rodriguez,"Edinburgh, UK",2025-06-28,Part-Time,9,Remote,3527
NX04082,Riya Lee,riya.lee4082@nexacore.com,Legal,IP & Compliance,Associate Counsel,L2,NX01707,Thomas Kapoor,"Munich, Germany",2019-12-01,Contract,18,Office,9422
NX04083,Olivia Scott,olivia.scott4083@nexacore.com,Sales,Sales Operations,Sales Director,S5,,,"Seattle, US",2012-08-25,Full-Time,34,Office,1380
NX04084,James Philips,james.philips4084@nexacore.com,Product,Core Product,Senior Product Manager,P3,NX04136,Aditi Schmidt,"Berlin, Germany",2019-07-25,Full-Time,16,Remote,2760
NX04085,Akira Klein,akira.klein4085@nexacore.com,Customer Success,Support Engineering,Customer Success Manager,C2,NX03889,Elena Wood,"Frankfurt, Germany",2023-04-15,Full-Time,18,Remote,5176
NX04086,Thomas Hughes,thomas.hughes4086@nexacore.com,Operations,Business Operations,Senior Operations Mgr,O3,NX03661,William Peters,"Munich, Germany",2018-06-01,Contract,25,Hybrid,3142
NX04087,Tobias Roth,tobias.roth4087@nexacore.com,Operations,Supply Chain,Operations Specialist,O2,NX03661,William Peters,"London, UK",2022-09-15,Full-Time,21,Office,8249
NX04088,Zara Kumar,zara.kumar4088@nexacore.com,Engineering,DevOps & SRE,Senior Software Engineer,E3,NX02649,Paul Zhang,"Munich, Germany",2020-12-04,Full-Time,14,Office,9232
NX04089,Karl Nelson,karl.nelson4089@nexacore.com,Customer Success,Support Engineering,CS Associate,C1,NX05863,Vikram Fischer,"Austin, US",2025-02-27,Full-Time,17,Hybrid,9324
NX04090,Mira Shah,mira.shah4090@nexacore.com,Engineering,Cloud Infrastructure,Software Engineer,E2,NX02008,Leo Rodriguez,"Singapore, Singapore",2024-03-08,Full-Time,24,Office,3454
NX04091,Karan Brown,karan.brown4091@nexacore.com,Data & Analytics,Data Governance,Lead Data Scientist,D4,NX03627,Akira Jensen,"Seattle, US",2014-06-22,Full-Time,27,Office,4642
NX04092,Markus Zhou,markus.zhou4092@nexacore.com,Data & Analytics,Business Intelligence,Senior Data Analyst,D2,NX05192,Nisha Hughes,"Manchester, UK",2022-02-22,Full-Time,24,Office,2836
NX04093,Henrik Davis,henrik.davis4093@nexacore.com,Customer Success,Support Engineering,Senior CSM,C3,NX01323,Akira Perez,"Edinburgh, UK",2021-03-27,Full-Time,31,Hybrid,9537
NX04094,Zoe Brown,zoe.brown4094@nexacore.com,Engineering,Cloud Infrastructure,Staff Engineer,E4,NX04034,Nisha Rao,"London, UK",2019-12-21,Full-Time,20,Office,1011
NX04095,Markus Sandoval,markus.sandoval4095@nexacore.com,Marketing,Brand & Communications,Marketing Specialist,M2,NX02308,Gaurav Carter,"San Francisco, US",2023-05-26,Full-Time,13,Office,8050
NX04096,David Thomas,david.thomas4096@nexacore.com,Data & Analytics,Data Engineering,Senior Data Analyst,D2,NX01230,Maria Williams,"Berlin, Germany",2023-12-29,Full-Time,15,Hybrid,1725
NX04097,Karl Wilson,karl.wilson4097@nexacore.com,Marketing,Content & SEO,Senior Marketing Manager,M3,NX01839,Maya Hall,"London, UK",2017-10-13,Full-Time,19,Office,2149
NX04098,Andrea Brown,andrea.brown4098@nexacore.com,Data & Analytics,ML & AI,Data Scientist,D3,NX03193,Rafael Wang,"Pune, India",2020-03-16,Full-Time,27,Office,7108
NX04099,Devika Roberts,devika.roberts4099@nexacore.com,Operations,Procurement,Senior Operations Mgr,O3,NX03489,Aarav Young,"Edinburgh, UK",2017-05-23,Full-Time,25,Hybrid,6171
NX04100,Aarav Zhang,aarav.zhang4100@nexacore.com,Customer Success,Onboarding,Senior CSM,C3,NX05727,Robert Singh,"New York, US",2017-11-08,Contract,29,Hybrid,9497
NX04101,Aisha Davis,aisha.davis4101@nexacore.com,IT Support,End-User Computing,Senior IT Engineer,T3,NX01290,James Green,"Hyderabad, India",2017-06-06,Full-Time,21,Hybrid,2551
NX04102,Zara Das,zara.das4102@nexacore.com,Product,Platform,Principal PM,P4,NX02322,Lucas Rao,"Mumbai, India",2015-06-13,Full-Time,33,Remote,5836
NX04103,Clara Hansen,clara.hansen4103@nexacore.com,Product,Analytics,Product Manager,P2,NX02052,Diego Wright,"Manchester, UK",2022-09-25,Full-Time,24,Hybrid,4647
NX04104,Riya Reed,riya.reed4104@nexacore.com,Engineering,DevOps & SRE,Staff Engineer,E4,NX03135,Kabir Jensen,"Hyderabad, India",2017-09-14,Contract,33,Office,8913
NX04105,Aditi Reed,aditi.reed4105@nexacore.com,Finance,FP&A,Finance Manager,F3,NX02205,Gaurav Varma,"Boston, US",2020-04-03,Contract,28,Hybrid,6990
NX04106,Alec Petrov,alec.petrov4106@nexacore.com,Finance,FP&A,Senior Finance Manager,F4,NX01847,Markus Jensen,"Berlin, Germany",2014-02-09,Full-Time,29,Hybrid,3301
NX04107,Ashley Young,ashley.young4107@nexacore.com,HR,People Operations,HR Generalist,H2,NX01706,Ayesha Foster,"Seattle, US",2024-02-28,Contract,24,Hybrid,5344
NX04108,Ananya Thompson,ananya.thompson4108@nexacore.com,IT Support,End-User Computing,IT Support Analyst,T1,NX01882,Ananya Martin,"San Francisco, US",2024-10-26,Full-Time,16,Remote,9126
NX04109,Omar Rao,omar.rao4109@nexacore.com,Marketing,Product Marketing,Marketing Specialist,M2,NX01241,Omar Bennet,"Edinburgh, UK",2021-09-22,Full-Time,29,Remote,7367
NX04110,Rajesh Davis,rajesh.davis4110@nexacore.com,Product,Core Product,Product Manager,P2,NX04120,Ravi Bauer,"New York, US",2024-05-29,Full-Time,18,Remote,1975
NX04111,Rafael Sandoval,rafael.sandoval4111@nexacore.com,Customer Success,Support Engineering,Senior CSM,C3,NX01440,Pankaj Naidu,"Hyderabad, India",2021-05-18,Full-Time,26,Hybrid,2804
NX04112,Daniel Robinson,daniel.robinson4112@nexacore.com,Operations,Procurement,Senior Operations Mgr,O3,NX02294,Siddhant Philips,"Mumbai, India",2020-10-14,Part-Time,21,Hybrid,3158
NX04113,Kabir Turner,kabir.turner4113@nexacore.com,Sales,SMB Sales,Account Executive,S2,NX03041,Eva Dubois,"San Francisco, US",2022-10-31,Full-Time,11,Hybrid,9115
NX04114,Diego Chakraborty,diego.chakraborty4114@nexacore.com,Marketing,Content & SEO,Senior Marketing Manager,M3,NX02987,Sven Thompson,"Chennai, India",2017-09-29,Full-Time,25,Hybrid,8052
NX04115,Tom Wang,tom.wang4115@nexacore.com,Marketing,Brand & Communications,Marketing Specialist,M2,NX02416,Jaya Murphy,"Bangalore, India",2022-05-02,Contract,17,Remote,9971
NX04116,Andrei Klein,andrei.klein4116@nexacore.com,Engineering,Mobile & Web,Software Engineer,E2,NX03163,Ashley Robinson,"Bangalore, India",2024-09-27,Full-Time,11,Hybrid,1802
NX04117,Jonas Naidu,jonas.naidu4117@nexacore.com,Sales,Enterprise Sales,Sales Manager,S4,NX04977,Clara Jones,"Singapore, Singapore",2017-10-26,Full-Time,32,Office,1218
NX04118,Kiara Kapoor,kiara.kapoor4118@nexacore.com,Customer Success,Renewals,Customer Success Manager,C2,NX04750,Tina Klein,"Mumbai, India",2024-10-29,Contract,16,Remote,2674
NX04119,Lars Bhatt,lars.bhatt4119@nexacore.com,Data & Analytics,Business Intelligence,Senior Data Analyst,D2,NX02775,Bernd Philips,"Seattle, US",2022-11-06,Full-Time,16,Office,1488
NX04120,Ravi Bauer,ravi.bauer4120@nexacore.com,Product,Platform,Principal PM,P4,NX01316,Jonas Lee,"Singapore, Singapore",2017-03-01,Full-Time,21,Office,5297
NX04121,Nisha Mitchell,nisha.mitchell4121@nexacore.com,Sales,Presales,Senior Account Executive,S3,NX03334,Jana Wilson,"Austin, US",2019-09-29,Part-Time,11,Office,6707
NX04122,Ananya Petrov,ananya.petrov4122@nexacore.com,Engineering,Mobile & Web,Software Engineer,E2,NX05556,Luka Davis,"Chennai, India",2024-11-02,Contract,13,Hybrid,1263
NX04123,Manish Shah,manish.shah4123@nexacore.com,IT Support,IT Operations,IT Manager,T4,NX01337,Priya Thomas,"Munich, Germany",2015-08-30,Part-Time,22,Office,4121
NX04124,William Klein,william.klein4124@nexacore.com,Sales,Presales,Account Executive,S2,NX01714,Kiara Perez,"Edinburgh, UK",2024-09-23,Full-Time,11,Office,6658
NX04125,Isabel Brown,isabel.brown4125@nexacore.com,Finance,FP&A,Senior Finance Analyst,F2,NX01503,Emma Zhang,"Edinburgh, UK",2024-04-18,Full-Time,13,Office,3022
NX04126,Sneha Koch,sneha.koch4126@nexacore.com,Marketing,Content & SEO,Marketing Director,M4,NX01493,Maya Weber,"Singapore, Singapore",2015-09-08,Full-Time,23,Office,3121
NX04127,Sarah Miller,sarah.miller4127@nexacore.com,Finance,FP&A,Senior Finance Analyst,F2,NX01483,Kate Miller,"Pune, India",2024-04-22,Full-Time,13,Office,8133
NX04128,Aisha Zhang,aisha.zhang4128@nexacore.com,Sales,SMB Sales,Account Executive,S2,NX02918,Isabel Wood,"Boston, US",2024-05-15,Contract,13,Office,9984
NX04129,Riya Peters,riya.peters4129@nexacore.com,Sales,Enterprise Sales,Senior Account Executive,S3,NX04692,Thomas Reed,"Pune, India",2022-05-05,Full-Time,14,Hybrid,9045
NX04130,Maria Brown,maria.brown4130@nexacore.com,Engineering,Cloud Infrastructure,Principal Engineer,E5,NX01500,Tobias Hansen,"Hyderabad, India",2014-06-25,Full-Time,33,Office,3416
NX04131,Mohamed Foster,mohamed.foster4131@nexacore.com,IT Support,IT Operations,IT Support Engineer,T2,NX02202,Karan Reed,"New York, US",2024-03-10,Full-Time,13,Hybrid,1554
NX04132,Aarav Rao,aarav.rao4132@nexacore.com,Engineering,Mobile & Web,Staff Engineer,E4,NX01059,Lena Gupta,"Singapore, Singapore",2020-03-01,Contract,31,Hybrid,8415
NX04133,Haruto Davis,haruto.davis4133@nexacore.com,Sales,Sales Operations,Sales Development Rep,S1,NX03504,Akira Bhatt,"Mumbai, India",2025-10-30,Full-Time,10,Hybrid,4730
NX04134,Neha Harris,neha.harris4134@nexacore.com,Operations,Supply Chain,Senior Operations Mgr,O3,NX02223,Henrik Moore,"San Francisco, US",2021-02-06,Part-Time,16,Hybrid,1272
NX04135,Neha Scott,neha.scott4135@nexacore.com,Engineering,QA & Testing,Software Engineer,E2,NX01664,Neha Jones,"Austin, US",2024-04-08,Full-Time,21,Remote,3024
NX04136,Aditi Schmidt,aditi.schmidt4136@nexacore.com,Product,Core Product,Principal PM,P4,NX05503,William Brown,"Chennai, India",2015-05-23,Contract,28,Hybrid,2785
NX04137,Linda Wang,linda.wang4137@nexacore.com,HR,Talent Acquisition,HR Manager,H4,NX02289,Saanvi Shah,"Seattle, US",2015-03-09,Full-Time,19,Office,4644
NX04138,Lena Walker,lena.walker4138@nexacore.com,IT Support,End-User Computing,Senior IT Engineer,T3,NX01017,Eva Gonzalez,"Munich, Germany",2018-03-23,Full-Time,26,Office,1739
NX04139,Eva Davies,eva.davies4139@nexacore.com,Legal,Corporate Legal,Legal Analyst,L1,NX04848,David Nair,"Berlin, Germany",2023-08-27,Contract,10,Hybrid,9471
NX04140,Axel Pillai,axel.pillai4140@nexacore.com,Product,Core Product,Senior Product Manager,P3,NX01694,Yuki Hoffmann,"Bangalore, India",2020-08-04,Full-Time,22,Remote,3664
NX04141,Rebecca Martin,rebecca.martin4141@nexacore.com,Product,Analytics,Senior Product Manager,P3,NX01974,Gabriel Chen,"Singapore, Singapore",2017-06-09,Contract,25,Office,6924
NX04142,Tom Perez,tom.perez4142@nexacore.com,Engineering,DevOps & SRE,Senior Software Engineer,E3,NX05486,Fiona Martinez,"Boston, US",2022-01-02,Full-Time,20,Hybrid,9229
NX04143,Vikas Reed,vikas.reed4143@nexacore.com,Customer Success,Account Management,CS Director,C4,NX01123,Lena Kumar,"San Francisco, US",2017-04-10,Part-Time,20,Office,6092
NX04144,Maria Wright,maria.wright4144@nexacore.com,HR,People Operations,HR Generalist,H2,NX02277,Linda Klein,"Chennai, India",2023-11-11,Part-Time,15,Hybrid,8633
NX04145,Vikram Turner,vikram.turner4145@nexacore.com,IT Support,Security Operations,IT Support Engineer,T2,NX05094,Lars Anderson,"New York, US",2022-10-20,Contract,19,Hybrid,6511
NX04146,Pankaj Jensen,pankaj.jensen4146@nexacore.com,Sales,SMB Sales,Sales Development Rep,S1,NX03504,Akira Bhatt,"Singapore, Singapore",2025-11-13,Full-Time,14,Hybrid,7499
NX04147,Sofia Nair,sofia.nair4147@nexacore.com,Operations,Procurement,Senior Operations Mgr,O3,NX01605,Valentina Foster,"Edinburgh, UK",2020-11-30,Part-Time,14,Hybrid,9112
NX04148,Markus Lim,markus.lim4148@nexacore.com,Engineering,QA & Testing,Staff Engineer,E4,NX01624,Omar Zhou,"Munich, Germany",2019-06-29,Full-Time,18,Remote,6134
NX04149,Jaya Clark,jaya.clark4149@nexacore.com,Product,Growth,Senior Product Manager,P3,NX01974,Gabriel Chen,"Edinburgh, UK",2020-03-12,Contract,22,Hybrid,3232
NX04150,Raj Evans,raj.evans4150@nexacore.com,Engineering,Platform Engineering,Staff Engineer,E4,NX05803,Chris Bhatt,"Mumbai, India",2018-10-31,Full-Time,33,Hybrid,5209
NX04151,Lena Jain,lena.jain4151@nexacore.com,Data & Analytics,Data Engineering,Data Analyst,D1,NX01230,Maria Williams,"Pune, India",2024-09-27,Full-Time,19,Office,6824
NX04152,Emma Sandoval,emma.sandoval4152@nexacore.com,Marketing,Content & SEO,Marketing Specialist,M2,NX01959,Grace Meier,"Boston, US",2021-08-18,Full-Time,23,Remote,4498
NX04153,Arjun Santos,arjun.santos4153@nexacore.com,Customer Success,Renewals,CS Director,C4,NX02120,Aarav Perez,"Pune, India",2016-10-18,Full-Time,28,Remote,4981
NX04154,Linda Sanchez,linda.sanchez4154@nexacore.com,IT Support,IT Operations,Senior IT Engineer,T3,NX01454,Neha Meier,"New York, US",2016-12-08,Contract,35,Office,2511
NX04155,Alex Yamada,alex.yamada4155@nexacore.com,Marketing,Brand & Communications,Marketing Specialist,M2,NX01656,Kabir Chakraborty,"San Francisco, US",2023-08-28,Part-Time,7,Hybrid,9131
NX04156,Pankaj Wood,pankaj.wood4156@nexacore.com,Operations,Facilities,Senior Operations Mgr,O3,NX03661,William Peters,"Berlin, Germany",2018-07-31,Part-Time,24,Hybrid,8801
NX04157,Usha Moore,usha.moore4157@nexacore.com,Engineering,Platform Engineering,Senior Software Engineer,E3,NX02032,Emma Clark,"Chennai, India",2020-07-13,Full-Time,16,Hybrid,5180
NX04158,Jonas Nielsen,jonas.nielsen4158@nexacore.com,Engineering,DevOps & SRE,Senior Software Engineer,E3,NX04858,Paul Chakraborty,"Austin, US",2021-05-07,Contract,13,Hybrid,1737
NX04159,Jaya Hughes,jaya.hughes4159@nexacore.com,Customer Success,Onboarding,Customer Success Manager,C2,NX02362,Lucas Reddy,"New York, US",2023-08-11,Full-Time,15,Hybrid,5326
NX04160,Ananya Nelson,ananya.nelson4160@nexacore.com,Legal,Corporate Legal,Senior Counsel,L3,NX03993,Tina Smith,"Boston, US",2019-03-21,Full-Time,19,Hybrid,4577
NX04161,Raj Rodriguez,raj.rodriguez4161@nexacore.com,Customer Success,Renewals,Senior CSM,C3,NX03178,Harry Shah,"Boston, US",2018-09-21,Full-Time,27,Office,1104
NX04162,Shreya Becker,shreya.becker4162@nexacore.com,Product,Growth,Principal PM,P4,NX01308,Kate Gupta,"Edinburgh, UK",2016-08-03,Full-Time,24,Office,7589
NX04163,Akira Anderson,akira.anderson4163@nexacore.com,Customer Success,Renewals,Customer Success Manager,C2,NX01429,Gaurav Roth,"Edinburgh, UK",2024-02-19,Part-Time,14,Hybrid,2968
NX04164,Haruto Varma,haruto.varma4164@nexacore.com,Sales,SMB Sales,Sales Manager,S4,NX01969,Mohamed Sharma,"Pune, India",2016-08-18,Contract,22,Hybrid,9801
NX04165,Gaurav Peters,gaurav.peters4165@nexacore.com,Engineering,QA & Testing,Senior Software Engineer,E3,NX02904,Freya Chen,"Seattle, US",2021-12-03,Full-Time,23,Hybrid,4374
NX04166,James Bauer,james.bauer4166@nexacore.com,HR,L&D,HR Manager,H4,NX02289,Saanvi Shah,"Manchester, UK",2011-12-26,Part-Time,17,Office,3721
NX04167,Amrita Moore,amrita.moore4167@nexacore.com,Sales,Presales,Senior Account Executive,S3,NX02821,Tanvi Muller,"Edinburgh, UK",2020-10-31,Full-Time,28,Hybrid,3977
NX04168,Jana Kapoor,jana.kapoor4168@nexacore.com,Engineering,Mobile & Web,Staff Engineer,E4,NX05401,Vikas Clark,"San Francisco, US",2017-06-18,Full-Time,17,Office,2500
NX04169,Chris Rao,chris.rao4169@nexacore.com,Product,Platform,Product Manager,P2,NX02474,Rebecca Kim,"Berlin, Germany",2024-03-20,Full-Time,20,Hybrid,2939
NX04170,Amara Miller,amara.miller4170@nexacore.com,Product,Growth,Associate PM,P1,NX03713,Maya Clark,"Munich, Germany",2024-09-10,Contract,12,Remote,1310
NX04171,Maya Rodriguez,maya.rodriguez4171@nexacore.com,Engineering,Cloud Infrastructure,Principal Engineer,E5,NX02465,Alejandro Walker,"Edinburgh, UK",2014-07-23,Full-Time,33,Remote,7730
NX04172,Nikita Sanchez,nikita.sanchez4172@nexacore.com,Engineering,Mobile & Web,Staff Engineer,E4,NX05885,Zara White,"Manchester, UK",2017-07-03,Part-Time,17,Office,5227
NX04173,Gaurav Clark,gaurav.clark4173@nexacore.com,Customer Success,Account Management,CS Director,C4,NX02128,Karan White,"Frankfurt, Germany",2015-05-01,Contract,22,Hybrid,4169
NX04174,Rahul Lopez,rahul.lopez4174@nexacore.com,Customer Success,Renewals,Customer Success Manager,C2,NX01323,Akira Perez,"New York, US",2021-08-14,Full-Time,14,Office,8802
NX04175,Sven Meier,sven.meier4175@nexacore.com,IT Support,Security Operations,IT Support Engineer,T2,NX01455,Jaya Sanchez,"San Francisco, US",2021-12-22,Full-Time,20,Office,2463
NX04176,Sven Kapoor,sven.kapoor4176@nexacore.com,Marketing,Brand & Communications,Marketing Coordinator,M1,NX04303,Isabel Patel,"Manchester, UK",2025-06-22,Full-Time,11,Office,9919
NX04177,Markus Gupta,markus.gupta4177@nexacore.com,Product,Analytics,Product Manager,P2,NX02547,Jana Rodriguez,"Frankfurt, Germany",2023-10-30,Full-Time,25,Hybrid,9028
NX04178,Ravi Desai,ravi.desai4178@nexacore.com,Operations,Facilities,Operations Analyst,O1,NX01075,Linda Foster,"Bangalore, India",2024-11-10,Full-Time,14,Hybrid,2741
NX04179,Nicolas Lee,nicolas.lee4179@nexacore.com,IT Support,Security Operations,IT Support Engineer,T2,NX01247,Freya Becker,"Bangalore, India",2024-01-02,Full-Time,12,Hybrid,5114
NX04180,Tina Shah,tina.shah4180@nexacore.com,Customer Success,Account Management,Senior CSM,C3,NX02442,Noah Gupta,"Hyderabad, India",2020-03-13,Full-Time,33,Office,9594
NX04181,Rahul Davies,rahul.davies4181@nexacore.com,Sales,Presales,Senior Account Executive,S3,NX02053,Leo Sanchez,"Seattle, US",2020-02-28,Full-Time,15,Remote,2467
NX04182,Nisha Peters,nisha.peters4182@nexacore.com,Operations,Business Operations,Operations Specialist,O2,NX04672,Emma Rao,"Singapore, Singapore",2022-05-04,Part-Time,11,Hybrid,7240
NX04183,Siddhant Thompson,siddhant.thompson4183@nexacore.com,Engineering,Cloud Infrastructure,Principal Engineer,E5,NX01149,David Kapoor,"Edinburgh, UK",2013-06-20,Full-Time,23,Hybrid,2936
NX04184,Andrea Hall,andrea.hall4184@nexacore.com,Engineering,Cloud Infrastructure,Senior Software Engineer,E3,NX03454,Vikram Williams,"Munich, Germany",2022-12-25,Full-Time,22,Office,1936
NX04185,Pankaj Price,pankaj.price4185@nexacore.com,Finance,Treasury,Senior Finance Manager,F4,NX02515,Diego Scott,"Munich, Germany",2015-07-18,Full-Time,20,Hybrid,2696
NX04186,Pankaj Meier,pankaj.meier4186@nexacore.com,Sales,Presales,Senior Account Executive,S3,NX03644,William Brown,"San Francisco, US",2021-08-05,Full-Time,26,Office,6499
NX04187,Maya Turner,maya.turner4187@nexacore.com,Engineering,QA & Testing,Senior Software Engineer,E3,NX02032,Emma Clark,"Pune, India",2021-03-28,Full-Time,26,Remote,7778
NX04188,Aditi Sandoval,aditi.sandoval4188@nexacore.com,Product,Analytics,Senior Product Manager,P3,NX01310,Sabrina White,"Singapore, Singapore",2021-02-21,Full-Time,14,Office,7882
NX04189,Antoine Bhatt,antoine.bhatt4189@nexacore.com,Sales,Sales Operations,Senior Account Executive,S3,NX03420,James Roberts,"Frankfurt, Germany",2021-03-10,Full-Time,16,Hybrid,5806
NX04190,Jessica Wang,jessica.wang4190@nexacore.com,Finance,Accounting,Senior Finance Manager,F4,NX01868,Zara Scott,"Berlin, Germany",2016-03-11,Full-Time,30,Hybrid,7269
NX04191,Jana Garcia,jana.garcia4191@nexacore.com,Engineering,DevOps & SRE,Senior Software Engineer,E3,NX04171,Maya Rodriguez,"Edinburgh, UK",2021-12-07,Full-Time,18,Remote,7450
NX04192,Lena Wood,lena.wood4192@nexacore.com,Product,Platform,Senior Product Manager,P3,NX04300,Emma Williams,"Singapore, Singapore",2018-06-29,Full-Time,27,Remote,5343
NX04193,Sara Wright,sara.wright4193@nexacore.com,Legal,Corporate Legal,Senior Counsel,L3,NX05399,Thomas Rodriguez,"Manchester, UK",2017-07-04,Full-Time,27,Remote,8263
NX04194,Kiara Lewis,kiara.lewis4194@nexacore.com,Operations,Supply Chain,Senior Operations Mgr,O3,NX05186,Andrea Thomas,"Chennai, India",2018-01-13,Full-Time,21,Hybrid,9112
NX04195,Grace Santos,grace.santos4195@nexacore.com,IT Support,Security Operations,IT Support Engineer,T2,NX01426,Anita Williams,"Bangalore, India",2023-03-29,Contract,11,Remote,7526
NX04196,Milan Jensen,milan.jensen4196@nexacore.com,Finance,Tax & Compliance,Senior Finance Analyst,F2,NX03902,Luka Chakraborty,"London, UK",2021-10-12,Full-Time,18,Hybrid,5581
NX04197,Amelia Zhang,amelia.zhang4197@nexacore.com,Engineering,DevOps & SRE,Software Engineer,E2,NX02171,Paola Lim,"Singapore, Singapore",2023-08-24,Full-Time,19,Hybrid,9743
NX04198,Patrick Moore,patrick.moore4198@nexacore.com,Sales,SMB Sales,Account Executive,S2,NX02481,Aditi Peters,"New York, US",2024-06-15,Part-Time,8,Office,5963
NX04199,Vikram Brown,vikram.brown4199@nexacore.com,Data & Analytics,ML & AI,Senior Data Analyst,D2,NX05812,Laura Smith,"Bangalore, India",2021-09-05,Full-Time,21,Hybrid,2431
NX04200,Oliver Anderson,oliver.anderson4200@nexacore.com,Product,Analytics,Product Manager,P2,NX02187,Aisha Sandoval,"San Francisco, US",2023-06-07,Full-Time,17,Remote,2693
NX04201,Andrea Wood,andrea.wood4201@nexacore.com,Operations,Business Operations,Operations Specialist,O2,NX02075,Zara Scott,"Berlin, Germany",2023-08-09,Full-Time,11,Office,8075
NX04202,Jason Harris,jason.harris4202@nexacore.com,Operations,Facilities,Senior Operations Mgr,O3,NX04487,Anita Clark,"Edinburgh, UK",2019-09-06,Full-Time,21,Hybrid,8075
NX04203,Amrita Jones,amrita.jones4203@nexacore.com,IT Support,End-User Computing,Senior IT Engineer,T3,NX02202,Karan Reed,"Chennai, India",2017-04-07,Full-Time,20,Hybrid,5332
NX04204,Chris Liu,chris.liu4204@nexacore.com,Marketing,Demand Generation,Marketing Specialist,M2,NX05566,Alex Gonzalez,"Mumbai, India",2023-02-24,Part-Time,17,Office,1874
NX04205,Beatrice Becker,beatrice.becker4205@nexacore.com,Engineering,Cloud Infrastructure,Senior Software Engineer,E3,NX05493,Shreya Bhatt,"Frankfurt, Germany",2021-05-28,Full-Time,28,Hybrid,6372
NX04206,Clara Mitchell,clara.mitchell4206@nexacore.com,Customer Success,Support Engineering,CS Director,C4,NX02128,Karan White,"Singapore, Singapore",2016-03-16,Full-Time,17,Office,8689
NX04207,Jana Rao,jana.rao4207@nexacore.com,Customer Success,Account Management,Customer Success Manager,C2,NX02329,Nora Peters,"Austin, US",2024-09-30,Full-Time,20,Office,6266
NX04208,Sarah Taylor,sarah.taylor4208@nexacore.com,Engineering,Mobile & Web,Senior Software Engineer,E3,NX03795,Wei Kumar,"Seattle, US",2020-12-26,Part-Time,9,Office,6593
NX04209,Alejandro Martin,alejandro.martin4209@nexacore.com,Product,Growth,Senior Product Manager,P3,NX03917,Benjamin Walker,"Berlin, Germany",2018-04-03,Full-Time,23,Hybrid,9648
NX04210,Sneha Liu,sneha.liu4210@nexacore.com,Operations,Procurement,Operations Analyst,O1,NX03675,Anjali Peters,"Frankfurt, Germany",2024-09-18,Full-Time,12,Office,9876
NX04211,Daniel Gonzalez,daniel.gonzalez4211@nexacore.com,Sales,SMB Sales,Sales Manager,S4,NX01205,Amara Cruz,"Austin, US",2015-04-03,Part-Time,28,Office,2798
NX04212,Deepa Hansen,deepa.hansen4212@nexacore.com,Engineering,DevOps & SRE,Staff Engineer,E4,NX01431,Ravi Bauer,"Munich, Germany",2020-03-19,Full-Time,17,Hybrid,5875
NX04213,Carlos Wang,carlos.wang4213@nexacore.com,IT Support,Security Operations,IT Support Engineer,T2,NX02366,Sabrina Anderson,"San Francisco, US",2022-01-29,Full-Time,15,Office,1147
NX04214,Nicolas Walker,nicolas.walker4214@nexacore.com,Customer Success,Onboarding,Senior CSM,C3,NX01786,Harry Moore,"Frankfurt, Germany",2018-03-25,Contract,23,Hybrid,6953
NX04215,Daniel Bennet,daniel.bennet4215@nexacore.com,HR,HR Business Partnering,HR Coordinator,H1,NX05409,Ravi Jensen,"Seattle, US",2025-04-16,Full-Time,15,Office,4358
NX04216,Yuki Varma,yuki.varma4216@nexacore.com,Data & Analytics,ML & AI,Senior Data Analyst,D2,NX01521,Eva Nielsen,"Munich, Germany",2023-04-29,Contract,27,Remote,4735
NX04217,Lars Rao,lars.rao4217@nexacore.com,Operations,Facilities,Operations Director,O4,NX01055,Alex Shah,"Munich, Germany",2015-02-09,Full-Time,26,Office,1118
NX04218,Manish Kaur,manish.kaur4218@nexacore.com,Marketing,Demand Generation,Marketing Coordinator,M1,NX03820,Ayesha Green,"Frankfurt, Germany",2025-01-22,Full-Time,20,Office,2928
NX04219,Sebastian Robinson,sebastian.robinson4219@nexacore.com,Finance,Accounting,Finance Manager,F3,NX02346,Alex Das,"Edinburgh, UK",2018-07-20,Full-Time,22,Hybrid,9068
NX04220,Valentina Lim,valentina.lim4220@nexacore.com,Finance,Tax & Compliance,Finance Manager,F3,NX05758,Alex Davies,"Seattle, US",2020-09-18,Full-Time,13,Hybrid,6168
NX04221,Jonas Bennet,jonas.bennet4221@nexacore.com,IT Support,End-User Computing,IT Support Engineer,T2,NX01426,Anita Williams,"New York, US",2021-08-02,Part-Time,15,Hybrid,8138
NX04222,Aditi White,aditi.white4222@nexacore.com,Marketing,Product Marketing,Senior Marketing Manager,M3,NX01421,Rebecca Chen,"Chennai, India",2019-12-17,Full-Time,30,Office,6924
NX04223,Freya Hoffmann,freya.hoffmann4223@nexacore.com,Operations,Supply Chain,Senior Operations Mgr,O3,NX01446,Sven Cruz,"Chennai, India",2019-07-17,Contract,21,Office,4208
NX04224,Jonathan Becker,jonathan.becker4224@nexacore.com,Customer Success,Account Management,Customer Success Manager,C2,NX04495,Jason Bennet,"Austin, US",2022-08-22,Full-Time,20,Office,1480
NX04225,Samuel Santos,samuel.santos4225@nexacore.com,Finance,FP&A,Finance Manager,F3,NX01560,Linda Lewis,"Manchester, UK",2017-07-19,Full-Time,21,Hybrid,4415
NX04226,Gabriel Bennet,gabriel.bennet4226@nexacore.com,Engineering,Platform Engineering,Senior Software Engineer,E3,NX04893,Julia Cruz,"Chennai, India",2022-08-06,Part-Time,10,Office,6347
NX04227,Aditi Becker,aditi.becker4227@nexacore.com,Sales,Sales Operations,Senior Account Executive,S3,NX02306,Alec Scott,"Chennai, India",2019-06-16,Full-Time,29,Hybrid,1638
NX04228,Priya Rao,priya.rao4228@nexacore.com,Operations,Business Operations,Operations Director,O4,NX02307,Maya Sharma,"Mumbai, India",2016-04-22,Full-Time,34,Office,4891
NX04229,Anjali Martin,anjali.martin4229@nexacore.com,Customer Success,Support Engineering,Customer Success Manager,C2,NX01203,Aditi Reddy,"Singapore, Singapore",2021-09-14,Full-Time,13,Remote,6880
NX04230,Sara Yamada,sara.yamada4230@nexacore.com,Finance,Treasury,Finance Manager,F3,NX02295,Tina White,"Munich, Germany",2017-05-27,Full-Time,31,Office,5438
NX04231,Neha Singh,neha.singh4231@nexacore.com,Operations,Facilities,Operations Specialist,O2,NX04898,Priya Kapoor,"Austin, US",2022-06-12,Contract,22,Hybrid,8962
NX04232,Ethan Turner,ethan.turner4232@nexacore.com,Sales,SMB Sales,Sales Manager,S4,NX02426,Amara Davis,"Singapore, Singapore",2015-01-01,Full-Time,31,Office,6816
NX04233,Blake Pillai,blake.pillai4233@nexacore.com,HR,L&D,Senior HR Specialist,H3,NX02206,Amara Cruz,"New York, US",2019-08-28,Full-Time,20,Hybrid,9648
NX04234,Vikram Thomas,vikram.thomas4234@nexacore.com,Engineering,Platform Engineering,Associate Engineer,E1,NX05951,Patrick Sanchez,"London, UK",2025-04-04,Full-Time,15,Office,3030
NX04235,Rosa Wilson,rosa.wilson4235@nexacore.com,Engineering,QA & Testing,Staff Engineer,E4,NX01314,Patrick Philips,"London, UK",2018-06-23,Full-Time,23,Hybrid,2692
NX04236,Nikita Bauer,nikita.bauer4236@nexacore.com,Data & Analytics,ML & AI,Data Scientist,D3,NX01678,Emma Davies,"Singapore, Singapore",2020-05-24,Contract,23,Hybrid,1498
NX04237,Uma Roth,uma.roth4237@nexacore.com,Operations,Business Operations,Senior Operations Mgr,O3,NX04521,Noah Nielsen,"Seattle, US",2018-11-29,Full-Time,28,Office,6446
NX04238,Alex Nelson,alex.nelson4238@nexacore.com,Product,Analytics,Senior Product Manager,P3,NX04300,Emma Williams,"Manchester, UK",2020-03-01,Full-Time,27,Hybrid,7033
NX04239,Nicolas Price,nicolas.price4239@nexacore.com,IT Support,Security Operations,Senior IT Engineer,T3,NX05315,Liam Brown,"Hyderabad, India",2018-04-21,Full-Time,31,Office,8317
NX04240,Samuel Zhou,samuel.zhou4240@nexacore.com,Legal,IP & Compliance,Associate Counsel,L2,NX05110,Karan Johnson,"Boston, US",2019-11-08,Full-Time,18,Office,5448
NX04241,Patrick Roth,patrick.roth4241@nexacore.com,Product,Growth,Associate PM,P1,NX01855,Deepa Lim,"Manchester, UK",2024-07-03,Full-Time,15,Remote,8329
NX04242,Ethan Klein,ethan.klein4242@nexacore.com,HR,People Operations,Senior HR Specialist,H3,NX01340,Andrea Patel,"Frankfurt, Germany",2020-01-27,Contract,18,Office,2017
NX04243,Lucas Liu,lucas.liu4243@nexacore.com,Engineering,Mobile & Web,Senior Software Engineer,E3,NX03253,Martin Das,"Boston, US",2020-07-05,Contract,18,Hybrid,8566
NX04244,Lena Williams,lena.williams4244@nexacore.com,Customer Success,Onboarding,Customer Success Manager,C2,NX01576,Linda Reddy,"Berlin, Germany",2023-11-11,Full-Time,15,Hybrid,7910
NX04245,Tanvi Dubois,tanvi.dubois4245@nexacore.com,Product,Growth,Product Manager,P2,NX01591,Shirin Ross,"London, UK",2023-08-24,Full-Time,25,Office,3764
NX04246,Sebastian Nair,sebastian.nair4246@nexacore.com,Customer Success,Renewals,Senior CSM,C3,NX02569,Nora Weber,"Seattle, US",2017-10-09,Contract,26,Remote,3030
NX04247,Fiona Zhou,fiona.zhou4247@nexacore.com,Customer Success,Account Management,Customer Success Manager,C2,NX03178,Harry Shah,"Frankfurt, Germany",2021-06-03,Full-Time,25,Remote,2028
NX04248,Lucas Mendes,lucas.mendes4248@nexacore.com,Sales,Enterprise Sales,Senior Account Executive,S3,NX04616,Rajesh Patel,"San Francisco, US",2021-03-30,Full-Time,30,Hybrid,1915
NX04249,Nikita Klein,nikita.klein4249@nexacore.com,Operations,Facilities,Senior Operations Mgr,O3,NX02818,Pedro Williams,"London, UK",2017-10-14,Contract,24,Hybrid,6508
NX04250,Pankaj Nair,pankaj.nair4250@nexacore.com,Operations,Business Operations,Operations Director,O4,NX01727,Jessica Scott,"Pune, India",2014-04-20,Full-Time,29,Office,4334
NX04251,Patrick Thomas,patrick.thomas4251@nexacore.com,Legal,IP & Compliance,Legal Analyst,L1,NX04848,David Nair,"Berlin, Germany",2025-01-10,Full-Time,11,Office,6834
NX04252,Aditi Kumar,aditi.kumar4252@nexacore.com,Operations,Supply Chain,Senior Operations Mgr,O3,NX01456,Ishan Hansen,"Bangalore, India",2018-04-09,Contract,26,Office,4291
NX04253,Axel Perez,axel.perez4253@nexacore.com,Data & Analytics,Data Engineering,Senior Data Analyst,D2,NX04749,Sebastian Hoffmann,"Manchester, UK",2021-07-14,Full-Time,24,Remote,2531
NX04254,Shirin Sanchez,shirin.sanchez4254@nexacore.com,IT Support,End-User Computing,IT Support Engineer,T2,NX02114,Julia Jain,"Austin, US",2022-05-15,Full-Time,22,Office,2123
NX04255,Rohit Bhatt,rohit.bhatt4255@nexacore.com,Marketing,Product Marketing,Marketing Specialist,M2,NX04303,Isabel Patel,"Bangalore, India",2022-06-07,Full-Time,12,Hybrid,4226
NX04256,Axel Das,axel.das4256@nexacore.com,Finance,FP&A,Finance Analyst,F1,NX02274,Rosa Johnson,"Manchester, UK",2025-03-13,Full-Time,19,Hybrid,1794
NX04257,Amelia Scott,amelia.scott4257@nexacore.com,Engineering,Cloud Infrastructure,Principal Engineer,E5,NX01895,Henrik Rao,"Austin, US",2014-10-23,Part-Time,27,Hybrid,9188
NX04258,Ananya Hall,ananya.hall4258@nexacore.com,Operations,Supply Chain,Senior Operations Mgr,O3,NX01038,Julia Hall,"Austin, US",2019-10-16,Contract,28,Office,2028
NX04259,William Scott,william.scott4259@nexacore.com,Sales,SMB Sales,Sales Manager,S4,NX01784,Mira Zhang,"Singapore, Singapore",2014-06-09,Full-Time,19,Hybrid,2627
NX04260,Riya Zhang,riya.zhang4260@nexacore.com,Engineering,DevOps & SRE,Staff Engineer,E4,NX03018,Nikita Das,"Berlin, Germany",2018-05-31,Full-Time,31,Hybrid,1129
NX04261,Zoe Jensen,zoe.jensen4261@nexacore.com,Legal,IP & Compliance,Legal Analyst,L1,NX02728,Manish Klein,"Singapore, Singapore",2023-12-27,Part-Time,10,Hybrid,8126
NX04262,Manish Peters,manish.peters4262@nexacore.com,IT Support,IT Operations,IT Support Engineer,T2,NX04368,Ethan Williams,"Chennai, India",2022-12-16,Part-Time,18,Office,5221
NX04263,Siddhant Smith,siddhant.smith4263@nexacore.com,Sales,SMB Sales,Sales Manager,S4,NX05913,Markus Petrov,"New York, US",2017-04-23,Full-Time,28,Office,8247
NX04264,Mona Rao,mona.rao4264@nexacore.com,Customer Success,Onboarding,Customer Success Manager,C2,NX01894,Maria Jones,"Frankfurt, Germany",2023-04-06,Full-Time,22,Hybrid,6097
NX04265,Rafael Reddy,rafael.reddy4265@nexacore.com,Product,Analytics,Product Manager,P2,NX01791,Antoine Bennet,"Hyderabad, India",2022-04-23,Full-Time,23,Hybrid,6487
NX04266,Kevin Das,kevin.das4266@nexacore.com,Operations,Facilities,Operations Specialist,O2,NX05092,Ashley Wood,"London, UK",2022-12-24,Full-Time,21,Office,5573
NX04267,Aisha Garcia,aisha.garcia4267@nexacore.com,Sales,Presales,Sales Manager,S4,NX04083,Olivia Scott,"Bangalore, India",2017-07-25,Contract,17,Office,7366
NX04268,Rafael Murphy,rafael.murphy4268@nexacore.com,Customer Success,Onboarding,Customer Success Manager,C2,NX03451,Rohit Moore,"Pune, India",2024-01-08,Part-Time,7,Office,3390
NX04269,Kate Thompson,kate.thompson4269@nexacore.com,Customer Success,Account Management,Senior CSM,C3,NX04153,Arjun Santos,"Seattle, US",2021-05-11,Full-Time,30,Office,4711
NX04270,Simon Hoffmann,simon.hoffmann4270@nexacore.com,Product,Growth,Senior Product Manager,P3,NX02106,Usha Bhatt,"Frankfurt, Germany",2018-01-23,Part-Time,16,Office,2053
NX04271,Jason Price,jason.price4271@nexacore.com,Engineering,DevOps & SRE,Principal Engineer,E5,NX01206,Andrea Taylor,"Frankfurt, Germany",2016-02-29,Full-Time,25,Remote,9122
NX04272,Tobias Jones,tobias.jones4272@nexacore.com,Engineering,Platform Engineering,Staff Engineer,E4,NX02149,Nora Bennet,"Seattle, US",2020-05-13,Full-Time,23,Hybrid,8362
NX04273,Rajesh Taylor,rajesh.taylor4273@nexacore.com,Engineering,Mobile & Web,Senior Software Engineer,E3,NX03988,Stefan Cruz,"Munich, Germany",2020-08-26,Contract,30,Office,6776
NX04274,Nikita Chen,nikita.chen4274@nexacore.com,IT Support,Security Operations,Senior IT Engineer,T3,NX02154,Amelia Singh,"Chennai, India",2018-05-15,Full-Time,22,Remote,5278
NX04275,Lars Schmidt,lars.schmidt4275@nexacore.com,Customer Success,Support Engineering,Customer Success Manager,C2,NX01405,Usha Taylor,"San Francisco, US",2024-02-24,Full-Time,14,Hybrid,7735
NX04276,Chen Kapoor,chen.kapoor4276@nexacore.com,Customer Success,Renewals,Senior CSM,C3,NX04143,Vikas Reed,"Manchester, UK",2017-08-29,Full-Time,34,Hybrid,2006
NX04277,Manish Garcia,manish.garcia4277@nexacore.com,Engineering,Platform Engineering,Software Engineer,E2,NX04183,Siddhant Thompson,"Singapore, Singapore",2023-06-07,Full-Time,24,Office,7040
NX04278,Elena Carter,elena.carter4278@nexacore.com,Operations,Business Operations,Senior Operations Mgr,O3,NX05092,Ashley Wood,"London, UK",2020-06-22,Full-Time,15,Remote,6695
NX04279,Alejandro Lopez,alejandro.lopez4279@nexacore.com,HR,HR Business Partnering,HR Generalist,H2,NX02709,Kevin Mitchell,"Manchester, UK",2023-08-02,Part-Time,8,Hybrid,6234
NX04280,Andrei Roberts,andrei.roberts4280@nexacore.com,Engineering,Platform Engineering,Staff Engineer,E4,NX02291,Antoine Smith,"Seattle, US",2017-01-27,Full-Time,17,Hybrid,9203
NX04281,Sofia Naidu,sofia.naidu4281@nexacore.com,Finance,Treasury,Finance Manager,F3,NX02432,Lena Price,"San Francisco, US",2019-05-13,Full-Time,34,Office,5573
NX04282,Deepa Hoffmann,deepa.hoffmann4282@nexacore.com,Legal,Corporate Legal,Legal Analyst,L1,NX03217,Zara Santos,"Pune, India",2025-03-16,Full-Time,11,Office,9280
NX04283,Ashley Wood,ashley.wood4283@nexacore.com,HR,HR Business Partnering,HR Generalist,H2,NX01751,Devika Thomas,"Mumbai, India",2024-03-17,Full-Time,23,Hybrid,9662
NX04284,Leo Martin,leo.martin4284@nexacore.com,Customer Success,Renewals,Customer Success Manager,C2,NX01604,Stefan Walker,"Boston, US",2022-07-05,Contract,27,Office,6468
NX04285,Devika Perez,devika.perez4285@nexacore.com,HR,Talent Acquisition,Senior HR Specialist,H3,NX01706,Ayesha Foster,"New York, US",2020-01-03,Full-Time,30,Office,5750
NX04286,Jonas Lewis,jonas.lewis4286@nexacore.com,IT Support,Security Operations,IT Manager,T4,NX01235,Eva Walker,"San Francisco, US",2014-10-18,Full-Time,20,Hybrid,8850
NX04287,Pankaj Dubois,pankaj.dubois4287@nexacore.com,HR,People Operations,HR Coordinator,H1,NX02342,Simon Rao,"Mumbai, India",2025-09-21,Full-Time,19,Hybrid,3292
NX04288,Chen Moore,chen.moore4288@nexacore.com,Product,Analytics,Principal PM,P4,NX01111,David Bennet,"Boston, US",2017-04-15,Full-Time,26,Hybrid,8323
NX04289,Karan Garcia,karan.garcia4289@nexacore.com,Sales,Enterprise Sales,Senior Account Executive,S3,NX01172,Alejandro Chakraborty,"Boston, US",2020-02-08,Full-Time,24,Hybrid,5078
NX04290,Beatrice Gupta,beatrice.gupta4290@nexacore.com,Product,Analytics,Product Manager,P2,NX01831,Alejandro Fischer,"Berlin, Germany",2022-03-28,Full-Time,24,Hybrid,4631
NX04291,Jana Moore,jana.moore4291@nexacore.com,Sales,Enterprise Sales,Senior Account Executive,S3,NX04232,Ethan Turner,"Berlin, Germany",2021-02-23,Full-Time,27,Hybrid,5104
NX04292,Shirin Lim,shirin.lim4292@nexacore.com,Data & Analytics,ML & AI,Senior Data Analyst,D2,NX01558,Lucas Becker,"London, UK",2021-09-09,Full-Time,28,Office,4964
NX04293,Ravi Sharma,ravi.sharma4293@nexacore.com,Engineering,DevOps & SRE,Staff Engineer,E4,NX03517,Tom Peters,"Mumbai, India",2018-09-30,Full-Time,35,Office,1126
NX04294,Olivia Wright,olivia.wright4294@nexacore.com,Product,Analytics,Senior Product Manager,P3,NX02106,Usha Bhatt,"Frankfurt, Germany",2020-06-11,Full-Time,17,Office,2245
NX04295,Aryan Gupta,aryan.gupta4295@nexacore.com,Sales,Enterprise Sales,Senior Account Executive,S3,NX02251,Gaurav Moore,"Singapore, Singapore",2021-09-02,Full-Time,23,Office,3952
NX04296,Karan Meier,karan.meier4296@nexacore.com,Product,Growth,Associate PM,P1,NX01647,Nikita Kaur,"Austin, US",2025-07-29,Part-Time,7,Hybrid,5466
NX04297,Wei Klein,wei.klein4297@nexacore.com,Finance,Tax & Compliance,Senior Finance Analyst,F2,NX02295,Tina White,"Hyderabad, India",2021-07-16,Full-Time,15,Hybrid,5862
NX04298,Ishan Foster,ishan.foster4298@nexacore.com,HR,Talent Acquisition,HR Generalist,H2,NX05409,Ravi Jensen,"Singapore, Singapore",2024-04-11,Full-Time,13,Hybrid,5342
NX04299,Riya Wright,riya.wright4299@nexacore.com,Engineering,QA & Testing,Senior Software Engineer,E3,NX01354,Arjun Liu,"London, UK",2022-10-24,Part-Time,9,Remote,1402
NX04300,Emma Williams,emma.williams4300@nexacore.com,Product,Core Product,Principal PM,P4,NX03725,Wei Varma,"Boston, US",2015-09-09,Full-Time,26,Remote,9919
NX04301,Tom Bhatt,tom.bhatt4301@nexacore.com,Engineering,Mobile & Web,Software Engineer,E2,NX02662,Aarav Brown,"Pune, India",2023-09-12,Full-Time,13,Office,6980
NX04302,Kevin Jain,kevin.jain4302@nexacore.com,Engineering,DevOps & SRE,Senior Software Engineer,E3,NX02909,Milan Fischer,"San Francisco, US",2022-11-22,Full-Time,16,Hybrid,5958
NX04303,Isabel Patel,isabel.patel4303@nexacore.com,Marketing,Brand & Communications,Marketing Director,M4,NX01572,Ethan Patel,"Bangalore, India",2015-11-06,Contract,23,Office,5317
NX04304,Karen Nguyen,karen.nguyen4304@nexacore.com,Sales,Presales,Account Executive,S2,NX03334,Jana Wilson,"Mumbai, India",2024-03-25,Part-Time,9,Remote,1175
NX04305,Liam Nelson,liam.nelson4305@nexacore.com,Product,Core Product,Senior Product Manager,P3,NX01766,Pankaj Carter,"Pune, India",2018-12-13,Full-Time,30,Hybrid,4669
NX04306,Jessica Sharma,jessica.sharma4306@nexacore.com,Marketing,Content & SEO,Senior Marketing Manager,M3,NX02072,Ananya Thomas,"Hyderabad, India",2016-12-16,Full-Time,24,Remote,7237
NX04307,Wei Davis,wei.davis4307@nexacore.com,HR,HR Business Partnering,HR Generalist,H2,NX04137,Linda Wang,"Edinburgh, UK",2022-05-30,Contract,26,Office,9086
NX04308,Karl Walker,karl.walker4308@nexacore.com,Legal,Employment Law,Legal Analyst,L1,NX02747,Karan Sanchez,"Austin, US",2024-12-08,Full-Time,13,Remote,6687
NX04309,Omar Sandoval,omar.sandoval4309@nexacore.com,Customer Success,Onboarding,Customer Success Manager,C2,NX05904,Neha Lee,"Edinburgh, UK",2023-11-29,Contract,23,Office,8997
NX04310,Jessica Meyer,jessica.meyer4310@nexacore.com,Sales,Sales Operations,Senior Account Executive,S3,NX03290,Zoe Hoffmann,"Frankfurt, Germany",2020-02-25,Full-Time,25,Office,5914
NX04311,Andrea Miller,andrea.miller4311@nexacore.com,Operations,Facilities,Operations Director,O4,NX01413,Amelia Cruz,"Boston, US",2013-06-06,Full-Time,17,Hybrid,4319
NX04312,Paola Patel,paola.patel4312@nexacore.com,Engineering,Platform Engineering,Associate Engineer,E1,NX01161,Mohamed Roth,"Frankfurt, Germany",2025-11-16,Full-Time,15,Hybrid,3947
NX04313,Akira Perez,akira.perez4313@nexacore.com,Operations,Facilities,Operations Director,O4,NX02232,Bernd Patel,"Berlin, Germany",2014-10-17,Full-Time,21,Remote,2813
NX04314,Freya Muller,freya.muller4314@nexacore.com,Engineering,Platform Engineering,Senior Software Engineer,E3,NX03376,Michael Hoffmann,"Chennai, India",2022-04-23,Part-Time,19,Remote,2987
NX04315,Sabrina Price,sabrina.price4315@nexacore.com,IT Support,End-User Computing,IT Manager,T4,NX01581,Milan Varma,"Pune, India",2016-01-29,Full-Time,28,Office,8143
NX04316,Aarav Sandoval,aarav.sandoval4316@nexacore.com,Customer Success,Onboarding,CS Director,C4,NX01315,Sofia Khan,"Seattle, US",2017-06-06,Contract,21,Hybrid,1802
NX04317,Andrei Harris,andrei.harris4317@nexacore.com,Engineering,Cloud Infrastructure,Staff Engineer,E4,NX02130,Amelia Kapoor,"Frankfurt, Germany",2019-06-06,Part-Time,26,Office,6647
NX04318,Vikram Patel,vikram.patel4318@nexacore.com,Customer Success,Renewals,Customer Success Manager,C2,NX01894,Maria Jones,"Frankfurt, Germany",2024-09-24,Full-Time,14,Hybrid,8604
NX04319,Diego Wang,diego.wang4319@nexacore.com,Sales,Presales,Account Executive,S2,NX03615,Jessica Meyer,"Singapore, Singapore",2024-08-01,Full-Time,17,Hybrid,7573
NX04320,Maya Nair,maya.nair4320@nexacore.com,Customer Success,Onboarding,Senior CSM,C3,NX05423,Paola Harris,"Frankfurt, Germany",2019-10-05,Full-Time,22,Hybrid,7395
NX04321,Chris Sandoval,chris.sandoval4321@nexacore.com,Engineering,Cloud Infrastructure,Staff Engineer,E4,NX05493,Shreya Bhatt,"Chennai, India",2016-06-24,Full-Time,32,Hybrid,4353
NX04322,Paola Moore,paola.moore4322@nexacore.com,Operations,Business Operations,Senior Operations Mgr,O3,NX02124,Julia Walker,"Munich, Germany",2020-11-30,Full-Time,26,Remote,6762
NX04323,Andrea Carter,andrea.carter4323@nexacore.com,Operations,Procurement,Operations Specialist,O2,NX02191,Ryan Wang,"Manchester, UK",2021-07-31,Full-Time,13,Office,7816
NX04324,Sofia Hansen,sofia.hansen4324@nexacore.com,Marketing,Product Marketing,Senior Marketing Manager,M3,NX05969,Ravi Wood,"Pune, India",2018-08-16,Contract,20,Hybrid,5294
NX04325,Uma Nguyen,uma.nguyen4325@nexacore.com,Data & Analytics,ML & AI,Senior Data Analyst,D2,NX01322,Elena Yamada,"Frankfurt, Germany",2023-07-05,Full-Time,15,Office,6028
NX04326,Jonas Reed,jonas.reed4326@nexacore.com,Finance,Accounting,Finance Manager,F3,NX01889,Freya Green,"Manchester, UK",2020-06-06,Full-Time,30,Office,3907
NX04327,Nora Foster,nora.foster4327@nexacore.com,Engineering,Platform Engineering,Associate Engineer,E1,NX04380,Simon Williams,"Hyderabad, India",2024-12-26,Contract,19,Hybrid,7976
NX04328,David Garcia,david.garcia4328@nexacore.com,Engineering,DevOps & SRE,Software Engineer,E2,NX01505,Karan Hoffmann,"Frankfurt, Germany",2024-09-18,Full-Time,14,Office,4099
NX04329,Jaya Mendes,jaya.mendes4329@nexacore.com,Finance,Accounting,Finance Analyst,F1,NX01483,Kate Miller,"Mumbai, India",2024-10-20,Full-Time,15,Remote,8837
NX04330,Jonas Brown,jonas.brown4330@nexacore.com,Engineering,Mobile & Web,Senior Software Engineer,E3,NX01258,Rohit Carter,"Edinburgh, UK",2021-01-25,Contract,16,Hybrid,7126
NX04331,Karen Johnson,karen.johnson4331@nexacore.com,HR,L&D,Senior HR Specialist,H3,NX03274,Tina Muller,"London, UK",2019-03-11,Full-Time,31,Office,5534
NX04332,Tanvi Kapoor,tanvi.kapoor4332@nexacore.com,Customer Success,Renewals,Customer Success Manager,C2,NX04316,Aarav Sandoval,"Singapore, Singapore",2023-12-23,Full-Time,13,Hybrid,4227
NX04333,Manish Wright,manish.wright4333@nexacore.com,Engineering,Mobile & Web,Senior Software Engineer,E3,NX02402,Vikram Nelson,"Pune, India",2020-07-19,Full-Time,27,Hybrid,3251
NX04334,Jonathan Cruz,jonathan.cruz4334@nexacore.com,Operations,Procurement,Operations Specialist,O2,NX03489,Aarav Young,"Munich, Germany",2022-09-14,Contract,27,Office,5002
NX04335,Linda Varma,linda.varma4335@nexacore.com,Operations,Procurement,Operations Analyst,O1,NX04217,Lars Rao,"Manchester, UK",2025-01-23,Part-Time,7,Remote,9109
NX04336,Stefan Zhou,stefan.zhou4336@nexacore.com,IT Support,Security Operations,IT Support Engineer,T2,NX01898,Nora White,"Hyderabad, India",2023-10-13,Full-Time,21,Hybrid,5935
NX04337,Jessica Kumar,jessica.kumar4337@nexacore.com,Operations,Facilities,Senior Operations Mgr,O3,NX02235,Aarav Shah,"San Francisco, US",2021-03-11,Full-Time,29,Hybrid,2125
NX04338,Neha Philips,neha.philips4338@nexacore.com,Finance,Tax & Compliance,Senior Finance Manager,F4,NX02145,Fiona Dubois,"Mumbai, India",2015-10-22,Contract,30,Hybrid,1821
NX04339,Liam Price,liam.price4339@nexacore.com,Engineering,Platform Engineering,Staff Engineer,E4,NX03795,Wei Kumar,"San Francisco, US",2019-01-05,Full-Time,21,Office,6772
NX04340,Robert Hall,robert.hall4340@nexacore.com,Finance,Tax & Compliance,Finance Analyst,F1,NX04377,Shreya Robinson,"San Francisco, US",2024-08-08,Full-Time,17,Office,8546
NX04341,Aditi Rao,aditi.rao4341@nexacore.com,Sales,Sales Operations,Senior Account Executive,S3,NX02408,Rajesh Chen,"London, UK",2020-07-09,Full-Time,24,Office,5466
NX04342,Leo Davis,leo.davis4342@nexacore.com,Engineering,Platform Engineering,Software Engineer,E2,NX05306,Luka Cruz,"Hyderabad, India",2024-04-04,Full-Time,10,Hybrid,5267
NX04343,Isabel Martin,isabel.martin4343@nexacore.com,Customer Success,Support Engineering,Customer Success Manager,C2,NX02440,Tobias Foster,"Chennai, India",2024-07-22,Full-Time,11,Hybrid,2163
NX04344,Tom Roberts,tom.roberts4344@nexacore.com,HR,HR Business Partnering,Senior HR Specialist,H3,NX02817,Tina Wood,"Pune, India",2018-02-24,Full-Time,17,Hybrid,5020
NX04345,Paola Nguyen,paola.nguyen4345@nexacore.com,HR,L&D,Senior HR Specialist,H3,NX01131,Fiona Pillai,"San Francisco, US",2017-08-25,Contract,33,Hybrid,2650
NX04346,Beatrice Lim,beatrice.lim4346@nexacore.com,Legal,Employment Law,Associate Counsel,L2,NX02960,Rajesh Young,"Frankfurt, Germany",2023-01-23,Full-Time,15,Hybrid,1871
NX04347,Benjamin Muller,benjamin.muller4347@nexacore.com,Sales,Sales Operations,Account Executive,S2,NX02042,Kiara Sanchez,"New York, US",2022-12-27,Full-Time,17,Hybrid,6297
NX04348,Lucas Murphy,lucas.murphy4348@nexacore.com,HR,People Operations,Senior HR Specialist,H3,NX02207,Stefan Davies,"Bangalore, India",2017-02-23,Full-Time,27,Hybrid,7379
NX04349,Grace Foster,grace.foster4349@nexacore.com,Product,Growth,Principal PM,P4,NX01111,David Bennet,"Boston, US",2017-01-25,Full-Time,21,Office,5032
NX04350,Maria Jensen,maria.jensen4350@nexacore.com,Data & Analytics,ML & AI,Lead Data Scientist,D4,NX03828,James Nielsen,"Edinburgh, UK",2015-05-11,Full-Time,25,Hybrid,5246
NX04351,Sneha Varma,sneha.varma4351@nexacore.com,Finance,FP&A,Finance Manager,F3,NX02265,Alex Carter,"Mumbai, India",2017-09-15,Full-Time,17,Hybrid,9609
NX04352,Ashley Carter,ashley.carter4352@nexacore.com,Product,Analytics,Product Manager,P2,NX02188,Nisha Johnson,"Manchester, UK",2023-12-17,Full-Time,23,Office,5255
NX04353,Ayesha Wood,ayesha.wood4353@nexacore.com,Finance,Accounting,Senior Finance Analyst,F2,NX01916,Vikas Das,"Bangalore, India",2023-02-25,Full-Time,12,Hybrid,6537
NX04354,Rajesh Chen,rajesh.chen4354@nexacore.com,Engineering,DevOps & SRE,Senior Software Engineer,E3,NX02850,Antoine Nair,"Singapore, Singapore",2022-10-01,Full-Time,25,Office,9663
NX04355,Nicolas Khan,nicolas.khan4355@nexacore.com,Data & Analytics,Data Engineering,Senior Data Analyst,D2,NX01216,Lars Sanchez,"San Francisco, US",2023-11-17,Full-Time,14,Remote,1202
NX04356,Elena Rao,elena.rao4356@nexacore.com,Product,Platform,Senior Product Manager,P3,NX01555,Priya Klein,"Hyderabad, India",2019-01-14,Full-Time,25,Office,2909
NX04357,Samuel Smith,samuel.smith4357@nexacore.com,Marketing,Brand & Communications,Senior Marketing Manager,M3,NX05407,Martin Singh,"Manchester, UK",2020-09-28,Part-Time,22,Office,6393
NX04358,Harry Wood,harry.wood4358@nexacore.com,IT Support,IT Operations,Senior IT Engineer,T3,NX01247,Freya Becker,"New York, US",2017-05-15,Full-Time,32,Hybrid,2681
NX04359,Lucas Gonzalez,lucas.gonzalez4359@nexacore.com,Legal,Employment Law,Associate Counsel,L2,NX02266,Aryan Wood,"Seattle, US",2023-02-23,Contract,27,Hybrid,2377
NX04360,Jonas Price,jonas.price4360@nexacore.com,Engineering,Mobile & Web,Software Engineer,E2,NX03517,Tom Peters,"Edinburgh, UK",2023-12-18,Contract,16,Office,3759
NX04361,Riya Lim,riya.lim4361@nexacore.com,Legal,Corporate Legal,Senior Counsel,L3,NX03993,Tina Smith,"Bangalore, India",2017-05-02,Full-Time,32,Hybrid,8376
NX04362,Martin Brown,martin.brown4362@nexacore.com,Sales,SMB Sales,Senior Account Executive,S3,NX02189,Sofia Walker,"Mumbai, India",2019-08-27,Contract,24,Office,8140
NX04363,Tobias Price,tobias.price4363@nexacore.com,Engineering,QA & Testing,Staff Engineer,E4,NX05176,Shreya Wright,"Edinburgh, UK",2019-12-05,Full-Time,31,Hybrid,9887
NX04364,Ethan Patel,ethan.patel4364@nexacore.com,Finance,Accounting,Senior Finance Analyst,F2,NX01760,Rohit Gupta,"Pune, India",2022-04-11,Full-Time,19,Remote,2667
NX04365,Robert Lee,robert.lee4365@nexacore.com,Operations,Facilities,Senior Operations Mgr,O3,NX01234,Kabir Dubois,"Pune, India",2017-09-02,Full-Time,32,Hybrid,1416
NX04366,Bernd Davies,bernd.davies4366@nexacore.com,Engineering,Cloud Infrastructure,Principal Engineer,E5,NX01930,Beatrice Rodriguez,"Mumbai, India",2016-03-14,Contract,32,Hybrid,6886
NX04367,Ravi Reed,ravi.reed4367@nexacore.com,Product,Growth,Senior Product Manager,P3,NX04120,Ravi Bauer,"Austin, US",2020-10-09,Full-Time,31,Hybrid,3054
NX04368,Ethan Williams,ethan.williams4368@nexacore.com,IT Support,Security Operations,IT Manager,T4,NX01337,Priya Thomas,"Seattle, US",2014-09-26,Full-Time,33,Hybrid,4976
NX04369,Freya Bauer,freya.bauer4369@nexacore.com,Sales,SMB Sales,Account Executive,S2,NX01364,Tom Scott,"London, UK",2024-02-26,Full-Time,12,Hybrid,8225
NX04370,Ananya Nguyen,ananya.nguyen4370@nexacore.com,Engineering,DevOps & SRE,Staff Engineer,E4,NX04044,Chen Zhang,"Edinburgh, UK",2018-01-08,Full-Time,29,Hybrid,9769
NX04371,Thomas Singh,thomas.singh4371@nexacore.com,Data & Analytics,Data Governance,Data Analyst,D1,NX01034,Pedro Moore,"Edinburgh, UK",2025-01-30,Full-Time,12,Hybrid,9179
NX04372,Sven Fischer,sven.fischer4372@nexacore.com,Operations,Supply Chain,Operations Specialist,O2,NX04041,Gabriel Yamada,"Mumbai, India",2022-09-10,Full-Time,18,Remote,1848
NX04373,Alejandro Johnson,alejandro.johnson4373@nexacore.com,Operations,Business Operations,Operations Analyst,O1,NX01925,Fiona Foster,"Mumbai, India",2025-07-21,Full-Time,9,Hybrid,9078
NX04374,Ethan Klein,ethan.klein4374@nexacore.com,Engineering,DevOps & SRE,Software Engineer,E2,NX01013,Michael Zhou,"Chennai, India",2023-12-28,Full-Time,16,Hybrid,2060
NX04375,Sabrina Wright,sabrina.wright4375@nexacore.com,Operations,Business Operations,Senior Operations Mgr,O3,NX05467,Amelia Nielsen,"New York, US",2018-04-13,Full-Time,28,Office,6227
NX04376,Henrik Jain,henrik.jain4376@nexacore.com,Marketing,Brand & Communications,Marketing Specialist,M2,NX02416,Jaya Murphy,"New York, US",2023-12-05,Contract,19,Office,3726
NX04377,Shreya Robinson,shreya.robinson4377@nexacore.com,Finance,Treasury,Senior Finance Manager,F4,NX01510,Ayesha Varma,"Singapore, Singapore",2016-02-11,Full-Time,34,Office,5492
NX04378,Haruto Taylor,haruto.taylor4378@nexacore.com,Sales,SMB Sales,Account Executive,S2,NX03615,Jessica Meyer,"Manchester, UK",2023-08-07,Full-Time,14,Remote,4854
NX04379,Aryan Cruz,aryan.cruz4379@nexacore.com,Sales,Presales,Senior Account Executive,S3,NX03333,Beatrice Sandoval,"New York, US",2019-08-21,Part-Time,21,Hybrid,6119
NX04380,Simon Williams,simon.williams4380@nexacore.com,Engineering,Platform Engineering,Principal Engineer,E5,NX01276,Beatrice Mitchell,"Manchester, UK",2013-03-08,Full-Time,35,Office,9120
NX04381,Sophie Mendes,sophie.mendes4381@nexacore.com,Operations,Supply Chain,Senior Operations Mgr,O3,NX03040,Wei Hughes,"Boston, US",2019-07-10,Contract,21,Hybrid,4241
NX04382,Noah Nielsen,noah.nielsen4382@nexacore.com,Operations,Procurement,Operations Director,O4,NX01399,Harry Petrov,"Singapore, Singapore",2014-04-15,Full-Time,33,Remote,4894
NX04383,Zoe Bauer,zoe.bauer4383@nexacore.com,HR,L&D,Senior HR Specialist,H3,NX03618,Vikas Jones,"Manchester, UK",2017-12-07,Full-Time,18,Office,5578
NX04384,Olivia Kim,olivia.kim4384@nexacore.com,Operations,Business Operations,Operations Specialist,O2,NX01234,Kabir Dubois,"New York, US",2022-10-21,Full-Time,21,Office,4095
NX04385,Amelia Wright,amelia.wright4385@nexacore.com,Operations,Facilities,Operations Analyst,O1,NX01523,Jonas Wright,"Hyderabad, India",2024-08-27,Full-Time,20,Hybrid,6806
NX04386,Chris Wright,chris.wright4386@nexacore.com,IT Support,Security Operations,IT Support Engineer,T2,NX01881,Daniel Young,"Pune, India",2022-02-05,Full-Time,19,Office,2757
NX04387,Kabir Naidu,kabir.naidu4387@nexacore.com,Sales,SMB Sales,Senior Account Executive,S3,NX03626,Mohamed White,"Edinburgh, UK",2020-02-07,Full-Time,23,Remote,1498
NX04388,Kiara Chen,kiara.chen4388@nexacore.com,Engineering,DevOps & SRE,Software Engineer,E2,NX03925,Stefan Williams,"Austin, US",2024-04-26,Full-Time,21,Hybrid,7878
NX04389,Sven Pillai,sven.pillai4389@nexacore.com,Customer Success,Renewals,CS Director,C4,NX02121,Ananya Green,"Mumbai, India",2016-02-15,Part-Time,27,Hybrid,4546
NX04390,Zoe Desai,zoe.desai4390@nexacore.com,Engineering,Cloud Infrastructure,Associate Engineer,E1,NX03548,Jason Miller,"Singapore, Singapore",2024-12-06,Full-Time,10,Office,9623
NX04391,Kabir Martinez,kabir.martinez4391@nexacore.com,Legal,IP & Compliance,Senior Counsel,L3,NX01951,Benjamin Lewis,"Munich, Germany",2016-10-11,Part-Time,26,Remote,2966
NX04392,Aryan Gonzalez,aryan.gonzalez4392@nexacore.com,Engineering,DevOps & SRE,Software Engineer,E2,NX02916,Olivia Shah,"London, UK",2023-06-20,Contract,10,Office,4562
NX04393,Aryan Das,aryan.das4393@nexacore.com,Engineering,Mobile & Web,Principal Engineer,E5,NX01170,Michael Patel,"San Francisco, US",2015-11-07,Full-Time,19,Hybrid,7598
NX04394,Gabriel Johnson,gabriel.johnson4394@nexacore.com,Engineering,Platform Engineering,Staff Engineer,E4,NX05968,Ayesha Kumar,"Berlin, Germany",2017-11-27,Part-Time,20,Hybrid,1431
NX04395,Alex Johnson,alex.johnson4395@nexacore.com,Engineering,QA & Testing,Software Engineer,E2,NX02736,Nikita Roth,"Pune, India",2023-07-08,Contract,16,Hybrid,9964
NX04396,Patrick White,patrick.white4396@nexacore.com,Engineering,Platform Engineering,Associate Engineer,E1,NX02130,Amelia Kapoor,"Mumbai, India",2024-12-12,Full-Time,19,Hybrid,2241
NX04397,Kiara Bennet,kiara.bennet4397@nexacore.com,IT Support,Security Operations,IT Support Engineer,T2,NX03111,Ryan Lewis,"Hyderabad, India",2024-05-14,Full-Time,12,Hybrid,2026
NX04398,Rosa Singh,rosa.singh4398@nexacore.com,Sales,Presales,Account Executive,S2,NX03156,Antoine Kapoor,"Munich, Germany",2023-11-20,Part-Time,15,Remote,5612
NX04399,Sophie Bauer,sophie.bauer4399@nexacore.com,Engineering,Cloud Infrastructure,Software Engineer,E2,NX03030,William Kumar,"Chennai, India",2023-12-16,Full-Time,10,Hybrid,5191
NX04400,Jessica Williams,jessica.williams4400@nexacore.com,Operations,Business Operations,Operations Analyst,O1,NX03374,Amara Chen,"Boston, US",2024-08-01,Full-Time,18,Hybrid,2086
NX04401,Andrea Becker,andrea.becker4401@nexacore.com,HR,L&D,HR Coordinator,H1,NX05495,Jaya Robinson,"Edinburgh, UK",2025-09-25,Full-Time,20,Hybrid,4264
NX04402,David Johnson,david.johnson4402@nexacore.com,Engineering,Mobile & Web,Senior Software Engineer,E3,NX02904,Freya Chen,"Manchester, UK",2021-09-08,Full-Time,25,Remote,1775
NX04403,Sneha Young,sneha.young4403@nexacore.com,Sales,SMB Sales,Senior Account Executive,S3,NX03431,Anita Peters,"Chennai, India",2020-04-02,Part-Time,18,Hybrid,8606
NX04404,Devika Thomas,devika.thomas4404@nexacore.com,Engineering,Platform Engineering,Staff Engineer,E4,NX02393,Uma Philips,"Frankfurt, Germany",2018-11-09,Full-Time,18,Hybrid,9139
NX04405,Shirin Petrov,shirin.petrov4405@nexacore.com,Data & Analytics,Data Governance,Lead Data Scientist,D4,NX02768,Simon Bennet,"Frankfurt, Germany",2015-05-13,Part-Time,32,Office,4567
NX04406,Tobias Peters,tobias.peters4406@nexacore.com,HR,HR Business Partnering,Senior HR Specialist,H3,NX02401,William Moore,"Hyderabad, India",2020-03-02,Full-Time,16,Hybrid,4657
NX04407,Shirin Smith,shirin.smith4407@nexacore.com,Engineering,Cloud Infrastructure,Senior Software Engineer,E3,NX05125,Kiara Hall,"Mumbai, India",2021-07-05,Full-Time,21,Office,6918
NX04408,Clara Sandoval,clara.sandoval4408@nexacore.com,Operations,Facilities,Senior Operations Mgr,O3,NX01267,Zara Green,"London, UK",2021-03-11,Full-Time,15,Remote,2384
NX04409,Shirin Williams,shirin.williams4409@nexacore.com,Product,Growth,Senior Product Manager,P3,NX04162,Shreya Becker,"Seattle, US",2020-08-31,Full-Time,31,Office,9169
NX04410,Ravi Zhou,ravi.zhou4410@nexacore.com,Customer Success,Support Engineering,Senior CSM,C3,NX05699,Ananya Brown,"Mumbai, India",2019-11-09,Full-Time,22,Remote,8937
NX04411,Mira Price,mira.price4411@nexacore.com,Operations,Facilities,Senior Operations Mgr,O3,NX05641,Alejandro Kumar,"San Francisco, US",2018-02-09,Contract,25,Hybrid,4906
NX04412,Rahul Williams,rahul.williams4412@nexacore.com,Engineering,Cloud Infrastructure,Staff Engineer,E4,NX02764,Gaurav Brown,"Mumbai, India",2017-03-04,Full-Time,29,Hybrid,4859
NX04413,Haruto Nguyen,haruto.nguyen4413@nexacore.com,Engineering,Platform Engineering,Principal Engineer,E5,NX02027,Ethan Santos,"London, UK",2014-09-30,Full-Time,19,Hybrid,6144
NX04414,Rohit Nielsen,rohit.nielsen4414@nexacore.com,Sales,Enterprise Sales,Senior Account Executive,S3,NX02504,Nikita Scott,"Chennai, India",2021-07-15,Full-Time,27,Remote,6818
NX04415,James Nielsen,james.nielsen4415@nexacore.com,Legal,Employment Law,Senior Counsel,L3,NX05399,Thomas Rodriguez,"Seattle, US",2019-03-16,Full-Time,24,Hybrid,6705
NX04416,Nikita Yamada,nikita.yamada4416@nexacore.com,Engineering,Cloud Infrastructure,Principal Engineer,E5,NX01992,Sven Lewis,"London, UK",2014-11-11,Full-Time,34,Hybrid,8375
NX04417,Valentina Weber,valentina.weber4417@nexacore.com,IT Support,Security Operations,Senior IT Engineer,T3,NX05195,Amara Singh,"Berlin, Germany",2019-01-15,Full-Time,19,Office,9815
NX04418,Gaurav Smith,gaurav.smith4418@nexacore.com,IT Support,Security Operations,Senior IT Engineer,T3,NX05290,Siddhant Lewis,"Chennai, India",2018-06-30,Full-Time,31,Hybrid,1149
NX04419,Linda Becker,linda.becker4419@nexacore.com,Data & Analytics,ML & AI,Data Scientist,D3,NX05891,Vikas Williams,"Frankfurt, Germany",2017-11-28,Full-Time,23,Hybrid,2730
NX04420,Sara Meier,sara.meier4420@nexacore.com,HR,HR Business Partnering,HR Manager,H4,NX01327,Markus Lim,"Bangalore, India",2014-10-11,Full-Time,26,Hybrid,8004
NX04421,Rebecca Peters,rebecca.peters4421@nexacore.com,Marketing,Brand & Communications,Marketing Director,M4,NX01289,Isabel Liu,"Singapore, Singapore",2014-07-08,Full-Time,22,Hybrid,3065
NX04422,Manish Kumar,manish.kumar4422@nexacore.com,Engineering,DevOps & SRE,Senior Software Engineer,E3,NX02402,Vikram Nelson,"Mumbai, India",2020-08-09,Part-Time,15,Hybrid,2346
NX04423,Clara Becker,clara.becker4423@nexacore.com,Engineering,Platform Engineering,Staff Engineer,E4,NX03544,Sophie Kaur,"Singapore, Singapore",2017-12-22,Full-Time,28,Office,3572
NX04424,Mona Patel,mona.patel4424@nexacore.com,Engineering,Platform Engineering,Software Engineer,E2,NX02596,Karen Dubois,"Boston, US",2023-08-20,Part-Time,16,Hybrid,8595
NX04425,Kate Fischer,kate.fischer4425@nexacore.com,HR,L&D,Senior HR Specialist,H3,NX01751,Devika Thomas,"Edinburgh, UK",2018-01-13,Part-Time,13,Office,5200
NX04426,Anna Yamada,anna.yamada4426@nexacore.com,Customer Success,Account Management,Senior CSM,C3,NX05346,Alejandro Wright,"Mumbai, India",2021-02-22,Full-Time,17,Hybrid,8246
NX04427,Tobias Sandoval,tobias.sandoval4427@nexacore.com,HR,People Operations,HR Generalist,H2,NX01340,Andrea Patel,"Seattle, US",2024-02-25,Full-Time,25,Office,5628
NX04428,Wei Dubois,wei.dubois4428@nexacore.com,Legal,Corporate Legal,Associate Counsel,L2,NX04983,Mohamed Robinson,"San Francisco, US",2021-02-08,Full-Time,22,Hybrid,5015
NX04429,Diego Jones,diego.jones4429@nexacore.com,Engineering,Platform Engineering,Senior Software Engineer,E3,NX03202,Carlos Moore,"Seattle, US",2022-05-20,Full-Time,26,Remote,9357
NX04430,David Green,david.green4430@nexacore.com,Customer Success,Renewals,CS Director,C4,NX01123,Lena Kumar,"Manchester, UK",2015-11-12,Contract,34,Hybrid,1353
NX04431,Kate Khan,kate.khan4431@nexacore.com,Engineering,Cloud Infrastructure,Staff Engineer,E4,NX02236,Michael Schmidt,"Munich, Germany",2018-09-07,Full-Time,24,Hybrid,7247
NX04432,Sneha Koch,sneha.koch4432@nexacore.com,Product,Core Product,Product Manager,P2,NX01039,Riya Roberts,"London, UK",2024-05-09,Full-Time,21,Office,4366
NX04433,David Clark,david.clark4433@nexacore.com,Operations,Facilities,Operations Analyst,O1,NX01535,Ravi Lewis,"Seattle, US",2024-12-02,Full-Time,10,Remote,1442
NX04434,Elena Bennet,elena.bennet4434@nexacore.com,Engineering,DevOps & SRE,Software Engineer,E2,NX02008,Leo Rodriguez,"Bangalore, India",2023-06-24,Full-Time,19,Hybrid,1864
NX04435,Amelia Meier,amelia.meier4435@nexacore.com,Finance,Accounting,Senior Finance Analyst,F2,NX02327,Robert Kaur,"New York, US",2022-12-31,Full-Time,14,Remote,8171
NX04436,Kate Wright,kate.wright4436@nexacore.com,Marketing,Product Marketing,Senior Marketing Manager,M3,NX02085,Freya Green,"San Francisco, US",2019-06-01,Contract,22,Hybrid,2964
NX04437,David Muller,david.muller4437@nexacore.com,Operations,Supply Chain,Senior Operations Mgr,O3,NX05326,Anjali Philips,"London, UK",2020-07-05,Part-Time,18,Office,5425
NX04438,Emma Muller,emma.muller4438@nexacore.com,Product,Core Product,Product Manager,P2,NX02591,William Ross,"Seattle, US",2023-09-30,Full-Time,15,Hybrid,9770
NX04439,Fiona Moore,fiona.moore4439@nexacore.com,Engineering,QA & Testing,Staff Engineer,E4,NX05960,Patrick Liu,"Chennai, India",2019-12-17,Part-Time,16,Remote,2744
NX04440,Liam Scott,liam.scott4440@nexacore.com,Customer Success,Support Engineering,Customer Success Manager,C2,NX02257,Omar Taylor,"Mumbai, India",2024-05-11,Full-Time,14,Hybrid,4768
NX04441,Nora Price,nora.price4441@nexacore.com,Engineering,Platform Engineering,Principal Engineer,E5,NX02014,Luka Thompson,"San Francisco, US",2015-01-07,Part-Time,29,Remote,9322
NX04442,Valentina Bennet,valentina.bennet4442@nexacore.com,Marketing,Product Marketing,Marketing Coordinator,M1,NX03731,Laura Miller,"Bangalore, India",2025-02-27,Full-Time,12,Hybrid,9330
NX04443,Beatrice Sanchez,beatrice.sanchez4443@nexacore.com,Data & Analytics,Data Governance,Data Scientist,D3,NX01521,Eva Nielsen,"San Francisco, US",2017-10-09,Full-Time,26,Hybrid,3154
NX04444,Olivia Hall,olivia.hall4444@nexacore.com,IT Support,IT Operations,IT Support Engineer,T2,NX01640,Ashley Kapoor,"Frankfurt, Germany",2021-06-05,Full-Time,23,Office,7398
NX04445,Lena Sandoval,lena.sandoval4445@nexacore.com,Finance,Accounting,Senior Finance Analyst,F2,NX01560,Linda Lewis,"Mumbai, India",2023-03-25,Full-Time,26,Office,8123
NX04446,Aisha Miller,aisha.miller4446@nexacore.com,Product,Growth,Product Manager,P2,NX01310,Sabrina White,"Edinburgh, UK",2021-10-30,Full-Time,15,Office,6966
NX04447,Pankaj Hoffmann,pankaj.hoffmann4447@nexacore.com,Customer Success,Renewals,Senior CSM,C3,NX05269,Mohamed Sharma,"Munich, Germany",2017-10-28,Contract,18,Hybrid,6761
NX04448,Manish Taylor,manish.taylor4448@nexacore.com,Operations,Procurement,Operations Specialist,O2,NX05250,Karen Kumar,"Bangalore, India",2024-05-08,Contract,17,Hybrid,1399
NX04449,Simon Gonzalez,simon.gonzalez4449@nexacore.com,Customer Success,Support Engineering,Customer Success Manager,C2,NX05668,Mona Kaur,"Seattle, US",2023-11-12,Full-Time,24,Remote,2516
NX04450,Sabrina Chakraborty,sabrina.chakraborty4450@nexacore.com,Engineering,QA & Testing,Staff Engineer,E4,NX01125,Sabrina Kaur,"Austin, US",2018-06-16,Full-Time,35,Remote,8214
NX04451,Emma Mitchell,emma.mitchell4451@nexacore.com,Operations,Business Operations,Senior Operations Mgr,O3,NX01732,Devika Cruz,"Manchester, UK",2018-12-17,Part-Time,20,Hybrid,3037
NX04452,Rahul Zhou,rahul.zhou4452@nexacore.com,Engineering,Platform Engineering,Associate Engineer,E1,NX04416,Nikita Yamada,"San Francisco, US",2024-12-23,Full-Time,20,Hybrid,5868
NX04453,Kevin Turner,kevin.turner4453@nexacore.com,Data & Analytics,ML & AI,Data Scientist,D3,NX01527,Sabrina Meyer,"Seattle, US",2020-09-06,Full-Time,27,Office,4977
NX04454,Ryan Das,ryan.das4454@nexacore.com,Engineering,DevOps & SRE,Staff Engineer,E4,NX04685,Kate Wood,"Seattle, US",2018-09-15,Contract,26,Office,6805
NX04455,Oliver Nielsen,oliver.nielsen4455@nexacore.com,Marketing,Brand & Communications,Marketing Specialist,M2,NX05977,Karen Nelson,"New York, US",2023-12-07,Full-Time,10,Remote,5716
NX04456,Emma Nelson,emma.nelson4456@nexacore.com,Sales,Enterprise Sales,Sales Manager,S4,NX03029,Kevin Lim,"Singapore, Singapore",2016-10-03,Full-Time,27,Hybrid,1387
NX04457,Gabriel Hughes,gabriel.hughes4457@nexacore.com,Customer Success,Account Management,Customer Success Manager,C2,NX01430,Rosa Turner,"Edinburgh, UK",2021-07-07,Part-Time,13,Hybrid,7695
NX04458,Liam Weber,liam.weber4458@nexacore.com,Operations,Supply Chain,Senior Operations Mgr,O3,NX01267,Zara Green,"Seattle, US",2018-08-30,Full-Time,25,Hybrid,7006
NX04459,Blake Cruz,blake.cruz4459@nexacore.com,Engineering,Cloud Infrastructure,Software Engineer,E2,NX03202,Carlos Moore,"Edinburgh, UK",2024-10-30,Full-Time,23,Office,6737
NX04460,Aditi Fischer,aditi.fischer4460@nexacore.com,Finance,Accounting,Finance Manager,F3,NX02005,Mohamed Miller,"New York, US",2018-01-07,Full-Time,25,Office,6841
NX04461,Grace Reddy,grace.reddy4461@nexacore.com,Finance,Accounting,Senior Finance Analyst,F2,NX02205,Gaurav Varma,"Munich, Germany",2021-06-10,Full-Time,24,Office,4379
NX04462,Jaya Lewis,jaya.lewis4462@nexacore.com,Engineering,Mobile & Web,Principal Engineer,E5,NX01498,Jana Singh,"San Francisco, US",2012-06-02,Full-Time,29,Remote,3182
NX04463,Samuel Rao,samuel.rao4463@nexacore.com,Operations,Business Operations,Operations Specialist,O2,NX01605,Valentina Foster,"Berlin, Germany",2023-12-02,Part-Time,11,Office,2961
NX04464,Ananya Bauer,ananya.bauer4464@nexacore.com,Customer Success,Account Management,Customer Success Manager,C2,NX01695,Benjamin Zhou,"Edinburgh, UK",2021-11-02,Full-Time,27,Office,5218
NX04465,Isabel Sharma,isabel.sharma4465@nexacore.com,Data & Analytics,ML & AI,Data Scientist,D3,NX02816,Nora Das,"Singapore, Singapore",2019-06-14,Full-Time,23,Office,4548
NX04466,Tina Chen,tina.chen4466@nexacore.com,Engineering,Mobile & Web,Software Engineer,E2,NX01567,Mohamed Zhang,"Manchester, UK",2024-07-23,Full-Time,18,Hybrid,3973
NX04467,Aditi Rodriguez,aditi.rodriguez4467@nexacore.com,Product,Growth,Product Manager,P2,NX01202,Nora Das,"Hyderabad, India",2023-08-31,Contract,14,Office,1847
NX04468,Sofia Shah,sofia.shah4468@nexacore.com,Engineering,Cloud Infrastructure,Staff Engineer,E4,NX01264,Haruto Becker,"Austin, US",2016-10-04,Full-Time,28,Office,2727
NX04469,Devika Scott,devika.scott4469@nexacore.com,Marketing,Content & SEO,Senior Marketing Manager,M3,NX02536,Markus Meyer,"San Francisco, US",2018-06-21,Full-Time,25,Hybrid,1846
NX04470,Freya Varma,freya.varma4470@nexacore.com,Engineering,DevOps & SRE,Staff Engineer,E4,NX02483,Noah Evans,"Manchester, UK",2017-02-18,Contract,35,Remote,9609
NX04471,Eva Muller,eva.muller4471@nexacore.com,IT Support,Security Operations,IT Support Analyst,T1,NX01284,James Singh,"Bangalore, India",2025-01-14,Full-Time,21,Office,1450
NX04472,Sophie Cruz,sophie.cruz4472@nexacore.com,HR,People Operations,Senior HR Specialist,H3,NX05495,Jaya Robinson,"Pune, India",2016-11-22,Contract,24,Office,3948
NX04473,Kate Santos,kate.santos4473@nexacore.com,Operations,Facilities,Operations Specialist,O2,NX04534,Lucas Chen,"Berlin, Germany",2023-08-13,Full-Time,15,Hybrid,9455
NX04474,Siddhant Martin,siddhant.martin4474@nexacore.com,Operations,Supply Chain,Senior Operations Mgr,O3,NX03676,Akira Roth,"Munich, Germany",2017-10-28,Full-Time,29,Office,3741
NX04475,James Bauer,james.bauer4475@nexacore.com,Customer Success,Onboarding,Customer Success Manager,C2,NX01800,Freya Ross,"Berlin, Germany",2023-03-20,Full-Time,13,Office,6508
NX04476,Akira Green,akira.green4476@nexacore.com,Sales,Sales Operations,Sales Development Rep,S1,NX01352,Martin Zhang,"Pune, India",2025-02-22,Full-Time,13,Hybrid,9949
NX04477,Rosa Philips,rosa.philips4477@nexacore.com,Sales,Sales Operations,Account Executive,S2,NX01285,Hannah Chen,"Singapore, Singapore",2022-10-28,Part-Time,10,Office,6539
NX04478,Aditi Sandoval,aditi.sandoval4478@nexacore.com,Data & Analytics,ML & AI,Data Analyst,D1,NX01230,Maria Williams,"Pune, India",2025-03-09,Full-Time,10,Hybrid,8171
NX04479,Harry Jones,harry.jones4479@nexacore.com,Operations,Procurement,Senior Operations Mgr,O3,NX03676,Akira Roth,"Berlin, Germany",2019-05-06,Contract,21,Hybrid,3916
NX04480,Tobias Naidu,tobias.naidu4480@nexacore.com,HR,L&D,HR Generalist,H2,NX01131,Fiona Pillai,"Pune, India",2023-02-14,Contract,23,Hybrid,1644
NX04481,Maya Jain,maya.jain4481@nexacore.com,Sales,Sales Operations,Sales Director,S5,,,"London, UK",2014-05-25,Full-Time,23,Remote,3395
NX04482,Chen Petrov,chen.petrov4482@nexacore.com,Operations,Procurement,Operations Director,O4,NX01427,Samuel Martinez,"Seattle, US",2015-02-08,Part-Time,28,Hybrid,5694
NX04483,Chen Naidu,chen.naidu4483@nexacore.com,Engineering,DevOps & SRE,Senior Software Engineer,E3,NX02748,Manish Jones,"Munich, Germany",2021-10-07,Full-Time,12,Hybrid,7872
NX04484,Uma Wood,uma.wood4484@nexacore.com,Operations,Facilities,Senior Operations Mgr,O3,NX01711,Clara Bhatt,"London, UK",2019-12-07,Full-Time,31,Hybrid,1894
NX04485,Raj Smith,raj.smith4485@nexacore.com,IT Support,IT Operations,IT Manager,T4,NX01337,Priya Thomas,"Munich, Germany",2013-06-22,Part-Time,33,Hybrid,9257
NX04486,Sarah Shah,sarah.shah4486@nexacore.com,Finance,Accounting,Senior Finance Manager,F4,NX01847,Markus Jensen,"Munich, Germany",2015-12-28,Contract,21,Office,8744
NX04487,Anita Clark,anita.clark4487@nexacore.com,Operations,Business Operations,Operations Director,O4,NX02139,Sebastian Johnson,"Seattle, US",2016-04-11,Contract,22,Hybrid,5357
NX04488,Olivia Turner,olivia.turner4488@nexacore.com,Finance,Accounting,Finance Manager,F3,NX02005,Mohamed Miller,"Seattle, US",2020-10-16,Full-Time,17,Office,1044
NX04489,Manish Brown,manish.brown4489@nexacore.com,Customer Success,Renewals,CS Associate,C1,NX03062,Lucas Jones,"San Francisco, US",2024-11-27,Full-Time,10,Hybrid,8324
NX04490,Patrick Mitchell,patrick.mitchell4490@nexacore.com,Sales,SMB Sales,Account Executive,S2,NX03313,Sneha Evans,"Berlin, Germany",2024-05-07,Part-Time,13,Office,3605
NX04491,Sneha Hoffmann,sneha.hoffmann4491@nexacore.com,Data & Analytics,ML & AI,Senior Data Analyst,D2,NX02684,Paul Mendes,"Frankfurt, Germany",2022-06-19,Full-Time,12,Hybrid,4024
NX04492,Aryan Garcia,aryan.garcia4492@nexacore.com,Engineering,Cloud Infrastructure,Staff Engineer,E4,NX02739,Siddhant Wright,"Bangalore, India",2017-12-04,Full-Time,19,Office,6716
NX04493,Clara Mendes,clara.mendes4493@nexacore.com,Operations,Business Operations,Operations Specialist,O2,NX03547,Uma Nelson,"Chennai, India",2023-12-19,Part-Time,10,Hybrid,7236
NX04494,Alejandro Anderson,alejandro.anderson4494@nexacore.com,Engineering,QA & Testing,Staff Engineer,E4,NX03517,Tom Peters,"Bangalore, India",2017-06-24,Full-Time,22,Office,1756
NX04495,Jason Bennet,jason.bennet4495@nexacore.com,Customer Success,Account Management,CS Director,C4,NX02159,Andrei Kim,"Seattle, US",2017-04-13,Full-Time,25,Hybrid,4097
NX04496,Deepa Sandoval,deepa.sandoval4496@nexacore.com,Product,Platform,Product Manager,P2,NX01039,Riya Roberts,"Berlin, Germany",2023-04-14,Part-Time,8,Office,8271
NX04497,Samuel Bennet,samuel.bennet4497@nexacore.com,Product,Analytics,Associate PM,P1,NX04120,Ravi Bauer,"Mumbai, India",2025-06-23,Full-Time,15,Hybrid,2627
NX04498,Lisa Johnson,lisa.johnson4498@nexacore.com,Engineering,Cloud Infrastructure,Staff Engineer,E4,NX04937,Amara Muller,"Munich, Germany",2017-11-07,Full-Time,17,Hybrid,2299
NX04499,Sven Lee,sven.lee4499@nexacore.com,Sales,Sales Operations,Senior Account Executive,S3,NX01700,Ashley Clark,"San Francisco, US",2021-10-28,Full-Time,17,Office,4905
NX04500,Tobias Wang,tobias.wang4500@nexacore.com,IT Support,IT Operations,IT Manager,T4,NX01709,Siddhant Weber,"Berlin, Germany",2015-08-15,Full-Time,20,Hybrid,9024
NX04501,Martin Anderson,martin.anderson4501@nexacore.com,Data & Analytics,ML & AI,Senior Data Analyst,D2,NX01678,Emma Davies,"Seattle, US",2021-11-15,Full-Time,13,Office,3445
NX04502,Manish Young,manish.young4502@nexacore.com,Engineering,QA & Testing,Senior Software Engineer,E3,NX05210,Anita Wood,"Frankfurt, Germany",2023-04-05,Full-Time,11,Hybrid,6923
NX04503,Karen Sharma,karen.sharma4503@nexacore.com,IT Support,End-User Computing,Senior IT Engineer,T3,NX01290,James Green,"Seattle, US",2018-07-31,Full-Time,19,Remote,8702
NX04504,Hannah Murphy,hannah.murphy4504@nexacore.com,Operations,Business Operations,Operations Specialist,O2,NX05467,Amelia Nielsen,"Seattle, US",2024-01-17,Part-Time,14,Office,3234
NX04505,Jason White,jason.white4505@nexacore.com,Marketing,Demand Generation,Marketing Specialist,M2,NX02333,Amara Lim,"Singapore, Singapore",2022-11-26,Full-Time,27,Hybrid,1234
NX04506,Siddhant Wang,siddhant.wang4506@nexacore.com,IT Support,End-User Computing,Senior IT Engineer,T3,NX01966,Beatrice Clark,"San Francisco, US",2019-02-02,Full-Time,27,Remote,9379
NX04507,Laura Zhou,laura.zhou4507@nexacore.com,Marketing,Product Marketing,Marketing Coordinator,M1,NX03330,Emma Lee,"Berlin, Germany",2024-11-06,Full-Time,10,Office,5356
NX04508,Chris Wilson,chris.wilson4508@nexacore.com,Customer Success,Renewals,Customer Success Manager,C2,NX01723,Samuel Naidu,"Edinburgh, UK",2023-01-28,Full-Time,20,Hybrid,2384
NX04509,Blake Moore,blake.moore4509@nexacore.com,Marketing,Product Marketing,Marketing Specialist,M2,NX02743,Markus Hughes,"Manchester, UK",2022-02-18,Full-Time,15,Remote,7545
NX04510,Patrick Perez,patrick.perez4510@nexacore.com,Product,Analytics,Product Manager,P2,NX01982,Kabir Hansen,"Edinburgh, UK",2021-06-09,Full-Time,28,Hybrid,6780
NX04511,Deepa Bauer,deepa.bauer4511@nexacore.com,Marketing,Product Marketing,Marketing Specialist,M2,NX02987,Sven Thompson,"Chennai, India",2022-11-30,Contract,17,Office,4031
NX04512,Aryan Petrov,aryan.petrov4512@nexacore.com,Engineering,Mobile & Web,Staff Engineer,E4,NX01769,Thomas Nair,"Mumbai, India",2019-12-10,Full-Time,18,Office,9670
NX04513,Diego Sandoval,diego.sandoval4513@nexacore.com,Sales,Presales,Account Executive,S2,NX03287,Liam Lewis,"Chennai, India",2023-01-26,Full-Time,23,Hybrid,3729
NX04514,Aditi Nair,aditi.nair4514@nexacore.com,Operations,Supply Chain,Operations Specialist,O2,NX01267,Zara Green,"Manchester, UK",2022-01-15,Part-Time,18,Hybrid,9785
NX04515,Simon Turner,simon.turner4515@nexacore.com,Engineering,Cloud Infrastructure,Senior Software Engineer,E3,NX02917,Linda Chakraborty,"Singapore, Singapore",2023-04-16,Full-Time,15,Remote,8847
NX04516,Elena Lee,elena.lee4516@nexacore.com,Marketing,Content & SEO,Marketing Coordinator,M1,NX04593,Anita Brown,"Berlin, Germany",2025-04-18,Full-Time,11,Office,2437
NX04517,Lars Jones,lars.jones4517@nexacore.com,Sales,Enterprise Sales,Sales Manager,S4,NX03047,Sara Ross,"San Francisco, US",2019-01-24,Full-Time,28,Office,4961
NX04518,Alejandro Cruz,alejandro.cruz4518@nexacore.com,Engineering,Platform Engineering,Staff Engineer,E4,NX05701,Shirin Becker,"Pune, India",2019-06-03,Contract,24,Hybrid,5122
NX04519,Tobias Reed,tobias.reed4519@nexacore.com,Engineering,Mobile & Web,Senior Software Engineer,E3,NX02130,Amelia Kapoor,"London, UK",2022-11-29,Contract,18,Office,6824
NX04520,Fiona Ross,fiona.ross4520@nexacore.com,Sales,Presales,Account Executive,S2,NX01714,Kiara Perez,"Pune, India",2023-03-31,Full-Time,13,Hybrid,5144
NX04521,Noah Nielsen,noah.nielsen4521@nexacore.com,Operations,Business Operations,Operations Director,O4,NX01459,Gaurav Santos,"London, UK",2014-03-25,Full-Time,18,Office,4272
NX04522,Tobias Nielsen,tobias.nielsen4522@nexacore.com,HR,Talent Acquisition,HR Manager,H4,NX01841,Liam Jensen,"Austin, US",2013-10-28,Full-Time,22,Hybrid,8078
NX04523,Kevin Thomas,kevin.thomas4523@nexacore.com,Sales,SMB Sales,Senior Account Executive,S3,NX01629,Tobias Lee,"Manchester, UK",2020-11-08,Part-Time,18,Remote,2118
NX04524,Siddhant Taylor,siddhant.taylor4524@nexacore.com,Engineering,QA & Testing,Senior Software Engineer,E3,NX03253,Martin Das,"Chennai, India",2022-05-04,Full-Time,26,Remote,2816
NX04525,Saanvi Evans,saanvi.evans4525@nexacore.com,Operations,Facilities,Senior Operations Mgr,O3,NX04534,Lucas Chen,"Berlin, Germany",2019-10-30,Contract,28,Hybrid,4210
NX04526,Rahul Varma,rahul.varma4526@nexacore.com,Data & Analytics,ML & AI,Lead Data Scientist,D4,NX01210,Michael Varma,"Chennai, India",2016-08-01,Full-Time,32,Office,8950
NX04527,Shreya Hansen,shreya.hansen4527@nexacore.com,Finance,Treasury,Finance Manager,F3,NX02519,Deepa Anderson,"Frankfurt, Germany",2016-12-16,Contract,34,Remote,2482
NX04528,Aditi Evans,aditi.evans4528@nexacore.com,Engineering,DevOps & SRE,Staff Engineer,E4,NX02323,Jonathan Naidu,"Hyderabad, India",2019-04-10,Contract,25,Hybrid,3084
NX04529,Aisha Hansen,aisha.hansen4529@nexacore.com,IT Support,Security Operations,IT Manager,T4,NX01279,Aditi Bauer,"Munich, Germany",2015-07-01,Full-Time,24,Hybrid,2232
NX04530,Ananya Singh,ananya.singh4530@nexacore.com,Marketing,Product Marketing,Marketing Specialist,M2,NX02058,Sophie Scott,"Manchester, UK",2024-02-01,Part-Time,12,Office,7833
NX04531,Haruto Garcia,haruto.garcia4531@nexacore.com,Sales,Enterprise Sales,Senior Account Executive,S3,NX02862,Gabriel Jensen,"Pune, India",2021-12-22,Full-Time,22,Hybrid,4475
NX04532,Oliver Bhatt,oliver.bhatt4532@nexacore.com,Operations,Business Operations,Operations Specialist,O2,NX04382,Noah Nielsen,"Boston, US",2024-05-26,Full-Time,15,Remote,4941
NX04533,Yuki Das,yuki.das4533@nexacore.com,Sales,Sales Operations,Senior Account Executive,S3,NX02628,Diego Liu,"Bangalore, India",2019-09-23,Full-Time,23,Hybrid,9635
NX04534,Lucas Chen,lucas.chen4534@nexacore.com,Operations,Facilities,Operations Director,O4,NX01727,Jessica Scott,"New York, US",2016-02-22,Full-Time,26,Hybrid,4106
NX04535,Noah Carter,noah.carter4535@nexacore.com,Legal,IP & Compliance,Senior Counsel,L3,NX03098,Alec Lopez,"Seattle, US",2018-03-15,Full-Time,29,Hybrid,5042
NX04536,Henrik Price,henrik.price4536@nexacore.com,Engineering,Platform Engineering,Senior Software Engineer,E3,NX04858,Paul Chakraborty,"Munich, Germany",2023-05-16,Full-Time,18,Hybrid,4313
NX04537,Beatrice Bennet,beatrice.bennet4537@nexacore.com,Customer Success,Onboarding,Senior CSM,C3,NX03830,Sneha Wilson,"Munich, Germany",2019-06-06,Full-Time,28,Hybrid,6382
NX04538,Karan Evans,karan.evans4538@nexacore.com,IT Support,IT Operations,IT Support Engineer,T2,NX02338,Clara Hall,"Frankfurt, Germany",2023-09-11,Part-Time,11,Remote,6622
NX04539,Lars Nelson,lars.nelson4539@nexacore.com,Finance,Treasury,Senior Finance Analyst,F2,NX03063,Thomas Nguyen,"Hyderabad, India",2021-10-12,Full-Time,22,Hybrid,6530
NX04540,Mohamed Lee,mohamed.lee4540@nexacore.com,Customer Success,Onboarding,Customer Success Manager,C2,NX03339,Rahul Green,"Boston, US",2024-01-07,Full-Time,12,Hybrid,8012
NX04541,Chen Lopez,chen.lopez4541@nexacore.com,Data & Analytics,Business Intelligence,Lead Data Scientist,D4,NX01221,Beatrice Evans,"San Francisco, US",2016-05-31,Contract,27,Remote,3936
NX04542,Siddhant Weber,siddhant.weber4542@nexacore.com,HR,Talent Acquisition,HR Coordinator,H1,NX01026,Freya Peters,"Chennai, India",2024-12-29,Full-Time,22,Hybrid,4402
NX04543,Lars Jain,lars.jain4543@nexacore.com,Sales,SMB Sales,Senior Account Executive,S3,NX01563,Grace Das,"Mumbai, India",2021-06-24,Full-Time,12,Hybrid,6415
NX04544,Tom Hall,tom.hall4544@nexacore.com,Operations,Facilities,Operations Specialist,O2,NX02125,Olivia Price,"Munich, Germany",2023-09-11,Full-Time,23,Hybrid,3156
NX04545,Andrea Jain,andrea.jain4545@nexacore.com,Engineering,DevOps & SRE,Software Engineer,E2,NX02980,Shreya Meier,"Pune, India",2024-07-17,Part-Time,9,Office,4971
NX04546,Omar Lewis,omar.lewis4546@nexacore.com,Engineering,DevOps & SRE,Software Engineer,E2,NX04592,Sebastian Bauer,"Hyderabad, India",2024-09-26,Full-Time,22,Hybrid,7904
NX04547,Henrik Gupta,henrik.gupta4547@nexacore.com,Engineering,Platform Engineering,Staff Engineer,E4,NX05643,Wei Davies,"Edinburgh, UK",2019-05-09,Part-Time,24,Remote,1751
NX04548,Aarav White,aarav.white4548@nexacore.com,Legal,IP & Compliance,Legal Analyst,L1,NX04848,David Nair,"Seattle, US",2023-06-19,Full-Time,13,Office,5375
NX04549,Manish Kapoor,manish.kapoor4549@nexacore.com,Legal,Corporate Legal,Senior Counsel,L3,NX01549,Carlos Sanchez,"New York, US",2017-07-01,Part-Time,26,Office,5143
NX04550,Ethan Gonzalez,ethan.gonzalez4550@nexacore.com,Engineering,Platform Engineering,Software Engineer,E2,NX02483,Noah Evans,"Mumbai, India",2024-03-10,Full-Time,11,Remote,7520
NX04551,Tobias Johnson,tobias.johnson4551@nexacore.com,Operations,Facilities,Operations Analyst,O1,NX01837,Aisha Jain,"New York, US",2025-02-18,Full-Time,15,Office,8307
NX04552,Zoe Lewis,zoe.lewis4552@nexacore.com,Engineering,DevOps & SRE,Principal Engineer,E5,NX01498,Jana Singh,"Pune, India",2015-06-17,Full-Time,18,Office,7097
NX04553,Jonas Brown,jonas.brown4553@nexacore.com,Data & Analytics,Data Engineering,Lead Data Scientist,D4,NX02580,Oliver Moore,"Mumbai, India",2015-10-19,Contract,22,Hybrid,4468
NX04554,Elena Lopez,elena.lopez4554@nexacore.com,Finance,Treasury,Senior Finance Analyst,F2,NX01050,Karen Meyer,"Frankfurt, Germany",2023-03-11,Full-Time,14,Hybrid,2975
NX04555,Sophie Green,sophie.green4555@nexacore.com,Marketing,Product Marketing,Marketing Specialist,M2,NX02743,Markus Hughes,"Munich, Germany",2023-07-16,Part-Time,10,Hybrid,4548
NX04556,Jonathan Hall,jonathan.hall4556@nexacore.com,Customer Success,Support Engineering,Senior CSM,C3,NX01941,Yuki Meier,"Edinburgh, UK",2017-10-08,Full-Time,22,Remote,9656
NX04557,Lucas Zhang,lucas.zhang4557@nexacore.com,Legal,Corporate Legal,Associate Counsel,L2,NX04361,Riya Lim,"London, UK",2022-02-08,Full-Time,19,Remote,2983
NX04558,Simon Lewis,simon.lewis4558@nexacore.com,Engineering,DevOps & SRE,Staff Engineer,E4,NX04393,Aryan Das,"San Francisco, US",2017-05-05,Full-Time,24,Hybrid,2773
NX04559,Tina Mitchell,tina.mitchell4559@nexacore.com,Marketing,Content & SEO,Marketing Specialist,M2,NX04810,Uma Sandoval,"Manchester, UK",2022-07-10,Part-Time,12,Office,6360
NX04560,Riya Bauer,riya.bauer4560@nexacore.com,Product,Core Product,Product Manager,P2,NX02591,William Ross,"Austin, US",2021-10-03,Part-Time,18,Hybrid,3987
NX04561,Raj Wood,raj.wood4561@nexacore.com,Customer Success,Support Engineering,Customer Success Manager,C2,NX02606,Nora Klein,"Singapore, Singapore",2024-05-08,Full-Time,20,Remote,4014
NX04562,Deepa Lim,deepa.lim4562@nexacore.com,Sales,Enterprise Sales,Senior Account Executive,S3,NX01398,Manish Weber,"Seattle, US",2021-06-07,Full-Time,20,Hybrid,4243
NX04563,Shirin Smith,shirin.smith4563@nexacore.com,Customer Success,Account Management,Customer Success Manager,C2,NX01786,Harry Moore,"Austin, US",2022-01-29,Full-Time,27,Office,5665
NX04564,Emma Naidu,emma.naidu4564@nexacore.com,Marketing,Product Marketing,Senior Marketing Manager,M3,NX02416,Jaya Murphy,"San Francisco, US",2019-12-29,Full-Time,32,Hybrid,9931
NX04565,Ashley Jain,ashley.jain4565@nexacore.com,Operations,Procurement,Senior Operations Mgr,O3,NX02235,Aarav Shah,"Chennai, India",2020-09-03,Full-Time,31,Office,4281
NX04566,Omar Singh,omar.singh4566@nexacore.com,Data & Analytics,Business Intelligence,Data Scientist,D3,NX05192,Nisha Hughes,"Boston, US",2020-02-28,Part-Time,15,Hybrid,7050
NX04567,Amelia Das,amelia.das4567@nexacore.com,Engineering,Mobile & Web,Senior Software Engineer,E3,NX01013,Michael Zhou,"Edinburgh, UK",2023-05-17,Full-Time,14,Office,6380
NX04568,James Schmidt,james.schmidt4568@nexacore.com,Sales,Enterprise Sales,Senior Account Executive,S3,NX03702,Martin Foster,"Munich, Germany",2019-07-04,Contract,24,Hybrid,9172
NX04569,Ravi Nielsen,ravi.nielsen4569@nexacore.com,Sales,Enterprise Sales,Account Executive,S2,NX01911,Bernd Varma,"Mumbai, India",2024-03-16,Full-Time,13,Office,8060
NX04570,Rahul Meyer,rahul.meyer4570@nexacore.com,Engineering,QA & Testing,Software Engineer,E2,NX04130,Maria Brown,"Boston, US",2023-08-23,Part-Time,16,Office,6067
NX04571,Jaya Rao,jaya.rao4571@nexacore.com,Data & Analytics,Data Governance,Data Scientist,D3,NX01442,Diego Mitchell,"Singapore, Singapore",2018-06-02,Full-Time,35,Remote,9673
NX04572,Mona Liu,mona.liu4572@nexacore.com,Customer Success,Account Management,Customer Success Manager,C2,NX05353,Valentina Philips,"London, UK",2024-02-13,Part-Time,14,Office,7176
NX04573,Pedro Ross,pedro.ross4573@nexacore.com,Sales,SMB Sales,Senior Account Executive,S3,NX03099,Liam Foster,"San Francisco, US",2021-09-17,Full-Time,24,Hybrid,8992
NX04574,Kate Sharma,kate.sharma4574@nexacore.com,Sales,Sales Operations,Senior Account Executive,S3,NX02517,Gaurav Mitchell,"Berlin, Germany",2020-03-03,Contract,18,Remote,1898
NX04575,Liam Patel,liam.patel4575@nexacore.com,Product,Growth,Product Manager,P2,NX02028,Axel Murphy,"San Francisco, US",2023-07-08,Part-Time,12,Remote,8052
NX04576,Robert Mitchell,robert.mitchell4576@nexacore.com,Engineering,Platform Engineering,Principal Engineer,E5,NX01206,Andrea Taylor,"Mumbai, India",2014-11-26,Full-Time,23,Hybrid,2424
NX04577,Zoe Carter,zoe.carter4577@nexacore.com,Sales,Presales,Senior Account Executive,S3,NX03957,Pedro Schmidt,"Singapore, Singapore",2021-03-20,Full-Time,19,Hybrid,9518
NX04578,Vikas Perez,vikas.perez4578@nexacore.com,Legal,Employment Law,Associate Counsel,L2,NX04983,Mohamed Robinson,"New York, US",2020-03-07,Full-Time,33,Hybrid,5027
NX04579,Omar Cruz,omar.cruz4579@nexacore.com,Engineering,QA & Testing,Senior Software Engineer,E3,NX02316,Robert Yamada,"Berlin, Germany",2022-10-24,Contract,25,Remote,4760
NX04580,Markus Khan,markus.khan4580@nexacore.com,Finance,FP&A,Senior Finance Analyst,F2,NX05106,Carlos Davies,"Austin, US",2023-08-09,Part-Time,8,Remote,5056
NX04581,Zoe Bennet,zoe.bennet4581@nexacore.com,Sales,Enterprise Sales,Account Executive,S2,NX04517,Lars Jones,"Edinburgh, UK",2023-12-02,Contract,12,Remote,2116
NX04582,Diego Smith,diego.smith4582@nexacore.com,Product,Growth,Principal PM,P4,NX03725,Wei Varma,"Frankfurt, Germany",2013-11-09,Full-Time,18,Office,1038
NX04583,Benjamin Zhou,benjamin.zhou4583@nexacore.com,Sales,SMB Sales,Senior Account Executive,S3,NX03743,Freya Scott,"New York, US",2022-05-06,Full-Time,13,Hybrid,7013
NX04584,Haruto Bennet,haruto.bennet4584@nexacore.com,Finance,FP&A,Finance Analyst,F1,NX02006,Ananya Harris,"Chennai, India",2024-08-25,Full-Time,20,Office,2199
NX04585,Isabel Jones,isabel.jones4585@nexacore.com,Data & Analytics,Data Governance,Senior Data Analyst,D2,NX04590,Maria Lee,"San Francisco, US",2023-02-28,Part-Time,9,Hybrid,3907
NX04586,Axel Green,axel.green4586@nexacore.com,Product,Analytics,Associate PM,P1,NX02547,Jana Rodriguez,"Mumbai, India",2024-06-05,Full-Time,12,Hybrid,8928
NX04587,Henrik Bhatt,henrik.bhatt4587@nexacore.com,Customer Success,Onboarding,Senior CSM,C3,NX02318,Luka Gupta,"New York, US",2020-02-12,Contract,26,Hybrid,2600
NX04588,Shirin Petrov,shirin.petrov4588@nexacore.com,IT Support,Security Operations,Senior IT Engineer,T3,NX01143,Mona Philips,"London, UK",2019-02-04,Full-Time,35,Office,1093
NX04589,Carlos Taylor,carlos.taylor4589@nexacore.com,Data & Analytics,Data Engineering,Lead Data Scientist,D4,NX02768,Simon Bennet,"Munich, Germany",2016-11-20,Full-Time,29,Hybrid,3853
NX04590,Maria Lee,maria.lee4590@nexacore.com,Data & Analytics,Business Intelligence,Lead Data Scientist,D4,NX03627,Akira Jensen,"Seattle, US",2015-08-02,Full-Time,32,Office,7106
NX04591,Aryan Lewis,aryan.lewis4591@nexacore.com,Marketing,Product Marketing,Senior Marketing Manager,M3,NX01888,Henrik Yamada,"Frankfurt, Germany",2020-01-10,Full-Time,19,Office,1959
NX04592,Sebastian Bauer,sebastian.bauer4592@nexacore.com,Engineering,Cloud Infrastructure,Principal Engineer,E5,NX01253,Lena Sanchez,"Frankfurt, Germany",2013-11-18,Full-Time,34,Office,5169
NX04593,Anita Brown,anita.brown4593@nexacore.com,Marketing,Demand Generation,Marketing Director,M4,NX01432,Wei Varma,"Singapore, Singapore",2015-01-11,Full-Time,26,Office,2868
NX04594,Harry Hoffmann,harry.hoffmann4594@nexacore.com,Operations,Business Operations,Senior Operations Mgr,O3,NX05250,Karen Kumar,"Pune, India",2019-04-21,Full-Time,24,Remote,4517
NX04595,Harry Kaur,harry.kaur4595@nexacore.com,Legal,Employment Law,Legal Analyst,L1,NX02747,Karan Sanchez,"Hyderabad, India",2024-04-18,Contract,14,Hybrid,4062
NX04596,Sebastian Miller,sebastian.miller4596@nexacore.com,HR,People Operations,Senior HR Specialist,H3,NX01386,Omar Brown,"Manchester, UK",2016-05-29,Full-Time,30,Remote,2446
NX04597,Jonathan Desai,jonathan.desai4597@nexacore.com,Operations,Supply Chain,Operations Specialist,O2,NX03547,Uma Nelson,"Berlin, Germany",2022-09-01,Full-Time,22,Office,9669
NX04598,Jonas Green,jonas.green4598@nexacore.com,Product,Analytics,Associate PM,P1,NX01974,Gabriel Chen,"Frankfurt, Germany",2024-07-28,Part-Time,13,Hybrid,7568
NX04599,Sarah Pillai,sarah.pillai4599@nexacore.com,Legal,Corporate Legal,Senior Counsel,L3,NX03445,Lars Philips,"Pune, India",2017-09-10,Full-Time,18,Office,7740
NX04600,Diego Santos,diego.santos4600@nexacore.com,Data & Analytics,Data Engineering,Senior Data Analyst,D2,NX03781,Ravi Martin,"New York, US",2022-10-08,Full-Time,15,Hybrid,5203
NX04601,Grace Nair,grace.nair4601@nexacore.com,Operations,Procurement,Operations Specialist,O2,NX01820,Paola Foster,"Austin, US",2024-01-22,Full-Time,16,Hybrid,2370
NX04602,Stefan Varma,stefan.varma4602@nexacore.com,Engineering,Mobile & Web,Senior Software Engineer,E3,NX02749,Sven Hall,"San Francisco, US",2023-03-05,Part-Time,18,Hybrid,6914
NX04603,James Clark,james.clark4603@nexacore.com,Operations,Facilities,Operations Specialist,O2,NX01837,Aisha Jain,"Hyderabad, India",2022-09-07,Full-Time,17,Remote,6238
NX04604,Aarav Reddy,aarav.reddy4604@nexacore.com,HR,L&D,Senior HR Specialist,H3,NX02133,Lisa Harris,"Singapore, Singapore",2020-10-07,Full-Time,16,Hybrid,8316
NX04605,Anna Jensen,anna.jensen4605@nexacore.com,Finance,Treasury,Senior Finance Analyst,F2,NX02005,Mohamed Miller,"Singapore, Singapore",2021-09-13,Full-Time,28,Office,1113
NX04606,Kabir Bennet,kabir.bennet4606@nexacore.com,Operations,Procurement,Operations Specialist,O2,NX01837,Aisha Jain,"Edinburgh, UK",2023-02-16,Full-Time,17,Remote,9354
NX04607,Karen Lim,karen.lim4607@nexacore.com,Data & Analytics,ML & AI,Lead Data Scientist,D4,NX01201,Sara Martinez,"Bangalore, India",2015-10-01,Full-Time,30,Office,8447
NX04608,Sara Jones,sara.jones4608@nexacore.com,Operations,Business Operations,Operations Analyst,O1,NX03040,Wei Hughes,"New York, US",2024-06-13,Contract,15,Hybrid,4870
NX04609,Devika Bauer,devika.bauer4609@nexacore.com,Data & Analytics,ML & AI,Data Analyst,D1,NX01072,Hannah Sharma,"Pune, India",2024-12-25,Full-Time,19,Hybrid,1453
NX04610,Ryan Harris,ryan.harris4610@nexacore.com,Sales,Presales,Senior Account Executive,S3,NX01563,Grace Das,"Bangalore, India",2020-04-02,Full-Time,33,Office,3928
NX04611,Martin Brown,martin.brown4611@nexacore.com,Operations,Procurement,Senior Operations Mgr,O3,NX02197,Leo White,"London, UK",2019-05-01,Full-Time,27,Hybrid,8776
NX04612,Ashley Williams,ashley.williams4612@nexacore.com,HR,Talent Acquisition,HR Generalist,H2,NX04522,Tobias Nielsen,"Munich, Germany",2022-03-27,Full-Time,18,Remote,8207
NX04613,Sabrina Price,sabrina.price4613@nexacore.com,Engineering,QA & Testing,Staff Engineer,E4,NX01759,Haruto Naidu,"Edinburgh, UK",2019-07-31,Full-Time,25,Remote,1917
NX04614,Sarah Wood,sarah.wood4614@nexacore.com,Finance,FP&A,Finance Manager,F3,NX04338,Neha Philips,"Boston, US",2020-11-05,Part-Time,19,Hybrid,9886
NX04615,Vikas Dubois,vikas.dubois4615@nexacore.com,Sales,Enterprise Sales,Sales Manager,S4,NX03029,Kevin Lim,"Pune, India",2017-04-22,Full-Time,22,Hybrid,9189
NX04616,Rajesh Patel,rajesh.patel4616@nexacore.com,Sales,Presales,Sales Manager,S4,NX01018,Nora Robinson,"Berlin, Germany",2016-08-19,Full-Time,27,Office,7538
NX04617,Amara Davies,amara.davies4617@nexacore.com,Operations,Procurement,Senior Operations Mgr,O3,NX01390,Priya Zhang,"Mumbai, India",2017-10-14,Contract,22,Hybrid,6020
NX04618,Neha Clark,neha.clark4618@nexacore.com,Marketing,Content & SEO,Marketing Director,M4,NX01475,Alejandro Brown,"Munich, Germany",2016-02-13,Full-Time,29,Hybrid,1068
NX04619,Kiara Weber,kiara.weber4619@nexacore.com,Legal,IP & Compliance,Associate Counsel,L2,NX03929,Maria Chen,"Austin, US",2021-03-21,Full-Time,17,Office,8543
NX04620,Diego Lim,diego.lim4620@nexacore.com,Customer Success,Account Management,CS Director,C4,NX02121,Ananya Green,"Chennai, India",2015-05-23,Full-Time,17,Office,3991
NX04621,William Khan,william.khan4621@nexacore.com,IT Support,Security Operations,Senior IT Engineer,T3,NX02336,Maya Khan,"Frankfurt, Germany",2018-11-30,Full-Time,30,Hybrid,8513
NX04622,Grace Shah,grace.shah4622@nexacore.com,Customer Success,Account Management,Customer Success Manager,C2,NX01484,Ayesha Sanchez,"San Francisco, US",2022-09-17,Part-Time,8,Remote,1260
NX04623,Gabriel Wang,gabriel.wang4623@nexacore.com,Customer Success,Support Engineering,Senior CSM,C3,NX01800,Freya Ross,"Bangalore, India",2020-06-24,Contract,18,Hybrid,4202
NX04624,Wei Lee,wei.lee4624@nexacore.com,Sales,Presales,Account Executive,S2,NX02918,Isabel Wood,"Boston, US",2023-04-21,Contract,13,Hybrid,5070
NX04625,Karen Lewis,karen.lewis4625@nexacore.com,Engineering,DevOps & SRE,Software Engineer,E2,NX04416,Nikita Yamada,"Manchester, UK",2023-07-30,Full-Time,12,Remote,8437
NX04626,Ravi Green,ravi.green4626@nexacore.com,Engineering,Cloud Infrastructure,Principal Engineer,E5,NX01206,Andrea Taylor,"Frankfurt, Germany",2013-08-23,Full-Time,28,Hybrid,4844
NX04627,Michael Anderson,michael.anderson4627@nexacore.com,Operations,Procurement,Operations Specialist,O2,NX01837,Aisha Jain,"New York, US",2022-02-08,Full-Time,22,Hybrid,5426
NX04628,Anna Desai,anna.desai4628@nexacore.com,Engineering,Mobile & Web,Senior Software Engineer,E3,NX02035,Rafael Mendes,"Chennai, India",2022-03-23,Full-Time,21,Hybrid,6625
NX04629,Harry Murphy,harry.murphy4629@nexacore.com,Customer Success,Account Management,Senior CSM,C3,NX04206,Clara Mitchell,"Edinburgh, UK",2020-09-12,Full-Time,25,Office,4194
NX04630,Pankaj Nielsen,pankaj.nielsen4630@nexacore.com,Engineering,Platform Engineering,Senior Software Engineer,E3,NX05091,Pankaj Lee,"Boston, US",2022-06-22,Full-Time,24,Hybrid,6021
NX04631,Jason Khan,jason.khan4631@nexacore.com,IT Support,IT Operations,IT Support Analyst,T1,NX04368,Ethan Williams,"Chennai, India",2024-08-01,Full-Time,19,Hybrid,5341
NX04632,Maria Ross,maria.ross4632@nexacore.com,IT Support,IT Operations,IT Support Engineer,T2,NX04061,Sarah Bauer,"Frankfurt, Germany",2024-01-26,Part-Time,15,Hybrid,9707
NX04633,Markus Gupta,markus.gupta4633@nexacore.com,Customer Success,Support Engineering,Customer Success Manager,C2,NX05472,Manish Foster,"Edinburgh, UK",2024-07-20,Full-Time,22,Office,3644
NX04634,Chris Dubois,chris.dubois4634@nexacore.com,Operations,Procurement,Senior Operations Mgr,O3,NX02153,Diego Davies,"Seattle, US",2020-01-21,Full-Time,25,Remote,7347
NX04635,Luka Gupta,luka.gupta4635@nexacore.com,HR,HR Business Partnering,Senior HR Specialist,H3,NX01662,Axel Clark,"New York, US",2018-09-01,Full-Time,29,Office,9655
NX04636,Thomas Mendes,thomas.mendes4636@nexacore.com,Customer Success,Onboarding,CS Associate,C1,NX01781,Saanvi Murphy,"Manchester, UK",2024-12-28,Full-Time,11,Hybrid,2953
NX04637,Laura Mendes,laura.mendes4637@nexacore.com,Engineering,Platform Engineering,Senior Software Engineer,E3,NX03246,Usha Anderson,"Singapore, Singapore",2021-06-07,Full-Time,26,Hybrid,4843
NX04638,Andrei Lopez,andrei.lopez4638@nexacore.com,Customer Success,Renewals,Senior CSM,C3,NX02331,Karan Wilson,"New York, US",2018-07-12,Full-Time,35,Hybrid,9243
NX04639,Benjamin Fischer,benjamin.fischer4639@nexacore.com,Engineering,Mobile & Web,Staff Engineer,E4,NX02796,Alec Robinson,"Edinburgh, UK",2018-06-16,Full-Time,23,Hybrid,3752
NX04640,Maya Hoffmann,maya.hoffmann4640@nexacore.com,Product,Core Product,Product Manager,P2,NX01974,Gabriel Chen,"Hyderabad, India",2022-01-17,Full-Time,16,Remote,7377
NX04641,Clara Williams,clara.williams4641@nexacore.com,Legal,Corporate Legal,Associate Counsel,L2,NX04549,Manish Kapoor,"Edinburgh, UK",2022-01-14,Contract,15,Remote,6071
NX04642,Carlos Foster,carlos.foster4642@nexacore.com,Product,Core Product,Principal PM,P4,NX01308,Kate Gupta,"Singapore, Singapore",2014-04-28,Full-Time,34,Office,7320
NX04643,Nikita Bauer,nikita.bauer4643@nexacore.com,Legal,IP & Compliance,Legal Analyst,L1,NX04852,Fiona Nielsen,"Hyderabad, India",2024-10-01,Full-Time,23,Office,2677
NX04644,Chen Green,chen.green4644@nexacore.com,Sales,Sales Operations,Sales Director,S5,,,"Bangalore, India",2012-10-05,Full-Time,22,Remote,1722
NX04645,Aarav Kapoor,aarav.kapoor4645@nexacore.com,IT Support,End-User Computing,Senior IT Engineer,T3,NX03183,Nikita Wright,"New York, US",2020-08-16,Full-Time,14,Hybrid,7809
NX04646,Uma Jensen,uma.jensen4646@nexacore.com,Customer Success,Account Management,Senior CSM,C3,NX03361,Elena Kaur,"Pune, India",2020-08-27,Full-Time,29,Hybrid,5329
NX04647,Maria Foster,maria.foster4647@nexacore.com,Customer Success,Support Engineering,Customer Success Manager,C2,NX04661,Amrita Nguyen,"Mumbai, India",2022-03-28,Full-Time,15,Office,9278
NX04648,Laura Gonzalez,laura.gonzalez4648@nexacore.com,IT Support,End-User Computing,IT Support Engineer,T2,NX04123,Manish Shah,"Mumbai, India",2023-03-07,Part-Time,14,Hybrid,3235
NX04649,Lars Mitchell,lars.mitchell4649@nexacore.com,Operations,Supply Chain,Operations Specialist,O2,NX01234,Kabir Dubois,"Frankfurt, Germany",2024-01-23,Full-Time,12,Office,2109
NX04650,Oliver Sanchez,oliver.sanchez4650@nexacore.com,Product,Platform,Principal PM,P4,NX01196,Harry Kaur,"New York, US",2015-03-11,Contract,27,Remote,8486
NX04651,Mohamed Thomas,mohamed.thomas4651@nexacore.com,Finance,Treasury,Finance Manager,F3,NX02005,Mohamed Miller,"Berlin, Germany",2018-12-25,Full-Time,19,Office,3792
NX04652,Kabir Bennet,kabir.bennet4652@nexacore.com,Data & Analytics,ML & AI,Data Scientist,D3,NX02590,Maya Clark,"London, UK",2020-06-19,Full-Time,14,Office,4423
NX04653,Rafael Nelson,rafael.nelson4653@nexacore.com,Data & Analytics,Data Governance,Data Scientist,D3,NX01151,Ashley Thomas,"Bangalore, India",2018-10-22,Full-Time,34,Hybrid,7045
NX04654,Jonas Schmidt,jonas.schmidt4654@nexacore.com,HR,L&D,Senior HR Specialist,H3,NX03734,Jaya Kumar,"Pune, India",2018-01-09,Full-Time,28,Hybrid,1912
NX04655,Karl Lopez,karl.lopez4655@nexacore.com,Sales,Presales,Account Executive,S2,NX03334,Jana Wilson,"Bangalore, India",2022-07-26,Full-Time,14,Office,7276
NX04656,Rosa White,rosa.white4656@nexacore.com,Engineering,Platform Engineering,Senior Software Engineer,E3,NX05486,Fiona Martinez,"Berlin, Germany",2022-12-25,Full-Time,15,Hybrid,1280
NX04657,Sven Lim,sven.lim4657@nexacore.com,IT Support,End-User Computing,IT Support Analyst,T1,NX05094,Lars Anderson,"New York, US",2024-09-25,Full-Time,21,Hybrid,7380
NX04658,Gaurav Thomas,gaurav.thomas4658@nexacore.com,Operations,Business Operations,Operations Specialist,O2,NX04003,Thomas Roberts,"Edinburgh, UK",2023-03-12,Full-Time,11,Remote,1382
NX04659,Devika Kim,devika.kim4659@nexacore.com,Customer Success,Support Engineering,Customer Success Manager,C2,NX04661,Amrita Nguyen,"Boston, US",2022-08-08,Full-Time,20,Office,6269
NX04660,Ravi Mendes,ravi.mendes4660@nexacore.com,Product,Growth,Senior Product Manager,P3,NX01115,Jonathan Zhang,"London, UK",2019-09-29,Full-Time,19,Hybrid,6420
NX04661,Amrita Nguyen,amrita.nguyen4661@nexacore.com,Customer Success,Renewals,CS Director,C4,NX02097,Jason Clark,"Manchester, UK",2015-11-23,Full-Time,27,Office,6777
NX04662,Fiona Liu,fiona.liu4662@nexacore.com,Product,Core Product,Principal PM,P4,NX01316,Jonas Lee,"New York, US",2014-11-04,Full-Time,18,Hybrid,5758
NX04663,Rohit Nielsen,rohit.nielsen4663@nexacore.com,Operations,Supply Chain,Senior Operations Mgr,O3,NX01390,Priya Zhang,"Hyderabad, India",2017-07-09,Part-Time,23,Office,3585
NX04664,Sophie Sandoval,sophie.sandoval4664@nexacore.com,Operations,Business Operations,Senior Operations Mgr,O3,NX02235,Aarav Shah,"Seattle, US",2018-03-21,Contract,25,Remote,3655
NX04665,Jaya Shah,jaya.shah4665@nexacore.com,Customer Success,Renewals,CS Director,C4,NX02159,Andrei Kim,"Frankfurt, Germany",2016-04-24,Full-Time,17,Remote,1864
NX04666,Emma Chakraborty,emma.chakraborty4666@nexacore.com,Sales,SMB Sales,Sales Development Rep,S1,NX03313,Sneha Evans,"Singapore, Singapore",2025-04-19,Full-Time,23,Hybrid,5296
NX04667,Beatrice Lopez,beatrice.lopez4667@nexacore.com,Sales,Enterprise Sales,Senior Account Executive,S3,NX02727,Alec Reed,"Chennai, India",2022-01-11,Full-Time,19,Hybrid,8696
NX04668,Mira Jain,mira.jain4668@nexacore.com,Customer Success,Support Engineering,Senior CSM,C3,NX01796,Ethan Kaur,"Hyderabad, India",2019-04-28,Part-Time,11,Hybrid,7145
NX04669,Kevin Liu,kevin.liu4669@nexacore.com,Data & Analytics,Business Intelligence,Senior Data Analyst,D2,NX01442,Diego Mitchell,"Boston, US",2022-12-02,Full-Time,14,Hybrid,3745
NX04670,Alejandro Khan,alejandro.khan4670@nexacore.com,HR,Talent Acquisition,HR Coordinator,H1,NX02243,Raj Schmidt,"Singapore, Singapore",2025-06-21,Full-Time,18,Hybrid,4350
NX04671,Lena Muller,lena.muller4671@nexacore.com,Engineering,Platform Engineering,Senior Software Engineer,E3,NX03988,Stefan Cruz,"Hyderabad, India",2021-04-05,Contract,25,Office,8353
NX04672,Emma Rao,emma.rao4672@nexacore.com,Operations,Business Operations,Operations Director,O4,NX01413,Amelia Cruz,"Edinburgh, UK",2015-12-24,Full-Time,29,Office,9316
NX04673,Ananya Klein,ananya.klein4673@nexacore.com,Engineering,Platform Engineering,Staff Engineer,E4,NX01827,Diego Wright,"Hyderabad, India",2017-07-11,Full-Time,23,Hybrid,1790
NX04674,Kate Harris,kate.harris4674@nexacore.com,Engineering,Cloud Infrastructure,Senior Software Engineer,E3,NX01637,Benjamin Sandoval,"Mumbai, India",2023-02-23,Contract,11,Hybrid,5937
NX04675,Kevin Murphy,kevin.murphy4675@nexacore.com,Sales,Presales,Sales Manager,S4,NX05532,Arjun Peters,"Mumbai, India",2019-04-20,Part-Time,20,Hybrid,2428
NX04676,Jonathan Perez,jonathan.perez4676@nexacore.com,Finance,FP&A,Finance Analyst,F1,NX01560,Linda Lewis,"New York, US",2025-05-19,Part-Time,8,Hybrid,8954
NX04677,Riya Philips,riya.philips4677@nexacore.com,Marketing,Content & SEO,Senior Marketing Manager,M3,NX02229,Bernd White,"Munich, Germany",2016-09-30,Full-Time,21,Hybrid,7184
NX04678,Michael Martinez,michael.martinez4678@nexacore.com,Sales,Sales Operations,Sales Manager,S4,NX05945,Rohit Nielsen,"Boston, US",2016-02-21,Full-Time,27,Office,9261
NX04679,Chris Scott,chris.scott4679@nexacore.com,Engineering,Mobile & Web,Staff Engineer,E4,NX04576,Robert Mitchell,"Seattle, US",2018-01-12,Full-Time,32,Hybrid,2767
NX04680,Andrei Fischer,andrei.fischer4680@nexacore.com,Sales,Presales,Account Executive,S2,NX04164,Haruto Varma,"San Francisco, US",2022-06-14,Contract,26,Hybrid,9804
NX04681,Diego Hansen,diego.hansen4681@nexacore.com,IT Support,Security Operations,IT Manager,T4,NX02016,Anita Mendes,"Austin, US",2014-09-02,Full-Time,29,Remote,6983
NX04682,Arjun Lee,arjun.lee4682@nexacore.com,HR,L&D,HR Generalist,H2,NX01345,Amelia Turner,"London, UK",2021-08-11,Part-Time,14,Hybrid,5102
NX04683,Alec Nair,alec.nair4683@nexacore.com,Operations,Business Operations,Operations Specialist,O2,NX04041,Gabriel Yamada,"Berlin, Germany",2021-10-16,Full-Time,26,Office,6240
NX04684,David Wright,david.wright4684@nexacore.com,Engineering,Mobile & Web,Senior Software Engineer,E3,NX02544,Riya Thompson,"Boston, US",2021-11-15,Contract,16,Office,5680
NX04685,Kate Wood,kate.wood4685@nexacore.com,Engineering,Mobile & Web,Principal Engineer,E5,NX01149,David Kapoor,"Chennai, India",2016-03-21,Full-Time,17,Remote,8431
NX04686,Kevin Carter,kevin.carter4686@nexacore.com,HR,People Operations,Senior HR Specialist,H3,NX02243,Raj Schmidt,"Boston, US",2020-07-13,Full-Time,16,Office,3766
NX04687,Noah Green,noah.green4687@nexacore.com,Engineering,Platform Engineering,Staff Engineer,E4,NX04592,Sebastian Bauer,"New York, US",2017-08-15,Full-Time,24,Remote,9310
NX04688,Jason Nielsen,jason.nielsen4688@nexacore.com,Data & Analytics,Data Governance,Data Scientist,D3,NX03193,Rafael Wang,"Pune, India",2020-10-10,Full-Time,23,Hybrid,9695
NX04689,Ayesha Sandoval,ayesha.sandoval4689@nexacore.com,Operations,Facilities,Senior Operations Mgr,O3,NX02294,Siddhant Philips,"Manchester, UK",2019-04-22,Full-Time,17,Office,2101
NX04690,Linda Lewis,linda.lewis4690@nexacore.com,Operations,Procurement,Operations Specialist,O2,NX03661,William Peters,"Boston, US",2023-06-15,Full-Time,21,Office,4903
NX04691,Aditi Bennet,aditi.bennet4691@nexacore.com,Sales,Sales Operations,Account Executive,S2,NX03041,Eva Dubois,"Hyderabad, India",2023-01-19,Full-Time,11,Hybrid,7155
NX04692,Thomas Reed,thomas.reed4692@nexacore.com,Sales,Sales Operations,Sales Manager,S4,NX01018,Nora Robinson,"London, UK",2015-12-23,Full-Time,33,Office,9226
NX04693,Sneha Young,sneha.young4693@nexacore.com,Finance,Treasury,Senior Finance Manager,F4,NX01790,Paola Williams,"Manchester, UK",2015-12-21,Full-Time,23,Hybrid,8396
NX04694,Andrea Wright,andrea.wright4694@nexacore.com,Customer Success,Account Management,Senior CSM,C3,NX02362,Lucas Reddy,"Berlin, Germany",2018-03-15,Full-Time,25,Hybrid,1728
NX04695,Deepa Pillai,deepa.pillai4695@nexacore.com,HR,Talent Acquisition,Senior HR Specialist,H3,NX01345,Amelia Turner,"Mumbai, India",2019-06-12,Part-Time,17,Hybrid,1531
NX04696,Thomas Johnson,thomas.johnson4696@nexacore.com,Engineering,Mobile & Web,Software Engineer,E2,NX03925,Stefan Williams,"Berlin, Germany",2023-06-23,Full-Time,22,Remote,4630
NX04697,Markus Bauer,markus.bauer4697@nexacore.com,Engineering,DevOps & SRE,Software Engineer,E2,NX02678,Zara Price,"Chennai, India",2024-09-06,Part-Time,10,Remote,6735
NX04698,Stefan Lim,stefan.lim4698@nexacore.com,Engineering,Cloud Infrastructure,Staff Engineer,E4,NX03979,Mona Kumar,"Frankfurt, Germany",2019-08-23,Full-Time,17,Hybrid,4296
NX04699,Deepa Young,deepa.young4699@nexacore.com,Sales,Presales,Account Executive,S2,NX04692,Thomas Reed,"Frankfurt, Germany",2022-10-03,Part-Time,13,Office,1855
NX04700,Rosa Mitchell,rosa.mitchell4700@nexacore.com,Marketing,Brand & Communications,Marketing Specialist,M2,NX02270,Sofia Miller,"Manchester, UK",2021-07-13,Full-Time,19,Remote,6976
NX04701,Robert Turner,robert.turner4701@nexacore.com,Sales,Presales,Senior Account Executive,S3,NX01724,Paul Zhou,"Hyderabad, India",2020-08-19,Full-Time,22,Office,1706
NX04702,Karan Murphy,karan.murphy4702@nexacore.com,Engineering,Cloud Infrastructure,Staff Engineer,E4,NX04893,Julia Cruz,"Edinburgh, UK",2019-10-11,Full-Time,15,Office,7070
NX04703,Milan Dubois,milan.dubois4703@nexacore.com,IT Support,Security Operations,IT Support Engineer,T2,NX01720,Lena Ross,"Berlin, Germany",2023-09-10,Full-Time,15,Hybrid,7804
NX04704,Ishan Hall,ishan.hall4704@nexacore.com,Engineering,Cloud Infrastructure,Senior Software Engineer,E3,NX01634,Alejandro Chakraborty,"Seattle, US",2021-02-21,Full-Time,19,Hybrid,7620
NX04705,Arjun Sandoval,arjun.sandoval4705@nexacore.com,HR,People Operations,Senior HR Specialist,H3,NX03483,Nisha Lee,"Hyderabad, India",2018-11-17,Full-Time,17,Remote,8389
NX04706,Michael Rodriguez,michael.rodriguez4706@nexacore.com,Finance,Treasury,Finance Manager,F3,NX03426,Amara Kim,"Frankfurt, Germany",2020-12-25,Contract,15,Hybrid,7690
NX04707,James Cruz,james.cruz4707@nexacore.com,Engineering,QA & Testing,Senior Software Engineer,E3,NX02748,Manish Jones,"Berlin, Germany",2022-08-22,Full-Time,26,Hybrid,5257
NX04708,Jason Miller,jason.miller4708@nexacore.com,Customer Success,Account Management,Senior CSM,C3,NX04173,Gaurav Clark,"New York, US",2018-08-14,Full-Time,27,Office,3181
NX04709,Karl Anderson,karl.anderson4709@nexacore.com,Sales,Enterprise Sales,Senior Account Executive,S3,NX02701,Ryan Mendes,"Chennai, India",2022-02-03,Full-Time,29,Hybrid,2812
NX04710,Sven Miller,sven.miller4710@nexacore.com,Data & Analytics,Business Intelligence,Data Scientist,D3,NX01713,Mohamed Scott,"Pune, India",2020-07-08,Contract,18,Hybrid,4993
NX04711,Simon Varma,simon.varma4711@nexacore.com,Customer Success,Onboarding,Customer Success Manager,C2,NX05472,Manish Foster,"Singapore, Singapore",2022-08-19,Full-Time,15,Remote,1072
NX04712,Rohit Garcia,rohit.garcia4712@nexacore.com,Data & Analytics,Business Intelligence,Senior Data Analyst,D2,NX05205,Fiona Robinson,"San Francisco, US",2023-12-12,Full-Time,10,Office,4376
NX04713,Oliver Petrov,oliver.petrov4713@nexacore.com,Engineering,DevOps & SRE,Staff Engineer,E4,NX04271,Jason Price,"Manchester, UK",2018-08-22,Full-Time,19,Office,6069
NX04714,Antoine Anderson,antoine.anderson4714@nexacore.com,Operations,Facilities,Operations Specialist,O2,NX03289,Eva Bennet,"Bangalore, India",2023-09-09,Part-Time,14,Hybrid,8680
NX04715,Jason Becker,jason.becker4715@nexacore.com,Marketing,Demand Generation,Marketing Specialist,M2,NX05900,Maria Gonzalez,"Chennai, India",2024-01-20,Full-Time,16,Office,7241
NX04716,Jason Wright,jason.wright4716@nexacore.com,Product,Platform,Product Manager,P2,NX01974,Gabriel Chen,"Chennai, India",2023-08-20,Part-Time,10,Remote,2324
NX04717,Clara Rodriguez,clara.rodriguez4717@nexacore.com,Operations,Business Operations,Operations Analyst,O1,NX01422,Aisha Davies,"Bangalore, India",2025-12-16,Full-Time,15,Office,6398
NX04718,Tom Thompson,tom.thompson4718@nexacore.com,Operations,Procurement,Senior Operations Mgr,O3,NX04482,Chen Petrov,"Chennai, India",2020-08-20,Part-Time,12,Hybrid,2049
NX04719,Carlos Davies,carlos.davies4719@nexacore.com,Data & Analytics,Business Intelligence,Data Scientist,D3,NX01072,Hannah Sharma,"Singapore, Singapore",2021-05-19,Full-Time,31,Office,4425
NX04720,Rahul Naidu,rahul.naidu4720@nexacore.com,Operations,Procurement,Senior Operations Mgr,O3,NX01001,Devika Scott,"Edinburgh, UK",2019-08-01,Full-Time,24,Office,8866
NX04721,Hannah Pillai,hannah.pillai4721@nexacore.com,HR,Talent Acquisition,HR Manager,H4,NX01841,Liam Jensen,"Austin, US",2014-06-24,Full-Time,17,Office,9444
NX04722,Lisa Lopez,lisa.lopez4722@nexacore.com,Product,Core Product,Senior Product Manager,P3,NX03917,Benjamin Walker,"San Francisco, US",2021-05-15,Full-Time,26,Remote,5556
NX04723,Amara Jain,amara.jain4723@nexacore.com,Data & Analytics,Data Governance,Data Scientist,D3,NX01547,Stefan Harris,"Manchester, UK",2019-11-09,Full-Time,30,Hybrid,4291
NX04724,Fiona Weber,fiona.weber4724@nexacore.com,Finance,Tax & Compliance,Senior Finance Analyst,F2,NX02006,Ananya Harris,"London, UK",2021-09-21,Full-Time,19,Remote,7792
NX04725,Sebastian Davies,sebastian.davies4725@nexacore.com,Sales,Sales Operations,Sales Development Rep,S1,NX04869,Riya Ross,"Mumbai, India",2025-01-24,Part-Time,6,Hybrid,8451
NX04726,Anna Nielsen,anna.nielsen4726@nexacore.com,IT Support,End-User Computing,IT Support Engineer,T2,NX03856,Linda Desai,"Chennai, India",2022-10-22,Part-Time,9,Office,5785
NX04727,Zara Schmidt,zara.schmidt4727@nexacore.com,Product,Core Product,Senior Product Manager,P3,NX02576,Oliver Smith,"Singapore, Singapore",2017-08-15,Full-Time,19,Hybrid,4898
NX04728,Tom Pillai,tom.pillai4728@nexacore.com,Customer Success,Account Management,Customer Success Manager,C2,NX04919,Paola Thomas,"Bangalore, India",2022-10-30,Part-Time,9,Hybrid,8648
NX04729,Sara Philips,sara.philips4729@nexacore.com,Finance,Treasury,Senior Finance Analyst,F2,NX05758,Alex Davies,"Seattle, US",2023-06-17,Contract,23,Hybrid,7688
NX04730,Oliver Nelson,oliver.nelson4730@nexacore.com,Customer Success,Renewals,CS Director,C4,NX01130,Valentina Klein,"Manchester, UK",2015-10-13,Full-Time,31,Office,7336
NX04731,Chen Ross,chen.ross4731@nexacore.com,Marketing,Product Marketing,Senior Marketing Manager,M3,NX02416,Jaya Murphy,"Seattle, US",2019-06-26,Part-Time,10,Office,3146
NX04732,Maya Rodriguez,maya.rodriguez4732@nexacore.com,Engineering,Mobile & Web,Staff Engineer,E4,NX02261,Ishan Reddy,"Boston, US",2016-09-21,Full-Time,27,Remote,6240
NX04733,Shreya Peters,shreya.peters4733@nexacore.com,Product,Analytics,Principal PM,P4,NX01196,Harry Kaur,"Edinburgh, UK",2016-02-27,Full-Time,18,Remote,9782
NX04734,Sabrina Lopez,sabrina.lopez4734@nexacore.com,Engineering,Mobile & Web,Staff Engineer,E4,NX02261,Ishan Reddy,"Bangalore, India",2018-12-04,Part-Time,24,Hybrid,7021
NX04735,Noah Williams,noah.williams4735@nexacore.com,Sales,Presales,Account Executive,S2,NX02727,Alec Reed,"Munich, Germany",2024-04-24,Contract,14,Hybrid,4084
NX04736,Priya Bauer,priya.bauer4736@nexacore.com,Data & Analytics,Data Engineering,Data Scientist,D3,NX02454,Priya Das,"Boston, US",2019-10-28,Full-Time,20,Hybrid,7272
NX04737,Chen Rodriguez,chen.rodriguez4737@nexacore.com,Engineering,Mobile & Web,Staff Engineer,E4,NX01369,Uma Weber,"Austin, US",2018-12-14,Full-Time,18,Hybrid,1681
NX04738,Samuel Fischer,samuel.fischer4738@nexacore.com,Data & Analytics,Data Engineering,Lead Data Scientist,D4,NX01201,Sara Martinez,"Chennai, India",2015-03-02,Full-Time,29,Hybrid,9996
NX04739,Blake Chen,blake.chen4739@nexacore.com,Sales,SMB Sales,Senior Account Executive,S3,NX02296,Mira Varma,"Bangalore, India",2021-11-28,Contract,14,Office,8022
NX04740,Jonathan Nelson,jonathan.nelson4740@nexacore.com,Engineering,Cloud Infrastructure,Senior Software Engineer,E3,NX02263,Sophie Yamada,"Bangalore, India",2021-10-18,Full-Time,21,Remote,9245
NX04741,Julia Meyer,julia.meyer4741@nexacore.com,Engineering,Mobile & Web,Senior Software Engineer,E3,NX04626,Ravi Green,"Berlin, Germany",2021-08-30,Full-Time,29,Hybrid,6693
NX04742,Ravi Thomas,ravi.thomas4742@nexacore.com,Operations,Facilities,Senior Operations Mgr,O3,NX01001,Devika Scott,"Frankfurt, Germany",2020-04-27,Full-Time,18,Hybrid,1556
NX04743,Mira Kaur,mira.kaur4743@nexacore.com,Customer Success,Renewals,Customer Success Manager,C2,NX05699,Ananya Brown,"Munich, Germany",2023-07-05,Full-Time,17,Office,1092
NX04744,Nisha Khan,nisha.khan4744@nexacore.com,Product,Analytics,Senior Product Manager,P3,NX01336,Rahul Scott,"Frankfurt, Germany",2018-10-27,Part-Time,15,Hybrid,9478
NX04745,Tobias Naidu,tobias.naidu4745@nexacore.com,Marketing,Brand & Communications,Marketing Specialist,M2,NX02252,Vikas Koch,"Mumbai, India",2023-10-13,Full-Time,21,Hybrid,3885
NX04746,Rosa Murphy,rosa.murphy4746@nexacore.com,Engineering,Cloud Infrastructure,Staff Engineer,E4,NX01637,Benjamin Sandoval,"London, UK",2017-12-09,Full-Time,34,Office,1535
NX04747,Mona Rao,mona.rao4747@nexacore.com,Sales,Enterprise Sales,Sales Manager,S4,NX03047,Sara Ross,"Boston, US",2017-12-10,Full-Time,32,Hybrid,6168
NX04748,Simon Zhang,simon.zhang4748@nexacore.com,Operations,Supply Chain,Operations Director,O4,NX01399,Harry Petrov,"Mumbai, India",2015-05-30,Full-Time,34,Hybrid,1572
NX04749,Sebastian Hoffmann,sebastian.hoffmann4749@nexacore.com,Data & Analytics,ML & AI,Lead Data Scientist,D4,NX03028,Kate Roth,"Seattle, US",2015-05-18,Full-Time,28,Office,6063
NX04750,Tina Klein,tina.klein4750@nexacore.com,Customer Success,Account Management,CS Director,C4,NX01123,Lena Kumar,"Edinburgh, UK",2017-04-16,Contract,34,Hybrid,5526
NX04751,Carlos Hoffmann,carlos.hoffmann4751@nexacore.com,Operations,Supply Chain,Operations Specialist,O2,NX02125,Olivia Price,"Singapore, Singapore",2022-06-01,Full-Time,13,Office,4588
NX04752,Emma Davis,emma.davis4752@nexacore.com,Data & Analytics,Business Intelligence,Data Analyst,D1,NX01770,Ananya Clark,"Bangalore, India",2024-05-23,Full-Time,17,Hybrid,3869
NX04753,Olivia Sharma,olivia.sharma4753@nexacore.com,Legal,Corporate Legal,Associate Counsel,L2,NX03304,James Gonzalez,"Pune, India",2019-08-03,Full-Time,22,Office,5918
NX04754,Akira Roth,akira.roth4754@nexacore.com,Engineering,Mobile & Web,Senior Software Engineer,E3,NX04870,Aryan Patel,"New York, US",2023-02-28,Part-Time,16,Office,6136
NX04755,Sarah Shah,sarah.shah4755@nexacore.com,Marketing,Brand & Communications,Senior Marketing Manager,M3,NX02349,Jaya Gonzalez,"Austin, US",2020-08-19,Full-Time,17,Hybrid,7860
NX04756,Simon Miller,simon.miller4756@nexacore.com,HR,HR Business Partnering,Senior HR Specialist,H3,NX02817,Tina Wood,"Mumbai, India",2017-01-31,Part-Time,14,Office,6245
NX04757,Aryan Harris,aryan.harris4757@nexacore.com,Engineering,Mobile & Web,Senior Software Engineer,E3,NX05401,Vikas Clark,"Bangalore, India",2020-07-24,Part-Time,15,Hybrid,4569
NX04758,William Patel,william.patel4758@nexacore.com,Engineering,Mobile & Web,Staff Engineer,E4,NX01776,Jonathan Jain,"Boston, US",2019-08-23,Part-Time,16,Remote,2637
NX04759,Uma Harris,uma.harris4759@nexacore.com,Customer Success,Renewals,Senior CSM,C3,NX02362,Lucas Reddy,"Austin, US",2018-04-04,Full-Time,29,Remote,8335
NX04760,Aisha Hall,aisha.hall4760@nexacore.com,Sales,Presales,Account Executive,S2,NX02821,Tanvi Muller,"Edinburgh, UK",2024-02-21,Full-Time,10,Office,3005
NX04761,Nora Lee,nora.lee4761@nexacore.com,Sales,Enterprise Sales,Account Executive,S2,NX01563,Grace Das,"London, UK",2023-08-21,Full-Time,22,Hybrid,2272
NX04762,Sneha Price,sneha.price4762@nexacore.com,IT Support,IT Operations,Senior IT Engineer,T3,NX01785,Yuki Reed,"Mumbai, India",2017-02-28,Full-Time,21,Office,9082
NX04763,Aryan Sandoval,aryan.sandoval4763@nexacore.com,IT Support,End-User Computing,IT Support Analyst,T1,NX04987,Tobias Hall,"Chennai, India",2025-01-14,Full-Time,15,Hybrid,8273
NX04764,Mira Nelson,mira.nelson4764@nexacore.com,Finance,Tax & Compliance,Finance Manager,F3,NX02519,Deepa Anderson,"Mumbai, India",2019-11-23,Full-Time,28,Office,4903
NX04765,Akira Hoffmann,akira.hoffmann4765@nexacore.com,Operations,Procurement,Senior Operations Mgr,O3,NX02488,Ryan Nguyen,"Bangalore, India",2021-05-08,Full-Time,28,Office,3781
NX04766,Leo Young,leo.young4766@nexacore.com,Marketing,Content & SEO,Marketing Specialist,M2,NX02229,Bernd White,"New York, US",2022-08-27,Full-Time,13,Hybrid,2050
NX04767,Ishan Moore,ishan.moore4767@nexacore.com,Engineering,Mobile & Web,Staff Engineer,E4,NX04937,Amara Muller,"Berlin, Germany",2019-02-01,Full-Time,26,Hybrid,6183
NX04768,Kabir Nguyen,kabir.nguyen4768@nexacore.com,Operations,Facilities,Senior Operations Mgr,O3,NX01283,Jonathan Jensen,"New York, US",2018-10-03,Full-Time,26,Office,9490
NX04769,William Foster,william.foster4769@nexacore.com,Sales,Sales Operations,Senior Account Executive,S3,NX03534,Alejandro Murphy,"Chennai, India",2019-07-17,Part-Time,15,Office,1795
NX04770,Chris Rao,chris.rao4770@nexacore.com,Operations,Facilities,Operations Specialist,O2,NX05062,Clara Koch,"Pune, India",2022-12-04,Full-Time,12,Hybrid,5090
NX04771,Karen Roberts,karen.roberts4771@nexacore.com,Operations,Facilities,Operations Specialist,O2,NX05186,Andrea Thomas,"Hyderabad, India",2021-11-28,Full-Time,16,Office,9100
NX04772,Amrita Taylor,amrita.taylor4772@nexacore.com,Customer Success,Support Engineering,Senior CSM,C3,NX03339,Rahul Green,"Mumbai, India",2018-04-27,Part-Time,28,Office,9922
NX04773,Jana Pillai,jana.pillai4773@nexacore.com,Sales,SMB Sales,Account Executive,S2,NX03432,Sophie Klein,"Hyderabad, India",2023-05-24,Contract,26,Hybrid,3907
NX04774,Sven Lewis,sven.lewis4774@nexacore.com,Operations,Procurement,Operations Specialist,O2,NX04482,Chen Petrov,"Mumbai, India",2023-01-11,Full-Time,16,Remote,7173
NX04775,Jana Walker,jana.walker4775@nexacore.com,Engineering,Cloud Infrastructure,Software Engineer,E2,NX02356,Isabel Wang,"San Francisco, US",2024-03-30,Contract,14,Office,3267
NX04776,Lisa Zhang,lisa.zhang4776@nexacore.com,Product,Platform,Associate PM,P1,NX03884,Ayesha Gonzalez,"Munich, Germany",2024-10-14,Full-Time,10,Hybrid,6525
NX04777,Sneha Reddy,sneha.reddy4777@nexacore.com,Engineering,Cloud Infrastructure,Senior Software Engineer,E3,NX02664,Rajesh Wright,"Edinburgh, UK",2020-10-09,Full-Time,25,Office,3722
NX04778,Leo Turner,leo.turner4778@nexacore.com,Customer Success,Account Management,Customer Success Manager,C2,NX01440,Pankaj Naidu,"Munich, Germany",2024-07-11,Full-Time,12,Office,7384
NX04779,Gabriel White,gabriel.white4779@nexacore.com,HR,HR Business Partnering,HR Generalist,H2,NX01150,Arjun Philips,"Munich, Germany",2021-05-26,Part-Time,10,Hybrid,3946
NX04780,Jonas Sharma,jonas.sharma4780@nexacore.com,Engineering,DevOps & SRE,Senior Software Engineer,E3,NX02570,Kevin Martin,"Bangalore, India",2020-08-28,Full-Time,23,Remote,8693
NX04781,Sara Yamada,sara.yamada4781@nexacore.com,Customer Success,Account Management,Senior CSM,C3,NX04048,Samuel Muller,"Berlin, Germany",2020-06-27,Contract,25,Hybrid,3012
NX04782,Fiona Gupta,fiona.gupta4782@nexacore.com,Marketing,Product Marketing,Marketing Director,M4,NX01475,Alejandro Brown,"Hyderabad, India",2014-12-26,Part-Time,27,Hybrid,3285
NX04783,Uma Yamada,uma.yamada4783@nexacore.com,Finance,FP&A,Senior Finance Analyst,F2,NX02525,Paul Schmidt,"Edinburgh, UK",2023-07-10,Full-Time,17,Hybrid,2553
NX04784,Tobias Meier,tobias.meier4784@nexacore.com,Operations,Facilities,Operations Analyst,O1,NX04534,Lucas Chen,"London, UK",2024-12-10,Full-Time,14,Hybrid,3690
NX04785,Mira Reed,mira.reed4785@nexacore.com,Sales,SMB Sales,Sales Development Rep,S1,NX03167,Nicolas Smith,"Hyderabad, India",2025-02-13,Full-Time,18,Hybrid,7591
NX04786,Julia Bennet,julia.bennet4786@nexacore.com,Sales,SMB Sales,Senior Account Executive,S3,NX02821,Tanvi Muller,"New York, US",2021-12-04,Contract,19,Hybrid,5960
NX04787,Aisha Lee,aisha.lee4787@nexacore.com,Engineering,DevOps & SRE,Software Engineer,E2,NX01528,Carlos Das,"Edinburgh, UK",2024-08-03,Full-Time,11,Office,9253
NX04788,Sabrina Taylor,sabrina.taylor4788@nexacore.com,Finance,Accounting,Finance Manager,F3,NX01760,Rohit Gupta,"Hyderabad, India",2017-12-01,Full-Time,24,Hybrid,1977
NX04789,Vikram Murphy,vikram.murphy4789@nexacore.com,Customer Success,Account Management,Customer Success Manager,C2,NX01287,Mohamed Nair,"Berlin, Germany",2022-04-09,Contract,23,Hybrid,5883
NX04790,Samuel Miller,samuel.miller4790@nexacore.com,Sales,Enterprise Sales,Account Executive,S2,NX02809,Rahul Foster,"Singapore, Singapore",2023-10-02,Contract,20,Hybrid,6922
NX04791,Zoe Nelson,zoe.nelson4791@nexacore.com,Data & Analytics,Business Intelligence,Data Scientist,D3,NX05330,Nikita Fischer,"Singapore, Singapore",2019-10-05,Contract,19,Remote,4497
NX04792,Rahul Hoffmann,rahul.hoffmann4792@nexacore.com,Engineering,Platform Engineering,Associate Engineer,E1,NX02175,Harry Naidu,"Edinburgh, UK",2025-08-12,Full-Time,17,Hybrid,7347
NX04793,Ananya Davis,ananya.davis4793@nexacore.com,Operations,Procurement,Operations Director,O4,NX01427,Samuel Martinez,"New York, US",2013-12-12,Part-Time,19,Office,1233
NX04794,Karl Hoffmann,karl.hoffmann4794@nexacore.com,Product,Analytics,Senior Product Manager,P3,NX01912,Eva Nelson,"Boston, US",2021-01-23,Contract,22,Hybrid,9185
NX04795,Lucas Roth,lucas.roth4795@nexacore.com,Customer Success,Onboarding,Customer Success Manager,C2,NX05904,Neha Lee,"Hyderabad, India",2023-05-29,Full-Time,20,Hybrid,1566
NX04796,Kabir Davies,kabir.davies4796@nexacore.com,Legal,Corporate Legal,Legal Analyst,L1,NX04030,Lucas Das,"Pune, India",2023-07-31,Full-Time,12,Office,3931
NX04797,Emma Reddy,emma.reddy4797@nexacore.com,Finance,Tax & Compliance,Finance Analyst,F1,NX03063,Thomas Nguyen,"Manchester, UK",2024-11-04,Full-Time,23,Hybrid,9739
NX04798,Neha Nielsen,neha.nielsen4798@nexacore.com,Data & Analytics,Data Governance,Senior Data Analyst,D2,NX01527,Sabrina Meyer,"Chennai, India",2022-07-29,Full-Time,24,Office,1030
NX04799,Uma Lee,uma.lee4799@nexacore.com,Sales,Presales,Sales Manager,S4,NX02439,Lars Liu,"Hyderabad, India",2018-08-07,Full-Time,22,Office,1716
NX04800,Anna Hall,anna.hall4800@nexacore.com,Sales,Presales,Senior Account Executive,S3,NX02018,Amara Perez,"Bangalore, India",2020-04-15,Full-Time,30,Office,8244
NX04801,Lena Scott,lena.scott4801@nexacore.com,Engineering,Mobile & Web,Staff Engineer,E4,NX03030,William Kumar,"San Francisco, US",2019-11-23,Contract,21,Remote,3197
NX04802,Michael Kim,michael.kim4802@nexacore.com,Engineering,Platform Engineering,Staff Engineer,E4,NX03222,Linda Desai,"Bangalore, India",2019-11-28,Full-Time,16,Office,5716
NX04803,Mira Perez,mira.perez4803@nexacore.com,Sales,SMB Sales,Account Executive,S2,NX04799,Uma Lee,"Chennai, India",2022-08-06,Full-Time,22,Office,5486
NX04804,Fiona Hughes,fiona.hughes4804@nexacore.com,Sales,SMB Sales,Account Executive,S2,NX02561,Mira Gonzalez,"Manchester, UK",2023-05-23,Full-Time,27,Remote,8551
NX04805,Ashley Chen,ashley.chen4805@nexacore.com,Data & Analytics,Data Engineering,Data Scientist,D3,NX05192,Nisha Hughes,"Munich, Germany",2021-02-14,Full-Time,26,Office,4995
NX04806,Alex Martin,alex.martin4806@nexacore.com,HR,Talent Acquisition,HR Coordinator,H1,NX02709,Kevin Mitchell,"Berlin, Germany",2024-08-30,Full-Time,18,Office,4833
NX04807,Jonathan Thomas,jonathan.thomas4807@nexacore.com,Legal,Corporate Legal,Legal Analyst,L1,NX02266,Aryan Wood,"Pune, India",2023-05-27,Full-Time,17,Hybrid,6846
NX04808,Lars Wood,lars.wood4808@nexacore.com,Product,Core Product,Senior Product Manager,P3,NX05846,Martin Kumar,"New York, US",2019-02-09,Contract,17,Office,3912
NX04809,Freya Anderson,freya.anderson4809@nexacore.com,Finance,Accounting,Finance Analyst,F1,NX01889,Freya Green,"Singapore, Singapore",2024-11-03,Part-Time,12,Office,1779
NX04810,Uma Sandoval,uma.sandoval4810@nexacore.com,Marketing,Product Marketing,Marketing Director,M4,NX01572,Ethan Patel,"Chennai, India",2016-05-11,Full-Time,35,Office,2969
NX04811,Freya Murphy,freya.murphy4811@nexacore.com,Operations,Procurement,Senior Operations Mgr,O3,NX01535,Ravi Lewis,"New York, US",2016-10-01,Full-Time,34,Hybrid,8818
NX04812,Kabir White,kabir.white4812@nexacore.com,Sales,SMB Sales,Sales Development Rep,S1,NX01222,Jaya Peters,"Seattle, US",2024-12-03,Part-Time,10,Office,4909
NX04813,Anita Jones,anita.jones4813@nexacore.com,Engineering,Cloud Infrastructure,Staff Engineer,E4,NX05556,Luka Davis,"Manchester, UK",2018-04-14,Full-Time,27,Remote,7511
NX04814,Eva Johnson,eva.johnson4814@nexacore.com,IT Support,Security Operations,IT Support Engineer,T2,NX01454,Neha Meier,"Austin, US",2023-01-21,Contract,20,Hybrid,8894
NX04815,Rahul Martinez,rahul.martinez4815@nexacore.com,Customer Success,Support Engineering,Senior CSM,C3,NX01786,Harry Moore,"San Francisco, US",2020-04-27,Contract,16,Office,6838
NX04816,Vikram Becker,vikram.becker4816@nexacore.com,Engineering,Cloud Infrastructure,Senior Software Engineer,E3,NX02356,Isabel Wang,"Austin, US",2022-02-06,Full-Time,26,Office,5710
NX04817,Riya Taylor,riya.taylor4817@nexacore.com,Engineering,Cloud Infrastructure,Associate Engineer,E1,NX02686,Mona Jain,"Chennai, India",2025-02-28,Contract,11,Remote,1333
NX04818,Nicolas Chakraborty,nicolas.chakraborty4818@nexacore.com,Customer Success,Support Engineering,Customer Success Manager,C2,NX05490,Nikita Hansen,"Singapore, Singapore",2024-07-24,Full-Time,23,Remote,6160
NX04819,Daniel Rodriguez,daniel.rodriguez4819@nexacore.com,Product,Growth,Product Manager,P2,NX01115,Jonathan Zhang,"San Francisco, US",2024-02-13,Full-Time,24,Office,8918
NX04820,Kiara Klein,kiara.klein4820@nexacore.com,Product,Platform,Product Manager,P2,NX04662,Fiona Liu,"Frankfurt, Germany",2023-08-20,Contract,23,Remote,8727
NX04821,David Petrov,david.petrov4821@nexacore.com,Data & Analytics,ML & AI,Data Scientist,D3,NX02972,Freya Moore,"Bangalore, India",2018-11-26,Full-Time,23,Hybrid,9648
NX04822,Tom Walker,tom.walker4822@nexacore.com,Data & Analytics,ML & AI,Data Scientist,D3,NX02775,Bernd Philips,"Singapore, Singapore",2019-05-06,Full-Time,29,Hybrid,8845
NX04823,Maria Zhou,maria.zhou4823@nexacore.com,Marketing,Product Marketing,Marketing Director,M4,NX01180,Martin Das,"Edinburgh, UK",2014-08-29,Full-Time,31,Office,4590
NX04824,Rahul Meyer,rahul.meyer4824@nexacore.com,Sales,Enterprise Sales,Account Executive,S2,NX02421,Maya Zhang,"Boston, US",2024-08-18,Full-Time,15,Hybrid,2730
NX04825,Zoe Anderson,zoe.anderson4825@nexacore.com,HR,People Operations,HR Generalist,H2,NX02450,Rahul Gonzalez,"Berlin, Germany",2023-09-30,Contract,21,Office,6825
NX04826,Devika Reed,devika.reed4826@nexacore.com,Engineering,QA & Testing,Software Engineer,E2,NX01529,Sara Pillai,"Boston, US",2023-09-28,Full-Time,14,Hybrid,2916
NX04827,Rajesh Becker,rajesh.becker4827@nexacore.com,Engineering,Cloud Infrastructure,Senior Software Engineer,E3,NX05074,Sara Foster,"Edinburgh, UK",2022-10-20,Contract,16,Remote,3169
NX04828,Saanvi Murphy,saanvi.murphy4828@nexacore.com,Legal,Employment Law,Legal Analyst,L1,NX03217,Zara Santos,"Boston, US",2023-09-12,Contract,22,Hybrid,8001
NX04829,James Moore,james.moore4829@nexacore.com,Sales,Presales,Account Executive,S2,NX01700,Ashley Clark,"Singapore, Singapore",2022-12-09,Full-Time,25,Office,5071
NX04830,Nikita Jones,nikita.jones4830@nexacore.com,HR,HR Business Partnering,Senior HR Specialist,H3,NX04166,James Bauer,"Edinburgh, UK",2020-01-21,Full-Time,17,Hybrid,4768
NX04831,Jonathan Bauer,jonathan.bauer4831@nexacore.com,Engineering,Cloud Infrastructure,Senior Software Engineer,E3,NX02764,Gaurav Brown,"Manchester, UK",2022-06-17,Full-Time,15,Office,1684
NX04832,Vikas Taylor,vikas.taylor4832@nexacore.com,Operations,Facilities,Senior Operations Mgr,O3,NX01496,Liam Davis,"San Francisco, US",2017-07-03,Full-Time,21,Office,4878
NX04833,Manish Weber,manish.weber4833@nexacore.com,Engineering,Platform Engineering,Staff Engineer,E4,NX04858,Paul Chakraborty,"Hyderabad, India",2019-12-25,Full-Time,18,Hybrid,5990
NX04834,Shirin Liu,shirin.liu4834@nexacore.com,Operations,Facilities,Senior Operations Mgr,O3,NX04311,Andrea Miller,"Frankfurt, Germany",2016-06-08,Full-Time,21,Remote,1605
NX04835,Linda Young,linda.young4835@nexacore.com,Product,Core Product,Associate PM,P1,NX01116,Rahul Hansen,"Berlin, Germany",2024-12-04,Full-Time,18,Office,7379
NX04836,Nikita Roth,nikita.roth4836@nexacore.com,HR,HR Business Partnering,HR Generalist,H2,NX05281,Elena Smith,"Munich, Germany",2022-04-15,Full-Time,28,Office,4286
NX04837,Kiara Becker,kiara.becker4837@nexacore.com,Marketing,Product Marketing,Senior Marketing Manager,M3,NX05591,Ashley Reed,"Frankfurt, Germany",2020-10-15,Full-Time,13,Office,2582
NX04838,Anita Rao,anita.rao4838@nexacore.com,Operations,Supply Chain,Senior Operations Mgr,O3,NX04482,Chen Petrov,"Boston, US",2019-04-21,Full-Time,25,Remote,8033
NX04839,Lisa Hughes,lisa.hughes4839@nexacore.com,HR,Talent Acquisition,Senior HR Specialist,H3,NX04721,Hannah Pillai,"Frankfurt, Germany",2017-07-05,Part-Time,12,Hybrid,9294
NX04840,Shirin Thomas,shirin.thomas4840@nexacore.com,Sales,Presales,Senior Account Executive,S3,NX02481,Aditi Peters,"Hyderabad, India",2021-12-03,Part-Time,11,Remote,2652
NX04841,Rafael Lewis,rafael.lewis4841@nexacore.com,Sales,Presales,Account Executive,S2,NX01607,Bernd Jones,"New York, US",2023-06-16,Full-Time,23,Office,2945
NX04842,Amelia Kaur,amelia.kaur4842@nexacore.com,Finance,Tax & Compliance,Senior Finance Analyst,F2,NX01889,Freya Green,"Munich, Germany",2021-12-17,Contract,26,Remote,3382
NX04843,Priya Lim,priya.lim4843@nexacore.com,HR,HR Business Partnering,Senior HR Specialist,H3,NX03350,Sophie Peters,"New York, US",2020-09-24,Contract,13,Hybrid,2927
NX04844,Gaurav Petrov,gaurav.petrov4844@nexacore.com,Marketing,Product Marketing,Marketing Director,M4,NX01388,Tina Das,"New York, US",2014-05-04,Full-Time,33,Office,7624
NX04845,Alex Singh,alex.singh4845@nexacore.com,Engineering,QA & Testing,Staff Engineer,E4,NX05968,Ayesha Kumar,"Boston, US",2019-01-25,Full-Time,18,Remote,6484
NX04846,Paola Hansen,paola.hansen4846@nexacore.com,IT Support,IT Operations,Senior IT Engineer,T3,NX02366,Sabrina Anderson,"Austin, US",2017-09-23,Full-Time,21,Remote,7821
NX04847,Jason Dubois,jason.dubois4847@nexacore.com,IT Support,Security Operations,IT Support Engineer,T2,NX01462,Shirin Pillai,"London, UK",2022-02-24,Full-Time,29,Office,9078
NX04848,David Nair,david.nair4848@nexacore.com,Legal,Employment Law,Senior Counsel,L3,NX03191,Linda Roth,"Seattle, US",2018-11-14,Full-Time,32,Office,5439
NX04849,Maya Anderson,maya.anderson4849@nexacore.com,Marketing,Brand & Communications,Marketing Specialist,M2,NX02058,Sophie Scott,"Mumbai, India",2023-04-03,Part-Time,11,Remote,7055
NX04850,Riya Brown,riya.brown4850@nexacore.com,Customer Success,Account Management,Senior CSM,C3,NX01484,Ayesha Sanchez,"Austin, US",2018-09-13,Full-Time,34,Hybrid,8283
NX04851,Sven Gonzalez,sven.gonzalez4851@nexacore.com,Engineering,QA & Testing,Software Engineer,E2,NX05701,Shirin Becker,"Berlin, Germany",2024-02-16,Contract,15,Remote,6005
NX04852,Fiona Nielsen,fiona.nielsen4852@nexacore.com,Legal,Corporate Legal,Senior Counsel,L3,NX03445,Lars Philips,"Seattle, US",2018-11-16,Full-Time,31,Office,7141
NX04853,Clara Smith,clara.smith4853@nexacore.com,Product,Analytics,Senior Product Manager,P3,NX01912,Eva Nelson,"San Francisco, US",2019-10-26,Full-Time,23,Office,5519
NX04854,Sarah Wilson,sarah.wilson4854@nexacore.com,Marketing,Product Marketing,Senior Marketing Manager,M3,NX01401,Isabel Wang,"Singapore, Singapore",2018-12-14,Full-Time,28,Office,8935
NX04855,Arjun Chakraborty,arjun.chakraborty4855@nexacore.com,Finance,Tax & Compliance,Finance Manager,F3,NX01562,Julia Carter,"San Francisco, US",2019-02-04,Contract,17,Remote,1903
NX04856,Saanvi Walker,saanvi.walker4856@nexacore.com,HR,HR Business Partnering,HR Generalist,H2,NX05857,Haruto Varma,"Munich, Germany",2022-10-27,Full-Time,15,Office,1033
NX04857,Chen Perez,chen.perez4857@nexacore.com,Sales,Sales Operations,Account Executive,S2,NX01629,Tobias Lee,"Austin, US",2023-05-11,Part-Time,16,Hybrid,6737
NX04858,Paul Chakraborty,paul.chakraborty4858@nexacore.com,Engineering,Platform Engineering,Principal Engineer,E5,NX01253,Lena Sanchez,"Boston, US",2015-10-20,Full-Time,23,Hybrid,9097
NX04859,Simon Martinez,simon.martinez4859@nexacore.com,Sales,SMB Sales,Account Executive,S2,NX02954,Diego Hall,"Frankfurt, Germany",2024-07-23,Full-Time,16,Office,8679
NX04860,Carlos Nelson,carlos.nelson4860@nexacore.com,Customer Success,Renewals,CS Associate,C1,NX01604,Stefan Walker,"San Francisco, US",2025-10-03,Part-Time,8,Hybrid,3923
NX04861,Shreya Gonzalez,shreya.gonzalez4861@nexacore.com,Product,Core Product,Senior Product Manager,P3,NX04078,Pedro Thompson,"Boston, US",2020-10-17,Full-Time,16,Office,7671
NX04862,Siddhant Mitchell,siddhant.mitchell4862@nexacore.com,Engineering,Cloud Infrastructure,Software Engineer,E2,NX02236,Michael Schmidt,"New York, US",2024-04-16,Full-Time,16,Hybrid,5039
NX04863,Aryan Mitchell,aryan.mitchell4863@nexacore.com,Sales,SMB Sales,Account Executive,S2,NX03290,Zoe Hoffmann,"Hyderabad, India",2022-12-23,Full-Time,19,Office,8905
NX04864,Deepa Liu,deepa.liu4864@nexacore.com,IT Support,IT Operations,Senior IT Engineer,T3,NX01342,Siddhant Petrov,"Mumbai, India",2017-06-27,Full-Time,19,Office,3581
NX04865,Andrea Varma,andrea.varma4865@nexacore.com,Product,Growth,Product Manager,P2,NX05178,Ravi Johnson,"Berlin, Germany",2022-03-22,Contract,26,Hybrid,6247
NX04866,Nora Bhatt,nora.bhatt4866@nexacore.com,Engineering,Cloud Infrastructure,Senior Software Engineer,E3,NX02636,Thomas Lim,"Edinburgh, UK",2023-05-16,Full-Time,12,Hybrid,4709
NX04867,Benjamin Fischer,benjamin.fischer4867@nexacore.com,Engineering,Cloud Infrastructure,Senior Software Engineer,E3,NX02291,Antoine Smith,"Mumbai, India",2022-04-29,Part-Time,14,Office,6291
NX04868,Luka Taylor,luka.taylor4868@nexacore.com,Engineering,Platform Engineering,Staff Engineer,E4,NX01981,James Becker,"London, UK",2019-10-31,Full-Time,28,Remote,2866
NX04869,Riya Ross,riya.ross4869@nexacore.com,Sales,Sales Operations,Sales Manager,S4,NX02598,Aditi White,"Austin, US",2018-12-21,Full-Time,19,Hybrid,8116
NX04870,Aryan Patel,aryan.patel4870@nexacore.com,Engineering,QA & Testing,Principal Engineer,E5,NX01530,Pedro Desai,"Bangalore, India",2016-01-21,Full-Time,19,Office,1524
NX04871,Nicolas Nguyen,nicolas.nguyen4871@nexacore.com,Sales,SMB Sales,Senior Account Executive,S3,NX01239,Nisha Klein,"New York, US",2022-05-06,Full-Time,15,Hybrid,7305
NX04872,Maria Martinez,maria.martinez4872@nexacore.com,Marketing,Product Marketing,Marketing Coordinator,M1,NX01670,Wei Miller,"Manchester, UK",2024-07-24,Full-Time,23,Office,8216
NX04873,Aisha Wood,aisha.wood4873@nexacore.com,Sales,Sales Operations,Account Executive,S2,NX04456,Emma Nelson,"Manchester, UK",2022-06-17,Full-Time,22,Hybrid,7119
NX04874,Amrita Rodriguez,amrita.rodriguez4874@nexacore.com,Product,Analytics,Associate PM,P1,NX03884,Ayesha Gonzalez,"Frankfurt, Germany",2024-08-27,Full-Time,20,Hybrid,6630
NX04875,Zoe Sandoval,zoe.sandoval4875@nexacore.com,Sales,Presales,Senior Account Executive,S3,NX03287,Liam Lewis,"New York, US",2022-03-29,Full-Time,17,Office,5038
NX04876,Milan Nair,milan.nair4876@nexacore.com,Sales,Enterprise Sales,Account Executive,S2,NX02954,Diego Hall,"Mumbai, India",2023-12-07,Full-Time,14,Remote,2030
NX04877,Pankaj Das,pankaj.das4877@nexacore.com,Data & Analytics,Data Governance,Data Analyst,D1,NX04091,Karan Brown,"Munich, Germany",2024-10-30,Part-Time,11,Hybrid,8776
NX04878,Vikas Kapoor,vikas.kapoor4878@nexacore.com,Sales,Sales Operations,Senior Account Executive,S3,NX02655,Kate Patel,"San Francisco, US",2021-09-15,Full-Time,21,Hybrid,5115
NX04879,Nicolas Reddy,nicolas.reddy4879@nexacore.com,Customer Success,Onboarding,Customer Success Manager,C2,NX03937,Yuki Muller,"Hyderabad, India",2021-12-31,Contract,26,Office,4233
NX04880,Leo Murphy,leo.murphy4880@nexacore.com,Finance,FP&A,Senior Finance Analyst,F2,NX02327,Robert Kaur,"Edinburgh, UK",2022-05-28,Full-Time,25,Remote,8070
NX04881,Nicolas Jones,nicolas.jones4881@nexacore.com,IT Support,End-User Computing,Senior IT Engineer,T3,NX05195,Amara Singh,"Chennai, India",2017-09-23,Full-Time,21,Remote,1641
NX04882,Uma Davies,uma.davies4882@nexacore.com,Customer Success,Onboarding,Senior CSM,C3,NX04495,Jason Bennet,"Pune, India",2019-03-04,Full-Time,17,Office,8253
NX04883,Aryan Scott,aryan.scott4883@nexacore.com,Legal,Employment Law,Associate Counsel,L2,NX02787,Saanvi Roberts,"Seattle, US",2020-02-25,Full-Time,25,Office,5034
NX04884,Sarah Zhang,sarah.zhang4884@nexacore.com,HR,L&D,Senior HR Specialist,H3,NX01362,Gaurav Williams,"Pune, India",2021-02-02,Full-Time,24,Office,1135
NX04885,Akira Rao,akira.rao4885@nexacore.com,Marketing,Brand & Communications,Senior Marketing Manager,M3,NX02416,Jaya Murphy,"London, UK",2017-07-06,Contract,35,Office,6401
NX04886,Uma Brown,uma.brown4886@nexacore.com,Sales,Enterprise Sales,Account Executive,S2,NX02862,Gabriel Jensen,"Seattle, US",2023-09-13,Full-Time,25,Hybrid,6569
NX04887,Amelia Robinson,amelia.robinson4887@nexacore.com,Finance,FP&A,Senior Finance Manager,F4,NX01510,Ayesha Varma,"Mumbai, India",2013-04-22,Full-Time,28,Office,6591
NX04888,Valentina Williams,valentina.williams4888@nexacore.com,Sales,Presales,Sales Director,S5,,,"Mumbai, India",2014-02-10,Part-Time,28,Hybrid,2122
NX04889,Bernd Muller,bernd.muller4889@nexacore.com,Operations,Procurement,Operations Director,O4,NX01891,Lena Foster,"Boston, US",2015-12-26,Full-Time,33,Hybrid,3633
NX04890,Manish Nair,manish.nair4890@nexacore.com,Customer Success,Renewals,Senior CSM,C3,NX04430,David Green,"Berlin, Germany",2021-03-18,Full-Time,20,Hybrid,9580
NX04891,Ishan Mitchell,ishan.mitchell4891@nexacore.com,Customer Success,Account Management,Senior CSM,C3,NX02329,Nora Peters,"Mumbai, India",2019-12-07,Full-Time,16,Hybrid,5316
NX04892,Mohamed Santos,mohamed.santos4892@nexacore.com,Operations,Supply Chain,Senior Operations Mgr,O3,NX01701,Rahul Hansen,"New York, US",2016-08-09,Full-Time,35,Hybrid,5009
NX04893,Julia Cruz,julia.cruz4893@nexacore.com,Engineering,Mobile & Web,Principal Engineer,E5,NX01204,Alex Klein,"Berlin, Germany",2013-11-20,Full-Time,20,Office,2965
NX04894,Rohit Mitchell,rohit.mitchell4894@nexacore.com,Sales,Sales Operations,Account Executive,S2,NX01239,Nisha Klein,"Frankfurt, Germany",2024-09-09,Contract,19,Remote,6658
NX04895,Anjali Kumar,anjali.kumar4895@nexacore.com,Marketing,Demand Generation,Senior Marketing Manager,M3,NX01579,Jason Green,"Singapore, Singapore",2018-05-01,Contract,32,Remote,7519
NX04896,Liam Martinez,liam.martinez4896@nexacore.com,Engineering,Platform Engineering,Principal Engineer,E5,NX02579,Kiara Garcia,"Singapore, Singapore",2016-04-18,Full-Time,17,Hybrid,6291
NX04897,Ishan Evans,ishan.evans4897@nexacore.com,Data & Analytics,Business Intelligence,Head of Data,D5,,,"Austin, US",2012-04-14,Full-Time,18,Office,9015
NX04898,Priya Kapoor,priya.kapoor4898@nexacore.com,Operations,Supply Chain,Operations Director,O4,NX01923,Jason Roth,"New York, US",2015-12-13,Full-Time,17,Hybrid,6964
NX04899,Omar Petrov,omar.petrov4899@nexacore.com,Data & Analytics,ML & AI,Data Analyst,D1,NX01547,Stefan Harris,"London, UK",2024-06-12,Contract,23,Office,6290
NX04900,Tom Harris,tom.harris4900@nexacore.com,Legal,Employment Law,Associate Counsel,L2,NX03716,Nicolas Walker,"Austin, US",2021-01-26,Full-Time,23,Hybrid,5575
NX04901,Emma Turner,emma.turner4901@nexacore.com,Sales,Presales,Senior Account Executive,S3,NX03290,Zoe Hoffmann,"Singapore, Singapore",2020-07-17,Contract,15,Hybrid,3047
NX04902,Hannah Bauer,hannah.bauer4902@nexacore.com,Finance,Treasury,Finance Manager,F3,NX03813,Kabir Williams,"Edinburgh, UK",2020-02-02,Full-Time,22,Office,7795
NX04903,Emma Nielsen,emma.nielsen4903@nexacore.com,Engineering,DevOps & SRE,Senior Software Engineer,E3,NX03253,Martin Das,"New York, US",2022-01-27,Full-Time,27,Hybrid,3851
NX04904,Sneha Lopez,sneha.lopez4904@nexacore.com,Sales,SMB Sales,Account Executive,S2,NX02231,Ananya Muller,"Seattle, US",2023-10-11,Full-Time,14,Office,6557
NX04905,Sneha Rodriguez,sneha.rodriguez4905@nexacore.com,Engineering,Platform Engineering,Associate Engineer,E1,NX05697,Neha Kaur,"New York, US",2025-07-22,Full-Time,14,Office,9145
NX04906,Axel Turner,axel.turner4906@nexacore.com,Finance,FP&A,Senior Finance Analyst,F2,NX02117,Daniel Lee,"Berlin, Germany",2023-01-18,Full-Time,27,Office,3187
NX04907,Priya Thomas,priya.thomas4907@nexacore.com,Engineering,QA & Testing,Software Engineer,E2,NX02224,Ayesha Perez,"Boston, US",2023-09-06,Full-Time,19,Office,5547
NX04908,Bernd Smith,bernd.smith4908@nexacore.com,Engineering,Mobile & Web,Associate Engineer,E1,NX03135,Kabir Jensen,"Austin, US",2025-05-24,Contract,21,Hybrid,4904
NX04909,David Reddy,david.reddy4909@nexacore.com,Product,Analytics,Senior Product Manager,P3,NX01555,Priya Klein,"Berlin, Germany",2019-09-30,Full-Time,20,Office,7914
NX04910,Sven Wright,sven.wright4910@nexacore.com,Finance,Tax & Compliance,Finance Manager,F3,NX03139,Rosa Chen,"Frankfurt, Germany",2019-10-15,Full-Time,32,Remote,2598
NX04911,Axel Thomas,axel.thomas4911@nexacore.com,Marketing,Brand & Communications,Marketing Specialist,M2,NX03071,Zara Weber,"Boston, US",2023-08-18,Full-Time,18,Office,8672
NX04912,Hannah Mitchell,hannah.mitchell4912@nexacore.com,Marketing,Brand & Communications,Marketing Specialist,M2,NX02416,Jaya Murphy,"Hyderabad, India",2021-09-24,Part-Time,13,Office,6665
NX04913,Jonathan Hansen,jonathan.hansen4913@nexacore.com,Engineering,Mobile & Web,Software Engineer,E2,NX03454,Vikram Williams,"Chennai, India",2023-10-13,Full-Time,21,Hybrid,3194
NX04914,Lena Evans,lena.evans4914@nexacore.com,Data & Analytics,ML & AI,Data Scientist,D3,NX04091,Karan Brown,"Frankfurt, Germany",2018-02-01,Full-Time,21,Office,5132
NX04915,Omar Nguyen,omar.nguyen4915@nexacore.com,HR,L&D,Senior HR Specialist,H3,NX01074,Daniel Varma,"Mumbai, India",2019-07-13,Full-Time,17,Hybrid,6640
NX04916,Henrik Das,henrik.das4916@nexacore.com,Operations,Supply Chain,Operations Specialist,O2,NX03661,William Peters,"Boston, US",2021-12-05,Contract,22,Hybrid,7200
NX04917,Ishan Reddy,ishan.reddy4917@nexacore.com,Sales,SMB Sales,Senior Account Executive,S3,NX01789,Benjamin Mendes,"Edinburgh, UK",2021-04-27,Part-Time,14,Office,5878
NX04918,Harry Becker,harry.becker4918@nexacore.com,Customer Success,Support Engineering,Senior CSM,C3,NX05699,Ananya Brown,"Munich, Germany",2019-11-17,Full-Time,15,Remote,5040
NX04919,Paola Thomas,paola.thomas4919@nexacore.com,Customer Success,Support Engineering,CS Director,C4,NX01817,Maya Lewis,"Munich, Germany",2016-03-16,Full-Time,28,Hybrid,3910
NX04920,Vikram Lopez,vikram.lopez4920@nexacore.com,IT Support,End-User Computing,IT Support Analyst,T1,NX03605,Ashley Khan,"Chennai, India",2025-01-07,Part-Time,9,Remote,6087
NX04921,Rebecca Cruz,rebecca.cruz4921@nexacore.com,Sales,Presales,Senior Account Executive,S3,NX02791,Sabrina Kumar,"Frankfurt, Germany",2022-01-31,Contract,15,Hybrid,9607
NX04922,Arjun Rao,arjun.rao4922@nexacore.com,Engineering,QA & Testing,Staff Engineer,E4,NX02625,Jaya Lewis,"Singapore, Singapore",2018-10-12,Full-Time,33,Hybrid,4683
NX04923,Mona Shah,mona.shah4923@nexacore.com,Operations,Facilities,Senior Operations Mgr,O3,NX04793,Ananya Davis,"London, UK",2019-01-04,Contract,32,Hybrid,6493
NX04924,Samuel Gupta,samuel.gupta4924@nexacore.com,Finance,Accounting,Finance Analyst,F1,NX02117,Daniel Lee,"London, UK",2024-09-30,Part-Time,7,Hybrid,4502
NX04925,Thomas Petrov,thomas.petrov4925@nexacore.com,Operations,Procurement,Operations Specialist,O2,NX05062,Clara Koch,"Chennai, India",2023-10-31,Full-Time,13,Remote,6784
NX04926,Manish Zhang,manish.zhang4926@nexacore.com,Customer Success,Renewals,Senior CSM,C3,NX01576,Linda Reddy,"Munich, Germany",2018-12-01,Contract,31,Hybrid,3214
NX04927,Alejandro Brown,alejandro.brown4927@nexacore.com,Sales,Enterprise Sales,Sales Manager,S4,NX04083,Olivia Scott,"Bangalore, India",2018-06-28,Full-Time,19,Hybrid,7681
NX04928,Robert Santos,robert.santos4928@nexacore.com,Finance,FP&A,Finance Analyst,F1,NX02295,Tina White,"Edinburgh, UK",2024-09-27,Full-Time,18,Hybrid,6573
NX04929,Chen Kapoor,chen.kapoor4929@nexacore.com,Product,Core Product,Senior Product Manager,P3,NX01077,Lucas Murphy,"Edinburgh, UK",2019-10-25,Full-Time,33,Hybrid,9376
NX04930,Aisha Anderson,aisha.anderson4930@nexacore.com,Sales,Sales Operations,Senior Account Executive,S3,NX02408,Rajesh Chen,"Manchester, UK",2021-06-05,Contract,23,Remote,3566
NX04931,Hannah Peters,hannah.peters4931@nexacore.com,Finance,Tax & Compliance,Finance Manager,F3,NX02757,Hannah Pillai,"Edinburgh, UK",2019-01-02,Full-Time,26,Hybrid,9458
NX04932,James Brown,james.brown4932@nexacore.com,Product,Platform,Senior Product Manager,P3,NX01039,Riya Roberts,"Pune, India",2020-05-19,Full-Time,23,Hybrid,2047
NX04933,Haruto Taylor,haruto.taylor4933@nexacore.com,Sales,SMB Sales,Account Executive,S2,NX03317,Anita Martin,"Seattle, US",2022-10-08,Full-Time,14,Hybrid,8590
NX04934,Patrick Turner,patrick.turner4934@nexacore.com,Sales,Presales,Account Executive,S2,NX01911,Bernd Varma,"Frankfurt, Germany",2023-09-18,Full-Time,21,Office,7357
NX04935,Nicolas Reed,nicolas.reed4935@nexacore.com,Sales,Presales,Senior Account Executive,S3,NX04014,James Koch,"London, UK",2019-06-30,Full-Time,24,Hybrid,8169
NX04936,Benjamin Kapoor,benjamin.kapoor4936@nexacore.com,Sales,Enterprise Sales,Senior Account Executive,S3,NX02410,Axel Nelson,"Frankfurt, Germany",2019-11-09,Full-Time,28,Hybrid,9355
NX04937,Amara Muller,amara.muller4937@nexacore.com,Engineering,Platform Engineering,Principal Engineer,E5,NX01149,David Kapoor,"Mumbai, India",2012-03-30,Full-Time,22,Hybrid,9151
NX04938,Liam Perez,liam.perez4938@nexacore.com,Engineering,Cloud Infrastructure,Staff Engineer,E4,NX02544,Riya Thompson,"Hyderabad, India",2018-05-19,Full-Time,26,Hybrid,4772
NX04939,Paola Miller,paola.miller4939@nexacore.com,Engineering,DevOps & SRE,Staff Engineer,E4,NX02412,Samuel Lee,"Singapore, Singapore",2017-11-14,Part-Time,27,Hybrid,4572
NX04940,Fiona Martin,fiona.martin4940@nexacore.com,Operations,Business Operations,Senior Operations Mgr,O3,NX02752,Jason Liu,"Edinburgh, UK",2018-10-18,Contract,24,Hybrid,6339
NX04941,William Nguyen,william.nguyen4941@nexacore.com,Engineering,DevOps & SRE,Staff Engineer,E4,NX01013,Michael Zhou,"Frankfurt, Germany",2018-08-23,Full-Time,18,Hybrid,2533
NX04942,Anjali Thomas,anjali.thomas4942@nexacore.com,Engineering,DevOps & SRE,Software Engineer,E2,NX04130,Maria Brown,"New York, US",2023-08-25,Contract,16,Remote,8557
NX04943,Priya Khan,priya.khan4943@nexacore.com,Finance,Treasury,Senior Finance Analyst,F2,NX01050,Karen Meyer,"Hyderabad, India",2022-05-23,Full-Time,23,Remote,7633
NX04944,Karl Davis,karl.davis4944@nexacore.com,Legal,Employment Law,Associate Counsel,L2,NX02339,Anjali Liu,"Edinburgh, UK",2022-09-28,Full-Time,18,Office,5188
NX04945,Julia Sanchez,julia.sanchez4945@nexacore.com,Engineering,Platform Engineering,Staff Engineer,E4,NX02261,Ishan Reddy,"London, UK",2020-03-01,Full-Time,21,Remote,7568
NX04946,Jonas Becker,jonas.becker4946@nexacore.com,IT Support,End-User Computing,IT Support Engineer,T2,NX02218,Sofia Philips,"Edinburgh, UK",2024-03-25,Full-Time,22,Office,1881
NX04947,Olivia Turner,olivia.turner4947@nexacore.com,Customer Success,Onboarding,Customer Success Manager,C2,NX02782,Emma Wilson,"Edinburgh, UK",2021-10-10,Full-Time,28,Hybrid,5922
NX04948,Tobias Davis,tobias.davis4948@nexacore.com,Legal,Corporate Legal,Associate Counsel,L2,NX01707,Thomas Kapoor,"San Francisco, US",2022-06-20,Part-Time,15,Remote,8805
NX04949,Kevin Schmidt,kevin.schmidt4949@nexacore.com,Sales,Presales,Sales Manager,S4,NX02046,Clara Davies,"Manchester, UK",2015-04-05,Full-Time,30,Office,6192
NX04950,Zoe Mitchell,zoe.mitchell4950@nexacore.com,Sales,Presales,Sales Development Rep,S1,NX04117,Jonas Naidu,"Munich, Germany",2024-12-27,Full-Time,19,Remote,9467
NX04951,Amrita Perez,amrita.perez4951@nexacore.com,Engineering,Platform Engineering,Principal Engineer,E5,NX02374,Nicolas Harris,"New York, US",2015-05-10,Part-Time,31,Office,6335
NX04952,Manish Weber,manish.weber4952@nexacore.com,Engineering,QA & Testing,Associate Engineer,E1,NX02175,Harry Naidu,"New York, US",2025-02-20,Full-Time,14,Hybrid,5051
NX04953,Jonas Zhou,jonas.zhou4953@nexacore.com,Customer Success,Onboarding,Senior CSM,C3,NX01440,Pankaj Naidu,"San Francisco, US",2021-03-05,Full-Time,16,Office,5289
NX04954,Rohit Becker,rohit.becker4954@nexacore.com,Engineering,Cloud Infrastructure,Staff Engineer,E4,NX02130,Amelia Kapoor,"Hyderabad, India",2018-03-22,Full-Time,18,Office,5704
NX04955,Ashley Meier,ashley.meier4955@nexacore.com,Engineering,DevOps & SRE,Software Engineer,E2,NX05885,Zara White,"Frankfurt, Germany",2024-04-30,Full-Time,23,Remote,9622
NX04956,Leo Gupta,leo.gupta4956@nexacore.com,Sales,Sales Operations,Account Executive,S2,NX01700,Ashley Clark,"Hyderabad, India",2022-08-06,Part-Time,17,Office,8748
NX04957,Sabrina Thompson,sabrina.thompson4957@nexacore.com,Engineering,Mobile & Web,Software Engineer,E2,NX02858,Tina Murphy,"London, UK",2024-03-14,Contract,14,Office,6923
NX04958,Devika Walker,devika.walker4958@nexacore.com,Operations,Facilities,Senior Operations Mgr,O3,NX01377,James Petrov,"Frankfurt, Germany",2016-05-25,Part-Time,19,Hybrid,4194
NX04959,Aditi Thompson,aditi.thompson4959@nexacore.com,Engineering,Cloud Infrastructure,Software Engineer,E2,NX05120,Elena Robinson,"Chennai, India",2023-12-25,Contract,18,Remote,4859
NX04960,Olivia Foster,olivia.foster4960@nexacore.com,Sales,Presales,Account Executive,S2,NX04164,Haruto Varma,"Singapore, Singapore",2024-07-26,Contract,20,Office,6746
NX04961,Rebecca Kumar,rebecca.kumar4961@nexacore.com,Engineering,DevOps & SRE,Staff Engineer,E4,NX03943,Hannah Reed,"New York, US",2019-06-10,Full-Time,18,Office,5359
NX04962,Riya Kim,riya.kim4962@nexacore.com,IT Support,Security Operations,IT Support Engineer,T2,NX05547,Vikas Meyer,"Manchester, UK",2021-09-17,Full-Time,13,Hybrid,5020
NX04963,Carlos Young,carlos.young4963@nexacore.com,Engineering,Platform Engineering,Staff Engineer,E4,NX03246,Usha Anderson,"Pune, India",2018-09-24,Contract,19,Hybrid,9951
NX04964,Andrei Roberts,andrei.roberts4964@nexacore.com,Data & Analytics,Data Governance,Senior Data Analyst,D2,NX01322,Elena Yamada,"London, UK",2022-12-03,Full-Time,16,Remote,1418
NX04965,Nikita Roberts,nikita.roberts4965@nexacore.com,Sales,Enterprise Sales,Sales Development Rep,S1,NX03192,Sara Mitchell,"Bangalore, India",2025-10-15,Full-Time,13,Office,7888
NX04966,Sven Santos,sven.santos4966@nexacore.com,Sales,Presales,Senior Account Executive,S3,NX04014,James Koch,"Seattle, US",2021-11-07,Full-Time,23,Office,8316
NX04967,William Zhang,william.zhang4967@nexacore.com,Engineering,QA & Testing,Staff Engineer,E4,NX02194,Daniel Williams,"Berlin, Germany",2017-02-12,Full-Time,26,Hybrid,7367
NX04968,Neha Jones,neha.jones4968@nexacore.com,Legal,Corporate Legal,Associate Counsel,L2,NX01707,Thomas Kapoor,"Austin, US",2021-10-08,Full-Time,16,Office,4749
NX04969,James Peters,james.peters4969@nexacore.com,Operations,Business Operations,Operations Director,O4,NX01712,Rohit Moore,"Chennai, India",2015-05-17,Part-Time,18,Office,2875
NX04970,Ashley Martin,ashley.martin4970@nexacore.com,IT Support,End-User Computing,IT Support Engineer,T2,NX02767,Anna Shah,"New York, US",2023-02-15,Full-Time,12,Office,5012
NX04971,Luka Lewis,luka.lewis4971@nexacore.com,Engineering,Platform Engineering,Staff Engineer,E4,NX01550,Rosa Santos,"London, UK",2020-03-29,Full-Time,23,Hybrid,1063
NX04972,Kiara Perez,kiara.perez4972@nexacore.com,Marketing,Demand Generation,Marketing Specialist,M2,NX05969,Ravi Wood,"Berlin, Germany",2021-05-31,Full-Time,13,Office,7997
NX04973,Gabriel Santos,gabriel.santos4973@nexacore.com,Data & Analytics,Data Engineering,Data Scientist,D3,NX05117,Ashley Naidu,"Seattle, US",2021-05-24,Full-Time,18,Office,7187
NX04974,Alec Roth,alec.roth4974@nexacore.com,Product,Platform,Associate PM,P1,NX04288,Chen Moore,"Pune, India",2024-08-27,Contract,19,Office,8941
NX04975,Karen Miller,karen.miller4975@nexacore.com,Engineering,DevOps & SRE,Senior Software Engineer,E3,NX02803,Ayesha Davies,"Manchester, UK",2021-10-19,Full-Time,13,Office,6735
NX04976,Vikram Nguyen,vikram.nguyen4976@nexacore.com,Customer Success,Support Engineering,Senior CSM,C3,NX04750,Tina Klein,"Singapore, Singapore",2019-04-03,Part-Time,15,Office,8416
NX04977,Clara Jones,clara.jones4977@nexacore.com,Sales,Enterprise Sales,Sales Director,S5,,,"Seattle, US",2014-03-27,Full-Time,23,Hybrid,2057
NX04978,Sabrina Jones,sabrina.jones4978@nexacore.com,Customer Success,Support Engineering,Customer Success Manager,C2,NX02257,Omar Taylor,"New York, US",2023-06-14,Full-Time,10,Office,5549
NX04979,Karl Nelson,karl.nelson4979@nexacore.com,Customer Success,Account Management,Senior CSM,C3,NX04143,Vikas Reed,"Hyderabad, India",2021-03-03,Full-Time,17,Hybrid,8280
NX04980,Paola Miller,paola.miller4980@nexacore.com,Engineering,Platform Engineering,Staff Engineer,E4,NX03258,Anjali Smith,"Hyderabad, India",2017-02-03,Contract,25,Office,7116
NX04981,Thomas Sandoval,thomas.sandoval4981@nexacore.com,Operations,Business Operations,Senior Operations Mgr,O3,NX04228,Priya Rao,"Chennai, India",2017-06-10,Part-Time,28,Hybrid,1978
NX04982,Mohamed Sandoval,mohamed.sandoval4982@nexacore.com,IT Support,End-User Computing,Senior IT Engineer,T3,NX01342,Siddhant Petrov,"London, UK",2018-07-04,Full-Time,28,Hybrid,7222
NX04983,Mohamed Robinson,mohamed.robinson4983@nexacore.com,Legal,IP & Compliance,Senior Counsel,L3,NX05399,Thomas Rodriguez,"Boston, US",2018-09-05,Full-Time,17,Hybrid,4671
NX04984,Linda Kumar,linda.kumar4984@nexacore.com,Finance,Accounting,Finance Manager,F3,NX02265,Alex Carter,"Boston, US",2016-08-04,Full-Time,20,Hybrid,2689
NX04985,Diego Hansen,diego.hansen4985@nexacore.com,Marketing,Demand Generation,Marketing Specialist,M2,NX01880,Paul Schmidt,"Austin, US",2022-10-07,Full-Time,16,Office,4190
NX04986,Paola Scott,paola.scott4986@nexacore.com,Sales,Presales,Senior Account Executive,S3,NX01403,Jonas Wright,"London, UK",2020-10-24,Contract,19,Remote,3562
NX04987,Tobias Hall,tobias.hall4987@nexacore.com,IT Support,Security Operations,IT Manager,T4,NX01279,Aditi Bauer,"Pune, India",2015-06-07,Contract,20,Office,9008
NX04988,Mona Singh,mona.singh4988@nexacore.com,Finance,Treasury,Senior Finance Analyst,F2,NX01739,Ishan Wright,"Singapore, Singapore",2024-03-28,Part-Time,9,Office,4118
NX04989,Simon Naidu,simon.naidu4989@nexacore.com,Engineering,Cloud Infrastructure,Senior Software Engineer,E3,NX02629,James Kapoor,"Mumbai, India",2021-08-30,Contract,13,Office,5051
NX04990,Sabrina Miller,sabrina.miller4990@nexacore.com,Engineering,DevOps & SRE,Staff Engineer,E4,NX02853,Freya Klein,"Bangalore, India",2019-07-21,Contract,17,Office,6339
NX04991,Nicolas Bauer,nicolas.bauer4991@nexacore.com,Product,Core Product,Senior Product Manager,P3,NX02052,Diego Wright,"Boston, US",2019-06-30,Full-Time,29,Hybrid,7549
NX04992,Freya Scott,freya.scott4992@nexacore.com,Sales,Enterprise Sales,Senior Account Executive,S3,NX03420,James Roberts,"Hyderabad, India",2020-01-20,Full-Time,28,Office,3417
NX04993,Ravi Martinez,ravi.martinez4993@nexacore.com,Marketing,Demand Generation,Marketing Specialist,M2,NX02058,Sophie Scott,"Munich, Germany",2022-09-01,Contract,20,Hybrid,1257
NX04994,Nicolas Shah,nicolas.shah4994@nexacore.com,Engineering,Mobile & Web,Senior Software Engineer,E3,NX03097,Markus Price,"Hyderabad, India",2021-12-25,Part-Time,19,Hybrid,8517
NX04995,Sara Lewis,sara.lewis4995@nexacore.com,Engineering,Cloud Infrastructure,Staff Engineer,E4,NX01567,Mohamed Zhang,"Munich, Germany",2017-08-13,Full-Time,18,Hybrid,2483
NX04996,Shreya Thompson,shreya.thompson4996@nexacore.com,Sales,Enterprise Sales,Account Executive,S2,NX01296,Priya Patel,"Singapore, Singapore",2023-01-04,Part-Time,13,Office,6167
NX04997,Jana Walker,jana.walker4997@nexacore.com,Operations,Supply Chain,Operations Specialist,O2,NX02752,Jason Liu,"Manchester, UK",2022-03-29,Full-Time,14,Remote,3325
NX04998,Sabrina Rao,sabrina.rao4998@nexacore.com,Engineering,Cloud Infrastructure,Staff Engineer,E4,NX01264,Haruto Becker,"Manchester, UK",2018-07-14,Full-Time,24,Office,2344
NX04999,Ishan Brown,ishan.brown4999@nexacore.com,Customer Success,Renewals,CS Associate,C1,NX01203,Aditi Reddy,"Berlin, Germany",2024-12-23,Full-Time,15,Hybrid,2749
NX05000,Mira Miller,mira.miller5000@nexacore.com,Sales,SMB Sales,Senior Account Executive,S3,NX03888,Gaurav Murphy,"Munich, Germany",2021-05-11,Full-Time,15,Hybrid,6465
NX05001,Julia Nguyen,julia.nguyen5001@nexacore.com,Engineering,QA & Testing,Principal Engineer,E5,NX02014,Luka Thompson,"Chennai, India",2013-06-04,Full-Time,17,Hybrid,3795
NX05002,Michael Cruz,michael.cruz5002@nexacore.com,Sales,SMB Sales,Account Executive,S2,NX03333,Beatrice Sandoval,"Frankfurt, Germany",2023-06-27,Full-Time,12,Office,4149
NX05003,Amrita Reddy,amrita.reddy5003@nexacore.com,Engineering,Mobile & Web,Senior Software Engineer,E3,NX01529,Sara Pillai,"Singapore, Singapore",2022-02-17,Full-Time,13,Hybrid,4345
NX05004,Rosa Zhou,rosa.zhou5004@nexacore.com,Sales,Enterprise Sales,Account Executive,S2,NX01172,Alejandro Chakraborty,"Berlin, Germany",2023-11-13,Full-Time,12,Hybrid,6504
NX05005,Riya Brown,riya.brown5005@nexacore.com,Customer Success,Renewals,CS Director,C4,NX01608,David Kumar,"Frankfurt, Germany",2012-04-30,Full-Time,17,Hybrid,6828
NX05006,Sarah Jones,sarah.jones5006@nexacore.com,Product,Platform,Product Manager,P2,NX01404,Ryan Turner,"Boston, US",2022-11-13,Full-Time,13,Hybrid,8887
NX05007,Devika Martinez,devika.martinez5007@nexacore.com,Customer Success,Onboarding,Customer Success Manager,C2,NX02257,Omar Taylor,"Boston, US",2022-10-12,Full-Time,11,Hybrid,9980
NX05008,Antoine Bennet,antoine.bennet5008@nexacore.com,Operations,Facilities,Operations Specialist,O2,NX02075,Zara Scott,"London, UK",2024-03-26,Contract,10,Office,9255
NX05009,Manish Yamada,manish.yamada5009@nexacore.com,Sales,Sales Operations,Sales Development Rep,S1,NX02053,Leo Sanchez,"Frankfurt, Germany",2025-03-10,Part-Time,12,Hybrid,5720
NX05010,Clara Becker,clara.becker5010@nexacore.com,Finance,Tax & Compliance,Finance Manager,F3,NX03139,Rosa Chen,"Hyderabad, India",2017-10-09,Full-Time,26,Hybrid,5009
NX05011,Clara Moore,clara.moore5011@nexacore.com,Engineering,DevOps & SRE,Software Engineer,E2,NX02755,Clara Reddy,"Bangalore, India",2024-06-11,Contract,13,Remote,2877
NX05012,Beatrice Lopez,beatrice.lopez5012@nexacore.com,Sales,Sales Operations,Account Executive,S2,NX02617,Rahul Hansen,"Edinburgh, UK",2023-08-17,Full-Time,25,Hybrid,5513
NX05013,Samuel Thomas,samuel.thomas5013@nexacore.com,IT Support,Security Operations,IT Support Analyst,T1,NX05934,Vikas Nielsen,"Manchester, UK",2025-03-10,Full-Time,19,Hybrid,6500
NX05014,Martin Bhatt,martin.bhatt5014@nexacore.com,Customer Success,Account Management,CS Associate,C1,NX05324,Leo Moore,"Chennai, India",2025-06-15,Part-Time,12,Office,7298
NX05015,Michael Schmidt,michael.schmidt5015@nexacore.com,Customer Success,Support Engineering,Senior CSM,C3,NX01554,Aisha Lewis,"Austin, US",2019-08-15,Full-Time,17,Office,1667
NX05016,Julia Taylor,julia.taylor5016@nexacore.com,Finance,Treasury,Senior Finance Analyst,F2,NX02525,Paul Schmidt,"San Francisco, US",2022-02-24,Contract,25,Hybrid,3699
NX05017,Martin Meier,martin.meier5017@nexacore.com,Sales,Sales Operations,Senior Account Executive,S3,NX02832,Ravi Moore,"Singapore, Singapore",2021-05-22,Part-Time,11,Hybrid,4619
NX05018,Karl Martin,karl.martin5018@nexacore.com,Legal,Corporate Legal,Legal Analyst,L1,NX02787,Saanvi Roberts,"Boston, US",2023-12-28,Part-Time,7,Remote,7667
NX05019,Rajesh Wang,rajesh.wang5019@nexacore.com,Customer Success,Account Management,CS Associate,C1,NX02329,Nora Peters,"Mumbai, India",2025-04-27,Full-Time,20,Remote,9991
NX05020,Alec Khan,alec.khan5020@nexacore.com,Operations,Procurement,Senior Operations Mgr,O3,NX01921,Oliver Reed,"Frankfurt, Germany",2016-12-19,Part-Time,21,Hybrid,1167
NX05021,Paul Desai,paul.desai5021@nexacore.com,Engineering,DevOps & SRE,Senior Software Engineer,E3,NX03945,Benjamin Wilson,"Mumbai, India",2021-03-23,Contract,25,Office,2204
NX05022,Tina Bauer,tina.bauer5022@nexacore.com,Engineering,QA & Testing,Principal Engineer,E5,NX01276,Beatrice Mitchell,"Singapore, Singapore",2013-10-17,Full-Time,18,Office,2681
NX05023,Julia Becker,julia.becker5023@nexacore.com,Sales,SMB Sales,Account Executive,S2,NX03397,Deepa Miller,"Boston, US",2024-07-29,Full-Time,15,Office,2571
NX05024,Pankaj Carter,pankaj.carter5024@nexacore.com,IT Support,End-User Computing,IT Support Engineer,T2,NX01785,Yuki Reed,"Edinburgh, UK",2023-05-14,Full-Time,15,Hybrid,3514
NX05025,Paola Nelson,paola.nelson5025@nexacore.com,Product,Growth,Product Manager,P2,NX03715,Alejandro Martin,"Pune, India",2023-09-25,Full-Time,21,Hybrid,8231
NX05026,Ravi Sandoval,ravi.sandoval5026@nexacore.com,IT Support,Security Operations,Senior IT Engineer,T3,NX01294,Anjali Kumar,"Munich, Germany",2018-02-06,Full-Time,17,Hybrid,6810
NX05027,Tina Wright,tina.wright5027@nexacore.com,Product,Platform,Associate PM,P1,NX01321,Jana Liu,"Frankfurt, Germany",2025-04-22,Full-Time,13,Hybrid,9283
NX05028,Sebastian Dubois,sebastian.dubois5028@nexacore.com,Marketing,Content & SEO,Marketing Coordinator,M1,NX05407,Martin Singh,"Austin, US",2024-09-21,Part-Time,7,Hybrid,2540
NX05029,Rosa Bhatt,rosa.bhatt5029@nexacore.com,Engineering,Mobile & Web,Senior Software Engineer,E3,NX02008,Leo Rodriguez,"New York, US",2023-04-17,Full-Time,19,Hybrid,8336
NX05030,Beatrice Murphy,beatrice.murphy5030@nexacore.com,Operations,Facilities,Senior Operations Mgr,O3,NX02153,Diego Davies,"Mumbai, India",2018-02-22,Full-Time,30,Hybrid,8047
NX05031,Laura Klein,laura.klein5031@nexacore.com,Customer Success,Support Engineering,Customer Success Manager,C2,NX03612,Ayesha Davis,"Singapore, Singapore",2024-03-30,Part-Time,10,Remote,5682
NX05032,Paola Kapoor,paola.kapoor5032@nexacore.com,Sales,Enterprise Sales,Sales Manager,S4,NX02046,Clara Davies,"Pune, India",2017-05-04,Full-Time,34,Remote,5166
NX05033,Tom Petrov,tom.petrov5033@nexacore.com,Engineering,DevOps & SRE,Software Engineer,E2,NX02263,Sophie Yamada,"Chennai, India",2023-12-04,Full-Time,19,Office,8278
NX05034,Kevin Santos,kevin.santos5034@nexacore.com,Engineering,DevOps & SRE,Senior Software Engineer,E3,NX02678,Zara Price,"London, UK",2022-12-20,Part-Time,11,Hybrid,7830
NX05035,Aarav Weber,aarav.weber5035@nexacore.com,Operations,Procurement,Operations Analyst,O1,NX05641,Alejandro Kumar,"Boston, US",2024-06-15,Part-Time,10,Remote,5427
NX05036,Aarav Green,aarav.green5036@nexacore.com,Operations,Procurement,Operations Specialist,O2,NX03210,Daniel Evans,"Pune, India",2023-12-13,Full-Time,15,Hybrid,6787
NX05037,Nisha Miller,nisha.miller5037@nexacore.com,HR,Talent Acquisition,Senior HR Specialist,H3,NX02437,Grace Bennet,"San Francisco, US",2018-09-29,Full-Time,33,Office,4404
NX05038,William Kapoor,william.kapoor5038@nexacore.com,Finance,FP&A,Finance Manager,F3,NX01050,Karen Meyer,"Manchester, UK",2016-11-30,Full-Time,24,Hybrid,5475
NX05039,Devika Sharma,devika.sharma5039@nexacore.com,Engineering,Mobile & Web,Associate Engineer,E1,NX03169,Ashley Kapoor,"Chennai, India",2025-11-16,Full-Time,13,Hybrid,9246
NX05040,Anna Price,anna.price5040@nexacore.com,Operations,Facilities,Operations Analyst,O1,NX05092,Ashley Wood,"Singapore, Singapore",2025-09-18,Full-Time,14,Remote,2176
NX05041,Eva Mitchell,eva.mitchell5041@nexacore.com,IT Support,End-User Computing,Senior IT Engineer,T3,NX04286,Jonas Lewis,"San Francisco, US",2019-02-24,Full-Time,29,Hybrid,9007
NX05042,Wei Davis,wei.davis5042@nexacore.com,Product,Growth,Product Manager,P2,NX01591,Shirin Ross,"Chennai, India",2024-03-11,Full-Time,18,Office,3533
NX05043,Rebecca Evans,rebecca.evans5043@nexacore.com,Marketing,Content & SEO,Marketing Specialist,M2,NX02536,Markus Meyer,"Munich, Germany",2021-10-29,Part-Time,11,Office,6500
NX05044,Tom Price,tom.price5044@nexacore.com,Finance,FP&A,Senior Finance Manager,F4,NX01868,Zara Scott,"Boston, US",2013-10-27,Full-Time,21,Office,5820
NX05045,Eva Roth,eva.roth5045@nexacore.com,IT Support,IT Operations,IT Support Engineer,T2,NX02494,Blake Patel,"Seattle, US",2023-12-08,Contract,19,Office,7833
NX05046,Tanvi Martin,tanvi.martin5046@nexacore.com,Operations,Procurement,Operations Specialist,O2,NX05559,Arjun Varma,"New York, US",2022-02-13,Part-Time,9,Office,1074
NX05047,Neha Jensen,neha.jensen5047@nexacore.com,Customer Success,Renewals,Senior CSM,C3,NX04750,Tina Klein,"Berlin, Germany",2021-03-16,Full-Time,26,Remote,1520
NX05048,Ishan Clark,ishan.clark5048@nexacore.com,Marketing,Content & SEO,Senior Marketing Manager,M3,NX01487,Jaya Jain,"Pune, India",2017-12-10,Part-Time,25,Remote,8924
NX05049,Sebastian Santos,sebastian.santos5049@nexacore.com,Customer Success,Onboarding,CS Associate,C1,NX03937,Yuki Muller,"London, UK",2025-03-30,Full-Time,15,Hybrid,9749
NX05050,Jonathan Hansen,jonathan.hansen5050@nexacore.com,Sales,SMB Sales,Sales Manager,S4,NX04019,Amelia Roberts,"Pune, India",2017-09-04,Part-Time,25,Hybrid,9390
NX05051,Alec Davis,alec.davis5051@nexacore.com,Finance,Treasury,Finance Manager,F3,NX03245,Lucas Turner,"Edinburgh, UK",2017-05-16,Full-Time,28,Office,7936
NX05052,Diego Reed,diego.reed5052@nexacore.com,Sales,Enterprise Sales,Senior Account Executive,S3,NX02018,Amara Perez,"Pune, India",2021-03-14,Contract,20,Hybrid,4177
NX05053,Aryan Desai,aryan.desai5053@nexacore.com,IT Support,IT Operations,Senior IT Engineer,T3,NX04123,Manish Shah,"Seattle, US",2020-08-05,Part-Time,21,Hybrid,6889
NX05054,Sven Jones,sven.jones5054@nexacore.com,HR,L&D,Senior HR Specialist,H3,NX02206,Amara Cruz,"Hyderabad, India",2017-08-13,Full-Time,23,Office,7984
NX05055,Akira Pillai,akira.pillai5055@nexacore.com,Finance,Treasury,Senior Finance Analyst,F2,NX02525,Paul Schmidt,"New York, US",2022-05-26,Full-Time,20,Remote,7507
NX05056,Amrita Foster,amrita.foster5056@nexacore.com,Operations,Procurement,Senior Operations Mgr,O3,NX02125,Olivia Price,"New York, US",2016-07-21,Full-Time,18,Hybrid,3159
NX05057,Ethan Lopez,ethan.lopez5057@nexacore.com,Legal,Corporate Legal,Legal Analyst,L1,NX04160,Ananya Nelson,"Chennai, India",2024-08-04,Full-Time,11,Remote,5009
NX05058,Nikita Brown,nikita.brown5058@nexacore.com,Product,Analytics,Senior Product Manager,P3,NX04023,Maria Fischer,"Chennai, India",2020-12-27,Full-Time,29,Hybrid,6293
NX05059,Sophie Scott,sophie.scott5059@nexacore.com,Operations,Procurement,Senior Operations Mgr,O3,NX04217,Lars Rao,"Bangalore, India",2018-11-17,Full-Time,19,Hybrid,2053
NX05060,Amrita Ross,amrita.ross5060@nexacore.com,Legal,Employment Law,Legal Analyst,L1,NX02266,Aryan Wood,"Frankfurt, Germany",2023-12-06,Part-Time,10,Hybrid,9699
NX05061,Raj Murphy,raj.murphy5061@nexacore.com,Marketing,Product Marketing,Marketing Specialist,M2,NX02085,Freya Green,"Mumbai, India",2022-01-17,Contract,17,Hybrid,3686
NX05062,Clara Koch,clara.koch5062@nexacore.com,Operations,Supply Chain,Operations Director,O4,NX01055,Alex Shah,"Munich, Germany",2013-02-11,Full-Time,19,Office,8428
NX05063,Ayesha Kim,ayesha.kim5063@nexacore.com,Engineering,Cloud Infrastructure,Associate Engineer,E1,NX02140,Zoe Murphy,"Bangalore, India",2025-09-25,Full-Time,19,Office,1428
NX05064,Anita Lopez,anita.lopez5064@nexacore.com,Engineering,DevOps & SRE,Senior Software Engineer,E3,NX03018,Nikita Das,"New York, US",2021-05-25,Full-Time,26,Hybrid,5661
NX05065,Thomas Klein,thomas.klein5065@nexacore.com,Marketing,Product Marketing,Senior Marketing Manager,M3,NX02340,Elena Sanchez,"Munich, Germany",2018-10-13,Contract,19,Office,3814
NX05066,Antoine Jensen,antoine.jensen5066@nexacore.com,HR,People Operations,HR Coordinator,H1,NX02277,Linda Klein,"Munich, Germany",2024-06-29,Full-Time,21,Office,3501
NX05067,Jaya Gupta,jaya.gupta5067@nexacore.com,Sales,SMB Sales,Account Executive,S2,NX02628,Diego Liu,"Munich, Germany",2024-01-06,Part-Time,11,Remote,5193
NX05068,Amrita Desai,amrita.desai5068@nexacore.com,Operations,Facilities,Operations Director,O4,NX01551,Patrick Sharma,"Austin, US",2014-06-17,Contract,26,Remote,9016
NX05069,Paola Koch,paola.koch5069@nexacore.com,Operations,Business Operations,Operations Specialist,O2,NX01619,Mohamed Young,"Hyderabad, India",2022-03-06,Contract,18,Office,5395
NX05070,Shirin Roberts,shirin.roberts5070@nexacore.com,Engineering,Platform Engineering,Staff Engineer,E4,NX05103,Blake Sharma,"Mumbai, India",2017-02-11,Full-Time,30,Remote,5417
NX05071,Ryan Hughes,ryan.hughes5071@nexacore.com,Data & Analytics,Data Governance,Senior Data Analyst,D2,NX01486,Nora Meier,"Berlin, Germany",2023-06-28,Contract,14,Office,6889
NX05072,Pankaj Smith,pankaj.smith5072@nexacore.com,Engineering,Platform Engineering,Software Engineer,E2,NX02171,Paola Lim,"Seattle, US",2023-07-02,Full-Time,14,Office,1633
NX05073,Akira Wood,akira.wood5073@nexacore.com,Engineering,DevOps & SRE,Senior Software Engineer,E3,NX04271,Jason Price,"Munich, Germany",2020-05-22,Full-Time,27,Office,2893
NX05074,Sara Foster,sara.foster5074@nexacore.com,Engineering,Platform Engineering,Principal Engineer,E5,NX02062,Valentina Scott,"Hyderabad, India",2012-09-04,Full-Time,19,Hybrid,1038
NX05075,Lucas Hansen,lucas.hansen5075@nexacore.com,Product,Growth,Senior Product Manager,P3,NX01300,Zara Zhou,"Austin, US",2019-05-06,Full-Time,22,Hybrid,5335
NX05076,Alec Desai,alec.desai5076@nexacore.com,Marketing,Brand & Communications,Marketing Coordinator,M1,NX02333,Amara Lim,"Hyderabad, India",2025-04-28,Full-Time,14,Office,4275
NX05077,Jaya Lim,jaya.lim5077@nexacore.com,Engineering,Cloud Infrastructure,Principal Engineer,E5,NX01132,Clara Murphy,"Bangalore, India",2013-01-03,Full-Time,23,Hybrid,1893
NX05078,Jaya Clark,jaya.clark5078@nexacore.com,IT Support,IT Operations,IT Support Engineer,T2,NX02082,Linda Jones,"Seattle, US",2022-02-25,Full-Time,22,Office,4786
NX05079,Clara Meyer,clara.meyer5079@nexacore.com,Engineering,Platform Engineering,Principal Engineer,E5,NX02583,Maya Zhang,"Boston, US",2014-06-06,Full-Time,32,Office,1127
NX05080,Antoine Perez,antoine.perez5080@nexacore.com,Engineering,Platform Engineering,Staff Engineer,E4,NX01776,Jonathan Jain,"Munich, Germany",2017-09-27,Full-Time,25,Office,8620
NX05081,Kiara Brown,kiara.brown5081@nexacore.com,Finance,Tax & Compliance,Finance Manager,F3,NX01050,Karen Meyer,"Pune, India",2019-10-21,Contract,33,Remote,2205
NX05082,Aisha Anderson,aisha.anderson5082@nexacore.com,Data & Analytics,ML & AI,Data Scientist,D3,NX01558,Lucas Becker,"Berlin, Germany",2019-10-23,Full-Time,20,Hybrid,4700
NX05083,Pankaj Santos,pankaj.santos5083@nexacore.com,Operations,Facilities,Operations Specialist,O2,NX02235,Aarav Shah,"Hyderabad, India",2023-07-27,Full-Time,17,Office,2792
NX05084,Karan Taylor,karan.taylor5084@nexacore.com,Sales,Enterprise Sales,Sales Manager,S4,NX03877,Riya Bhatt,"Chennai, India",2017-07-13,Part-Time,16,Hybrid,8846
NX05085,Blake Carter,blake.carter5085@nexacore.com,Legal,IP & Compliance,Associate Counsel,L2,NX03520,Mira Reed,"Berlin, Germany",2021-12-31,Full-Time,20,Remote,3746
NX05086,Isabel Meier,isabel.meier5086@nexacore.com,Sales,Presales,Account Executive,S2,NX02231,Ananya Muller,"Munich, Germany",2024-10-17,Full-Time,14,Hybrid,1718
NX05087,Paola Perez,paola.perez5087@nexacore.com,Data & Analytics,Data Engineering,Senior Data Analyst,D2,NX01442,Diego Mitchell,"Frankfurt, Germany",2024-03-14,Full-Time,10,Hybrid,9080
NX05088,Nora Gonzalez,nora.gonzalez5088@nexacore.com,Customer Success,Renewals,Customer Success Manager,C2,NX03267,Sophie Sharma,"Pune, India",2021-07-17,Full-Time,13,Office,9586
NX05089,Clara Moore,clara.moore5089@nexacore.com,Operations,Business Operations,Operations Specialist,O2,NX01535,Ravi Lewis,"Pune, India",2022-11-10,Full-Time,24,Hybrid,2533
NX05090,Arjun Kaur,arjun.kaur5090@nexacore.com,Marketing,Demand Generation,Marketing Specialist,M2,NX02157,Mona Hall,"Seattle, US",2023-01-27,Full-Time,11,Hybrid,6107
NX05091,Pankaj Lee,pankaj.lee5091@nexacore.com,Engineering,DevOps & SRE,Principal Engineer,E5,NX02281,Samuel Jensen,"Munich, Germany",2015-06-02,Full-Time,29,Hybrid,8269
NX05092,Ashley Wood,ashley.wood5092@nexacore.com,Operations,Procurement,Operations Director,O4,NX01675,Ryan Klein,"Seattle, US",2016-01-14,Full-Time,22,Office,7591
NX05093,Mohamed Lee,mohamed.lee5093@nexacore.com,Customer Success,Support Engineering,Customer Success Manager,C2,NX04620,Diego Lim,"Mumbai, India",2021-06-14,Contract,29,Hybrid,4146
NX05094,Lars Anderson,lars.anderson5094@nexacore.com,IT Support,End-User Computing,IT Manager,T4,NX02016,Anita Mendes,"Hyderabad, India",2016-03-14,Full-Time,21,Office,1473
NX05095,Rafael Davis,rafael.davis5095@nexacore.com,Engineering,Cloud Infrastructure,Staff Engineer,E4,NX01002,Manish Hansen,"Mumbai, India",2019-05-18,Full-Time,29,Hybrid,9720
NX05096,Jonathan Das,jonathan.das5096@nexacore.com,Sales,Enterprise Sales,Sales Manager,S4,NX04616,Rajesh Patel,"Munich, Germany",2014-11-05,Full-Time,25,Hybrid,8702
NX05097,Pedro Martinez,pedro.martinez5097@nexacore.com,Sales,Presales,Sales Development Rep,S1,NX03504,Akira Bhatt,"Seattle, US",2024-12-29,Full-Time,13,Hybrid,6196
NX05098,Manish Evans,manish.evans5098@nexacore.com,IT Support,IT Operations,Senior IT Engineer,T3,NX02158,Bernd Kaur,"Mumbai, India",2020-09-02,Part-Time,20,Office,5766
NX05099,Ashley Dubois,ashley.dubois5099@nexacore.com,Engineering,DevOps & SRE,Staff Engineer,E4,NX01776,Jonathan Jain,"Seattle, US",2018-03-22,Full-Time,26,Hybrid,2142
NX05100,David Kapoor,david.kapoor5100@nexacore.com,Engineering,DevOps & SRE,Senior Software Engineer,E3,NX03069,Uma Thomas,"London, UK",2022-03-24,Full-Time,25,Remote,5501
NX05101,Wei Foster,wei.foster5101@nexacore.com,IT Support,End-User Computing,IT Support Engineer,T2,NX04500,Tobias Wang,"Austin, US",2021-11-30,Full-Time,20,Remote,3069
NX05102,Aryan Cruz,aryan.cruz5102@nexacore.com,Engineering,DevOps & SRE,Associate Engineer,E1,NX02739,Siddhant Wright,"Singapore, Singapore",2025-01-17,Full-Time,11,Office,6696
NX05103,Blake Sharma,blake.sharma5103@nexacore.com,Engineering,Mobile & Web,Principal Engineer,E5,NX01014,Shreya Miller,"Chennai, India",2015-05-12,Full-Time,23,Hybrid,6219
NX05104,Ethan Chen,ethan.chen5104@nexacore.com,Data & Analytics,Data Governance,Senior Data Analyst,D2,NX01054,Riya Davies,"Boston, US",2022-10-25,Full-Time,20,Hybrid,2614
NX05105,Saanvi Yamada,saanvi.yamada5105@nexacore.com,Customer Success,Support Engineering,CS Associate,C1,NX01796,Ethan Kaur,"London, UK",2025-05-01,Full-Time,13,Office,5718
NX05106,Carlos Davies,carlos.davies5106@nexacore.com,Finance,Accounting,Senior Finance Manager,F4,NX01790,Paola Williams,"Frankfurt, Germany",2015-01-16,Part-Time,25,Hybrid,7967
NX05107,Karan Sharma,karan.sharma5107@nexacore.com,Finance,FP&A,Finance Manager,F3,NX02373,Oliver Nguyen,"Bangalore, India",2020-03-16,Full-Time,32,Office,8922
NX05108,Yuki Naidu,yuki.naidu5108@nexacore.com,Sales,Sales Operations,Sales Development Rep,S1,NX01563,Grace Das,"Munich, Germany",2025-01-23,Part-Time,6,Office,4726
NX05109,Akira Kim,akira.kim5109@nexacore.com,Sales,Enterprise Sales,Senior Account Executive,S3,NX04456,Emma Nelson,"London, UK",2019-10-10,Part-Time,20,Hybrid,9164
NX05110,Karan Johnson,karan.johnson5110@nexacore.com,Legal,IP & Compliance,Senior Counsel,L3,NX05399,Thomas Rodriguez,"Austin, US",2017-02-10,Full-Time,20,Remote,5073
NX05111,Saanvi Young,saanvi.young5111@nexacore.com,Engineering,QA & Testing,Staff Engineer,E4,NX01125,Sabrina Kaur,"Frankfurt, Germany",2019-06-17,Full-Time,22,Hybrid,3559
NX05112,Omar Johnson,omar.johnson5112@nexacore.com,Engineering,Platform Engineering,Software Engineer,E2,NX01887,Kabir Lewis,"Frankfurt, Germany",2023-06-18,Full-Time,19,Hybrid,8762
NX05113,Alec Cruz,alec.cruz5113@nexacore.com,IT Support,Security Operations,Senior IT Engineer,T3,NX01882,Ananya Martin,"Pune, India",2019-12-16,Contract,15,Hybrid,8334
NX05114,Leo Smith,leo.smith5114@nexacore.com,Customer Success,Onboarding,CS Associate,C1,NX04073,Karen Reddy,"Manchester, UK",2025-06-30,Full-Time,9,Office,6804
NX05115,Amelia Santos,amelia.santos5115@nexacore.com,Product,Platform,Senior Product Manager,P3,NX04162,Shreya Becker,"Frankfurt, Germany",2021-03-21,Contract,23,Hybrid,8322
NX05116,Fiona Miller,fiona.miller5116@nexacore.com,Finance,Treasury,Senior Finance Manager,F4,NX02515,Diego Scott,"Singapore, Singapore",2014-08-09,Full-Time,30,Office,5718
NX05117,Ashley Naidu,ashley.naidu5117@nexacore.com,Data & Analytics,Data Engineering,Lead Data Scientist,D4,NX02768,Simon Bennet,"Hyderabad, India",2016-08-12,Contract,23,Hybrid,3908
NX05118,Sven Price,sven.price5118@nexacore.com,IT Support,Security Operations,IT Manager,T4,NX01581,Milan Varma,"Bangalore, India",2012-03-01,Contract,34,Office,7451
NX05119,Tobias Harris,tobias.harris5119@nexacore.com,Sales,Enterprise Sales,Sales Manager,S4,NX01172,Alejandro Chakraborty,"Pune, India",2017-04-15,Full-Time,17,Remote,6443
NX05120,Elena Robinson,elena.robinson5120@nexacore.com,Engineering,Cloud Infrastructure,Principal Engineer,E5,NX01406,Karan Mitchell,"New York, US",2014-05-13,Full-Time,25,Hybrid,7392
NX05121,Sven Philips,sven.philips5121@nexacore.com,Product,Growth,Senior Product Manager,P3,NX03917,Benjamin Walker,"Manchester, UK",2018-12-09,Full-Time,19,Remote,6636
NX05122,Ryan Dubois,ryan.dubois5122@nexacore.com,Sales,Presales,Sales Manager,S4,NX03888,Gaurav Murphy,"New York, US",2018-12-28,Part-Time,18,Office,2506
NX05123,Ishan Kim,ishan.kim5123@nexacore.com,IT Support,End-User Computing,Senior IT Engineer,T3,NX01284,James Singh,"Frankfurt, Germany",2021-04-27,Part-Time,19,Remote,6169
NX05124,Tanvi Jensen,tanvi.jensen5124@nexacore.com,Marketing,Content & SEO,Senior Marketing Manager,M3,NX05566,Alex Gonzalez,"Seattle, US",2019-05-04,Full-Time,31,Hybrid,1194
NX05125,Kiara Hall,kiara.hall5125@nexacore.com,Engineering,Platform Engineering,Principal Engineer,E5,NX01482,Oliver Lewis,"Munich, Germany",2015-11-27,Contract,32,Hybrid,7055
NX05126,Uma Nielsen,uma.nielsen5126@nexacore.com,Engineering,Platform Engineering,Associate Engineer,E1,NX02065,Maria Hansen,"Boston, US",2025-01-28,Full-Time,13,Hybrid,6395
NX05127,Diego Thomas,diego.thomas5127@nexacore.com,HR,L&D,Senior HR Specialist,H3,NX01345,Amelia Turner,"Austin, US",2016-07-15,Part-Time,19,Hybrid,6880
NX05128,Tanvi Philips,tanvi.philips5128@nexacore.com,Data & Analytics,Business Intelligence,Data Scientist,D3,NX01255,Daniel Walker,"Edinburgh, UK",2017-11-15,Full-Time,29,Remote,8542
NX05129,Nora Nielsen,nora.nielsen5129@nexacore.com,Customer Success,Account Management,Senior CSM,C3,NX01333,Sofia Gonzalez,"Austin, US",2019-11-28,Contract,31,Remote,3091
NX05130,Eva Cruz,eva.cruz5130@nexacore.com,Data & Analytics,Business Intelligence,Data Scientist,D3,NX03799,Riya Hughes,"London, UK",2019-07-05,Full-Time,31,Hybrid,4921
NX05131,Jaya Carter,jaya.carter5131@nexacore.com,Product,Core Product,Product Manager,P2,NX01321,Jana Liu,"Bangalore, India",2023-11-25,Full-Time,24,Hybrid,3918
NX05132,Laura Moore,laura.moore5132@nexacore.com,Customer Success,Support Engineering,Senior CSM,C3,NX05863,Vikram Fischer,"Singapore, Singapore",2018-08-24,Full-Time,30,Remote,4459
NX05133,Elena Wilson,elena.wilson5133@nexacore.com,Sales,SMB Sales,Sales Manager,S4,NX02341,Pankaj Mitchell,"New York, US",2015-08-29,Full-Time,20,Hybrid,5084
NX05134,Vikram Yamada,vikram.yamada5134@nexacore.com,Operations,Facilities,Senior Operations Mgr,O3,NX01162,Nikita Green,"Frankfurt, Germany",2020-06-30,Full-Time,13,Remote,2717
NX05135,Kevin Peters,kevin.peters5135@nexacore.com,Data & Analytics,Data Engineering,Lead Data Scientist,D4,NX02347,Anjali Scott,"Singapore, Singapore",2016-03-22,Full-Time,19,Office,4360
NX05136,Sophie Shah,sophie.shah5136@nexacore.com,Sales,SMB Sales,Senior Account Executive,S3,NX02918,Isabel Wood,"Pune, India",2021-12-02,Full-Time,12,Hybrid,4044
NX05137,Elena Meyer,elena.meyer5137@nexacore.com,Customer Success,Onboarding,CS Director,C4,NX01029,Pedro Lim,"Singapore, Singapore",2012-04-29,Full-Time,29,Office,8313
NX05138,Arjun Mendes,arjun.mendes5138@nexacore.com,Customer Success,Onboarding,CS Director,C4,NX01123,Lena Kumar,"Austin, US",2016-12-09,Full-Time,27,Office,9920
NX05139,Kevin Roberts,kevin.roberts5139@nexacore.com,Data & Analytics,Data Engineering,Senior Data Analyst,D2,NX01072,Hannah Sharma,"San Francisco, US",2023-03-17,Full-Time,13,Remote,4789
NX05140,Zoe Dubois,zoe.dubois5140@nexacore.com,Marketing,Brand & Communications,Marketing Coordinator,M1,NX01190,Leo Klein,"Austin, US",2024-12-30,Full-Time,14,Office,5367
NX05141,Raj Green,raj.green5141@nexacore.com,Marketing,Product Marketing,Marketing Coordinator,M1,NX03071,Zara Weber,"Manchester, UK",2025-04-29,Full-Time,16,Hybrid,1249
NX05142,Akira Lim,akira.lim5142@nexacore.com,Sales,SMB Sales,Sales Manager,S4,NX01398,Manish Weber,"Manchester, UK",2014-09-18,Full-Time,31,Remote,4349
NX05143,Lena Robinson,lena.robinson5143@nexacore.com,Engineering,Platform Engineering,Staff Engineer,E4,NX02629,James Kapoor,"Pune, India",2019-05-25,Contract,30,Hybrid,4806
NX05144,Valentina Lim,valentina.lim5144@nexacore.com,Engineering,Platform Engineering,Senior Software Engineer,E3,NX03892,Robert Lewis,"Chennai, India",2023-03-18,Part-Time,9,Office,3719
NX05145,Nisha Price,nisha.price5145@nexacore.com,Engineering,DevOps & SRE,Software Engineer,E2,NX05079,Clara Meyer,"Manchester, UK",2024-11-24,Full-Time,17,Office,5829
NX05146,Blake Lim,blake.lim5146@nexacore.com,Operations,Business Operations,Operations Specialist,O2,NX04217,Lars Rao,"San Francisco, US",2021-10-20,Part-Time,14,Hybrid,7733
NX05147,Robert Varma,robert.varma5147@nexacore.com,Data & Analytics,Data Governance,Data Scientist,D3,NX01244,Noah Bauer,"Mumbai, India",2019-01-29,Part-Time,19,Remote,2484
NX05148,Blake Roth,blake.roth5148@nexacore.com,Operations,Supply Chain,Operations Director,O4,NX02139,Sebastian Johnson,"Berlin, Germany",2011-10-29,Part-Time,17,Hybrid,6445
NX05149,Nikita Wright,nikita.wright5149@nexacore.com,IT Support,End-User Computing,Senior IT Engineer,T3,NX03302,Carlos Nair,"Bangalore, India",2021-04-27,Contract,28,Hybrid,4118
NX05150,Lars Varma,lars.varma5150@nexacore.com,HR,Talent Acquisition,Senior HR Specialist,H3,NX01495,Sophie Lewis,"Austin, US",2019-12-15,Full-Time,33,Office,4521
NX05151,Sven Roth,sven.roth5151@nexacore.com,Data & Analytics,Business Intelligence,Data Scientist,D3,NX01574,Saanvi Hughes,"Bangalore, India",2017-06-12,Full-Time,31,Hybrid,1833
NX05152,Akira Klein,akira.klein5152@nexacore.com,Sales,Sales Operations,Senior Account Executive,S3,NX02862,Gabriel Jensen,"Singapore, Singapore",2021-06-11,Full-Time,26,Hybrid,7408
NX05153,Haruto Khan,haruto.khan5153@nexacore.com,Engineering,DevOps & SRE,Senior Software Engineer,E3,NX02263,Sophie Yamada,"Boston, US",2021-11-28,Full-Time,14,Hybrid,4994
NX05154,Ethan Meier,ethan.meier5154@nexacore.com,Customer Success,Support Engineering,CS Director,C4,NX02120,Aarav Perez,"Mumbai, India",2017-01-20,Full-Time,35,Hybrid,6493
NX05155,Jonathan Miller,jonathan.miller5155@nexacore.com,IT Support,IT Operations,Senior IT Engineer,T3,NX04061,Sarah Bauer,"Pune, India",2017-06-06,Full-Time,34,Hybrid,6662
NX05156,Sophie Robinson,sophie.robinson5156@nexacore.com,Engineering,QA & Testing,Staff Engineer,E4,NX02917,Linda Chakraborty,"Bangalore, India",2019-01-24,Full-Time,25,Hybrid,1183
NX05157,Yuki Davies,yuki.davies5157@nexacore.com,Operations,Procurement,Operations Specialist,O2,NX02075,Zara Scott,"Seattle, US",2021-10-26,Full-Time,15,Hybrid,9824
NX05158,Axel Wilson,axel.wilson5158@nexacore.com,Customer Success,Renewals,CS Associate,C1,NX03339,Rahul Green,"Seattle, US",2025-05-01,Full-Time,19,Hybrid,1909
NX05159,Omar Cruz,omar.cruz5159@nexacore.com,Engineering,Mobile & Web,Staff Engineer,E4,NX02393,Uma Philips,"London, UK",2017-09-06,Full-Time,35,Office,3855
NX05160,Andrei Desai,andrei.desai5160@nexacore.com,Data & Analytics,Data Governance,Data Scientist,D3,NX01255,Daniel Walker,"Frankfurt, Germany",2018-07-15,Full-Time,28,Office,1580
NX05161,Alex Clark,alex.clark5161@nexacore.com,Sales,SMB Sales,Account Executive,S2,NX02552,Priya Wilson,"Seattle, US",2023-01-22,Part-Time,13,Hybrid,9828
NX05162,Anita Miller,anita.miller5162@nexacore.com,Finance,Treasury,Finance Manager,F3,NX04190,Jessica Wang,"Bangalore, India",2016-11-23,Contract,27,Hybrid,8100
NX05163,Olivia Lee,olivia.lee5163@nexacore.com,Product,Platform,Associate PM,P1,NX01451,Pankaj Kim,"Bangalore, India",2025-03-30,Full-Time,23,Hybrid,1368
NX05164,Manish White,manish.white5164@nexacore.com,IT Support,IT Operations,Senior IT Engineer,T3,NX02315,Gabriel Fischer,"Seattle, US",2019-12-14,Full-Time,17,Hybrid,4457
NX05165,Maria Wilson,maria.wilson5165@nexacore.com,Data & Analytics,Data Governance,Senior Data Analyst,D2,NX01770,Ananya Clark,"Manchester, UK",2022-02-19,Full-Time,12,Hybrid,3326
NX05166,Lucas Mitchell,lucas.mitchell5166@nexacore.com,Operations,Procurement,Operations Specialist,O2,NX02258,Aarav Martin,"Chennai, India",2022-01-06,Full-Time,23,Office,9689
NX05167,Ananya Wang,ananya.wang5167@nexacore.com,Product,Analytics,Associate PM,P1,NX01077,Lucas Murphy,"London, UK",2024-09-15,Part-Time,13,Hybrid,3795
NX05168,Chen Miller,chen.miller5168@nexacore.com,Sales,Sales Operations,Account Executive,S2,NX03234,Sneha Rodriguez,"New York, US",2022-06-01,Part-Time,10,Remote,2925
NX05169,Paola Ross,paola.ross5169@nexacore.com,Engineering,Mobile & Web,Software Engineer,E2,NX02074,Karl Garcia,"Bangalore, India",2024-07-01,Full-Time,23,Hybrid,8195
NX05170,Aryan Zhou,aryan.zhou5170@nexacore.com,Legal,IP & Compliance,Associate Counsel,L2,NX04030,Lucas Das,"Seattle, US",2021-11-25,Full-Time,14,Remote,8933
NX05171,Rafael Hansen,rafael.hansen5171@nexacore.com,Product,Core Product,Senior Product Manager,P3,NX02547,Jana Rodriguez,"Mumbai, India",2018-01-01,Part-Time,21,Hybrid,2992
NX05172,Shreya Moore,shreya.moore5172@nexacore.com,Engineering,DevOps & SRE,Senior Software Engineer,E3,NX03163,Ashley Robinson,"Mumbai, India",2022-12-27,Full-Time,24,Hybrid,7771
NX05173,Uma Kapoor,uma.kapoor5173@nexacore.com,Engineering,Mobile & Web,Senior Software Engineer,E3,NX01972,Mohamed Yamada,"Seattle, US",2022-01-04,Full-Time,13,Office,3949
NX05174,Kiara Varma,kiara.varma5174@nexacore.com,IT Support,IT Operations,IT Support Engineer,T2,NX01913,Nora Varma,"Hyderabad, India",2023-08-17,Part-Time,15,Office,2442
NX05175,Karan Nelson,karan.nelson5175@nexacore.com,Operations,Business Operations,Senior Operations Mgr,O3,NX01377,James Petrov,"Seattle, US",2019-03-28,Part-Time,11,Remote,3574
NX05176,Shreya Wright,shreya.wright5176@nexacore.com,Engineering,Mobile & Web,Principal Engineer,E5,NX01957,Arjun Gupta,"Hyderabad, India",2015-06-22,Part-Time,16,Hybrid,6009
NX05177,Alejandro Anderson,alejandro.anderson5177@nexacore.com,Engineering,QA & Testing,Staff Engineer,E4,NX02080,Mohamed Becker,"Boston, US",2016-10-01,Full-Time,18,Hybrid,5179
NX05178,Ravi Johnson,ravi.johnson5178@nexacore.com,Product,Growth,Principal PM,P4,NX01196,Harry Kaur,"Boston, US",2016-11-29,Contract,20,Remote,1299
NX05179,Sophie Yamada,sophie.yamada5179@nexacore.com,Operations,Business Operations,Senior Operations Mgr,O3,NX04311,Andrea Miller,"Frankfurt, Germany",2019-09-30,Full-Time,18,Remote,7849
NX05180,Lars Roth,lars.roth5180@nexacore.com,Operations,Procurement,Operations Analyst,O1,NX05250,Karen Kumar,"San Francisco, US",2025-03-11,Full-Time,19,Office,3425
NX05181,Nora Desai,nora.desai5181@nexacore.com,Operations,Supply Chain,Operations Analyst,O1,NX02235,Aarav Shah,"Munich, Germany",2024-05-27,Full-Time,11,Office,6023
NX05182,Sara Nair,sara.nair5182@nexacore.com,Customer Success,Renewals,CS Director,C4,NX01121,Robert Gupta,"Berlin, Germany",2014-06-25,Full-Time,34,Remote,2337
NX05183,Daniel Santos,daniel.santos5183@nexacore.com,Sales,SMB Sales,Sales Manager,S4,NX01352,Martin Zhang,"Manchester, UK",2017-01-09,Full-Time,25,Office,4450
NX05184,Chris Nguyen,chris.nguyen5184@nexacore.com,Engineering,DevOps & SRE,Staff Engineer,E4,NX04257,Amelia Scott,"Frankfurt, Germany",2017-09-23,Full-Time,21,Office,6219
NX05185,Clara Bennet,clara.bennet5185@nexacore.com,Sales,Sales Operations,Sales Manager,S4,NX02832,Ravi Moore,"Berlin, Germany",2017-08-30,Part-Time,15,Hybrid,8945
NX05186,Andrea Thomas,andrea.thomas5186@nexacore.com,Operations,Facilities,Operations Director,O4,NX01041,Sneha Sharma,"Seattle, US",2013-12-09,Full-Time,32,Office,5451
NX05187,Amelia Martinez,amelia.martinez5187@nexacore.com,Sales,Presales,Sales Director,S5,,,"Munich, Germany",2013-10-21,Full-Time,35,Hybrid,2401
NX05188,Omar Mendes,omar.mendes5188@nexacore.com,Data & Analytics,ML & AI,Data Analyst,D1,NX01558,Lucas Becker,"Seattle, US",2025-04-04,Contract,11,Hybrid,9818
NX05189,Mohamed Nielsen,mohamed.nielsen5189@nexacore.com,Product,Platform,VP of Product,P5,,,"Chennai, India",2012-07-24,Full-Time,20,Office,5232
NX05190,Leo Wright,leo.wright5190@nexacore.com,Product,Platform,Product Manager,P2,NX01128,Isabel Zhang,"Manchester, UK",2022-09-18,Full-Time,12,Remote,7395
NX05191,Rebecca Hoffmann,rebecca.hoffmann5191@nexacore.com,Sales,SMB Sales,Sales Director,S5,,,"London, UK",2013-10-18,Part-Time,25,Hybrid,1432
NX05192,Nisha Hughes,nisha.hughes5192@nexacore.com,Data & Analytics,Data Engineering,Lead Data Scientist,D4,NX01389,Kate Hughes,"Munich, Germany",2015-02-15,Full-Time,31,Office,9650
NX05193,Emma Perez,emma.perez5193@nexacore.com,Product,Analytics,Principal PM,P4,NX01301,Valentina Sandoval,"London, UK",2016-03-19,Part-Time,31,Office,5467
NX05194,Freya Wood,freya.wood5194@nexacore.com,IT Support,Security Operations,IT Support Engineer,T2,NX01772,Lars Williams,"Berlin, Germany",2023-07-14,Full-Time,12,Hybrid,9852
NX05195,Amara Singh,amara.singh5195@nexacore.com,IT Support,End-User Computing,IT Manager,T4,NX01581,Milan Varma,"Munich, Germany",2016-05-05,Full-Time,18,Remote,3825
NX05196,Luka Harris,luka.harris5196@nexacore.com,Sales,Sales Operations,Senior Account Executive,S3,NX01366,Aryan Liu,"Mumbai, India",2020-03-07,Full-Time,30,Office,8083
NX05197,Oliver Jain,oliver.jain5197@nexacore.com,Engineering,DevOps & SRE,Senior Software Engineer,E3,NX04380,Simon Williams,"Frankfurt, Germany",2021-01-08,Full-Time,23,Remote,9044
NX05198,Chen Murphy,chen.murphy5198@nexacore.com,Customer Success,Support Engineering,Customer Success Manager,C2,NX01914,Shirin Thomas,"Hyderabad, India",2022-03-25,Contract,16,Hybrid,6466
NX05199,Alejandro Varma,alejandro.varma5199@nexacore.com,Sales,Presales,Account Executive,S2,NX01871,Elena Foster,"New York, US",2024-01-25,Full-Time,22,Office,7360
NX05200,Aryan Martin,aryan.martin5200@nexacore.com,Sales,Presales,Senior Account Executive,S3,NX03167,Nicolas Smith,"Frankfurt, Germany",2021-06-05,Contract,27,Hybrid,4410
NX05201,Anita Peters,anita.peters5201@nexacore.com,Sales,Enterprise Sales,Account Executive,S2,NX04615,Vikas Dubois,"Bangalore, India",2023-11-05,Contract,16,Hybrid,1301
NX05202,Emma Hoffmann,emma.hoffmann5202@nexacore.com,Finance,Treasury,Finance Manager,F3,NX01350,Chen Martinez,"Boston, US",2017-02-16,Full-Time,17,Hybrid,3876
NX05203,Lisa Shah,lisa.shah5203@nexacore.com,Operations,Facilities,Operations Analyst,O1,NX02752,Jason Liu,"Pune, India",2024-09-15,Contract,13,Hybrid,6774
NX05204,Daniel Dubois,daniel.dubois5204@nexacore.com,Engineering,Cloud Infrastructure,Associate Engineer,E1,NX05524,Neha Singh,"Boston, US",2025-04-10,Full-Time,22,Hybrid,9886
NX05205,Fiona Robinson,fiona.robinson5205@nexacore.com,Data & Analytics,Data Governance,Lead Data Scientist,D4,NX04897,Ishan Evans,"Pune, India",2015-06-16,Full-Time,24,Office,2571
NX05206,Ayesha Taylor,ayesha.taylor5206@nexacore.com,Operations,Business Operations,Senior Operations Mgr,O3,NX05559,Arjun Varma,"Bangalore, India",2020-07-25,Full-Time,30,Hybrid,7020
NX05207,Priya Nair,priya.nair5207@nexacore.com,Marketing,Content & SEO,Senior Marketing Manager,M3,NX01927,Kiara Santos,"Seattle, US",2020-06-11,Full-Time,22,Hybrid,4094
NX05208,Jaya Williams,jaya.williams5208@nexacore.com,Operations,Procurement,Operations Director,O4,NX01843,Pedro Sandoval,"Manchester, UK",2016-02-21,Part-Time,27,Remote,9681
NX05209,Tobias Kumar,tobias.kumar5209@nexacore.com,Engineering,DevOps & SRE,Senior Software Engineer,E3,NX03818,Uma Wang,"Austin, US",2021-06-16,Full-Time,12,Remote,6316
NX05210,Anita Wood,anita.wood5210@nexacore.com,Engineering,Cloud Infrastructure,Principal Engineer,E5,NX01312,Eva Lim,"Bangalore, India",2016-05-06,Part-Time,28,Hybrid,2299
NX05211,Shirin Roth,shirin.roth5211@nexacore.com,Sales,SMB Sales,Account Executive,S2,NX02983,Tobias Yamada,"Hyderabad, India",2022-07-05,Full-Time,17,Hybrid,6775
NX05212,James Gonzalez,james.gonzalez5212@nexacore.com,HR,HR Business Partnering,HR Generalist,H2,NX05495,Jaya Robinson,"Munich, Germany",2024-03-23,Contract,16,Office,9372
NX05213,Kate Walker,kate.walker5213@nexacore.com,Operations,Procurement,Senior Operations Mgr,O3,NX02223,Henrik Moore,"Chennai, India",2018-10-04,Full-Time,20,Office,4941
NX05214,Uma Thompson,uma.thompson5214@nexacore.com,IT Support,Security Operations,Senior IT Engineer,T3,NX02336,Maya Khan,"Seattle, US",2017-07-27,Contract,19,Hybrid,8146
NX05215,Sara Green,sara.green5215@nexacore.com,Sales,Presales,Sales Manager,S4,NX03534,Alejandro Murphy,"Frankfurt, Germany",2017-10-23,Full-Time,33,Office,1852
NX05216,Maria Becker,maria.becker5216@nexacore.com,IT Support,IT Operations,Senior IT Engineer,T3,NX02993,Fiona Evans,"Edinburgh, UK",2020-03-17,Part-Time,15,Hybrid,7240
NX05217,Milan Hall,milan.hall5217@nexacore.com,Sales,Sales Operations,Senior Account Executive,S3,NX04263,Siddhant Smith,"Pune, India",2021-06-01,Part-Time,12,Hybrid,9417
NX05218,Andrei Foster,andrei.foster5218@nexacore.com,Operations,Supply Chain,Operations Analyst,O1,NX02075,Zara Scott,"Boston, US",2024-10-13,Full-Time,23,Hybrid,8539
NX05219,Carlos Ross,carlos.ross5219@nexacore.com,Finance,FP&A,Senior Finance Analyst,F2,NX03245,Lucas Turner,"Chennai, India",2023-06-10,Contract,18,Hybrid,8477
NX05220,Anjali Hall,anjali.hall5220@nexacore.com,Sales,Presales,Sales Manager,S4,NX02517,Gaurav Mitchell,"Manchester, UK",2015-04-13,Full-Time,23,Office,4637
NX05221,Olivia Lewis,olivia.lewis5221@nexacore.com,Engineering,Platform Engineering,Senior Software Engineer,E3,NX02917,Linda Chakraborty,"Hyderabad, India",2022-06-01,Contract,27,Hybrid,2301
NX05222,Amara Desai,amara.desai5222@nexacore.com,Operations,Facilities,Operations Specialist,O2,NX04041,Gabriel Yamada,"Singapore, Singapore",2022-03-11,Full-Time,22,Hybrid,2501
NX05223,Jonathan Peters,jonathan.peters5223@nexacore.com,Finance,FP&A,Finance Manager,F3,NX02167,Lars Smith,"Mumbai, India",2018-10-22,Part-Time,12,Remote,5509
NX05224,Ishan Das,ishan.das5224@nexacore.com,Product,Analytics,Senior Product Manager,P3,NX01912,Eva Nelson,"Manchester, UK",2017-08-13,Full-Time,35,Hybrid,4029
NX05225,Carlos Weber,carlos.weber5225@nexacore.com,IT Support,Security Operations,IT Support Engineer,T2,NX04033,Robert Lim,"Munich, Germany",2023-09-20,Full-Time,10,Office,1725
NX05226,Ayesha Anderson,ayesha.anderson5226@nexacore.com,Engineering,Platform Engineering,Senior Software Engineer,E3,NX01091,Aditi Murphy,"Boston, US",2022-02-04,Contract,12,Hybrid,3589
NX05227,Freya Williams,freya.williams5227@nexacore.com,Engineering,Mobile & Web,Software Engineer,E2,NX03641,Lisa Jain,"Bangalore, India",2024-10-25,Full-Time,17,Office,6482
NX05228,Liam Walker,liam.walker5228@nexacore.com,Sales,Presales,Sales Manager,S4,NX01280,Yuki Cruz,"Edinburgh, UK",2015-06-17,Full-Time,33,Hybrid,5437
NX05229,Kevin Lopez,kevin.lopez5229@nexacore.com,IT Support,Security Operations,IT Support Analyst,T1,NX05315,Liam Brown,"Mumbai, India",2024-09-23,Full-Time,15,Office,1506
NX05230,Amelia Kumar,amelia.kumar5230@nexacore.com,Engineering,Mobile & Web,Staff Engineer,E4,NX04183,Siddhant Thompson,"Mumbai, India",2018-05-17,Full-Time,33,Hybrid,2843
NX05231,Mona Scott,mona.scott5231@nexacore.com,IT Support,Security Operations,IT Support Engineer,T2,NX02494,Blake Patel,"Berlin, Germany",2021-05-30,Full-Time,25,Hybrid,5489
NX05232,Thomas Petrov,thomas.petrov5232@nexacore.com,IT Support,Security Operations,Senior IT Engineer,T3,NX03183,Nikita Wright,"Berlin, Germany",2016-11-11,Full-Time,19,Hybrid,6444
NX05233,Paul Garcia,paul.garcia5233@nexacore.com,Marketing,Product Marketing,Senior Marketing Manager,M3,NX05969,Ravi Wood,"Frankfurt, Germany",2017-01-15,Full-Time,30,Hybrid,6072
NX05234,Rajesh Kaur,rajesh.kaur5234@nexacore.com,Finance,FP&A,Finance Manager,F3,NX03245,Lucas Turner,"Edinburgh, UK",2019-06-19,Contract,17,Hybrid,7799
NX05235,Chris Zhou,chris.zhou5235@nexacore.com,Engineering,DevOps & SRE,Staff Engineer,E4,NX05702,Mohamed Varma,"London, UK",2018-07-17,Full-Time,20,Hybrid,9175
NX05236,Chen Desai,chen.desai5236@nexacore.com,Data & Analytics,ML & AI,Senior Data Analyst,D2,NX02840,Laura Davies,"Pune, India",2022-06-12,Full-Time,27,Hybrid,2239
NX05237,Tina Thompson,tina.thompson5237@nexacore.com,Engineering,Mobile & Web,Senior Software Engineer,E3,NX02412,Samuel Lee,"Manchester, UK",2020-09-05,Full-Time,16,Hybrid,9985
NX05238,Pedro Lim,pedro.lim5238@nexacore.com,Customer Success,Onboarding,Customer Success Manager,C2,NX04153,Arjun Santos,"Seattle, US",2023-02-04,Full-Time,18,Remote,5571
NX05239,Elena Shah,elena.shah5239@nexacore.com,Engineering,Mobile & Web,Senior Software Engineer,E3,NX02985,Paola Kim,"Chennai, India",2021-04-15,Part-Time,22,Office,9684
NX05240,Yuki Chakraborty,yuki.chakraborty5240@nexacore.com,Sales,Sales Operations,Sales Manager,S4,NX04927,Alejandro Brown,"Mumbai, India",2017-05-06,Full-Time,21,Hybrid,9385
NX05241,Robert Zhang,robert.zhang5241@nexacore.com,Data & Analytics,Business Intelligence,Lead Data Scientist,D4,NX01901,Amara White,"Berlin, Germany",2016-03-26,Contract,21,Hybrid,1704
NX05242,Maria Foster,maria.foster5242@nexacore.com,Customer Success,Support Engineering,Senior CSM,C3,NX04919,Paola Thomas,"Hyderabad, India",2020-08-06,Full-Time,28,Remote,5830
NX05243,Eva Anderson,eva.anderson5243@nexacore.com,Sales,Presales,Account Executive,S2,NX02231,Ananya Muller,"Edinburgh, UK",2024-10-17,Part-Time,14,Office,1722
NX05244,Ryan Reed,ryan.reed5244@nexacore.com,Legal,Corporate Legal,Associate Counsel,L2,NX01032,Beatrice Sanchez,"Seattle, US",2022-07-13,Full-Time,23,Office,4696
NX05245,Simon Mitchell,simon.mitchell5245@nexacore.com,Customer Success,Renewals,Customer Success Manager,C2,NX02331,Karan Wilson,"Pune, India",2022-12-22,Part-Time,11,Hybrid,2368
NX05246,Mohamed Bhatt,mohamed.bhatt5246@nexacore.com,HR,Talent Acquisition,HR Coordinator,H1,NX02243,Raj Schmidt,"Frankfurt, Germany",2024-10-04,Full-Time,10,Hybrid,8490
NX05247,Nora Yamada,nora.yamada5247@nexacore.com,Sales,Enterprise Sales,Sales Manager,S4,NX03313,Sneha Evans,"Bangalore, India",2015-07-06,Full-Time,27,Office,3933
NX05248,Tom Klein,tom.klein5248@nexacore.com,Sales,Sales Operations,Account Executive,S2,NX02053,Leo Sanchez,"Manchester, UK",2024-08-01,Full-Time,17,Office,8916
NX05249,Stefan Brown,stefan.brown5249@nexacore.com,Finance,Treasury,Finance Manager,F3,NX03063,Thomas Nguyen,"Berlin, Germany",2019-03-01,Full-Time,30,Hybrid,3897
NX05250,Karen Kumar,karen.kumar5250@nexacore.com,Operations,Supply Chain,Operations Director,O4,NX02307,Maya Sharma,"Seattle, US",2014-06-27,Full-Time,31,Hybrid,2814
NX05251,Omar Gonzalez,omar.gonzalez5251@nexacore.com,Engineering,DevOps & SRE,Staff Engineer,E4,NX02649,Paul Zhang,"New York, US",2019-12-12,Part-Time,21,Hybrid,4215
NX05252,Rosa Patel,rosa.patel5252@nexacore.com,Customer Success,Support Engineering,Senior CSM,C3,NX01554,Aisha Lewis,"Mumbai, India",2020-06-27,Contract,30,Remote,6657
NX05253,Leo Klein,leo.klein5253@nexacore.com,Sales,Presales,Sales Manager,S4,NX03431,Anita Peters,"Edinburgh, UK",2016-10-23,Contract,18,Remote,1479
NX05254,Benjamin Gupta,benjamin.gupta5254@nexacore.com,Operations,Business Operations,Operations Analyst,O1,NX05764,Anjali Evans,"London, UK",2025-01-05,Full-Time,17,Hybrid,2573
NX05255,Akira Rodriguez,akira.rodriguez5255@nexacore.com,Marketing,Brand & Communications,Senior Marketing Manager,M3,NX01241,Omar Bennet,"Chennai, India",2017-04-13,Full-Time,33,Office,7609
NX05256,Grace White,grace.white5256@nexacore.com,HR,Talent Acquisition,HR Generalist,H2,NX03483,Nisha Lee,"Edinburgh, UK",2021-09-03,Part-Time,15,Hybrid,6522
NX05257,Oliver Shah,oliver.shah5257@nexacore.com,Finance,FP&A,Senior Finance Analyst,F2,NX03576,Pankaj Wood,"London, UK",2021-11-02,Full-Time,27,Office,8136
NX05258,Riya Garcia,riya.garcia5258@nexacore.com,Sales,Presales,Sales Manager,S4,NX03333,Beatrice Sandoval,"Manchester, UK",2015-03-23,Contract,29,Office,7320
NX05259,Anita Evans,anita.evans5259@nexacore.com,Data & Analytics,ML & AI,Data Scientist,D3,NX03781,Ravi Martin,"Austin, US",2021-04-28,Full-Time,27,Office,1993
NX05260,Ethan Gupta,ethan.gupta5260@nexacore.com,IT Support,IT Operations,Senior IT Engineer,T3,NX02158,Bernd Kaur,"Seattle, US",2017-07-03,Full-Time,35,Hybrid,7344
NX05261,Leo Becker,leo.becker5261@nexacore.com,Engineering,QA & Testing,Staff Engineer,E4,NX02323,Jonathan Naidu,"Munich, Germany",2017-04-14,Contract,18,Office,9159
NX05262,Bernd Reed,bernd.reed5262@nexacore.com,Engineering,Cloud Infrastructure,Principal Engineer,E5,NX01149,David Kapoor,"Boston, US",2013-03-30,Full-Time,35,Hybrid,8160
NX05263,Rafael Lim,rafael.lim5263@nexacore.com,Product,Platform,Principal PM,P4,NX01316,Jonas Lee,"Singapore, Singapore",2016-09-27,Full-Time,17,Hybrid,4791
NX05264,Alex Yamada,alex.yamada5264@nexacore.com,Data & Analytics,Data Engineering,Senior Data Analyst,D2,NX04526,Rahul Varma,"Seattle, US",2023-08-16,Full-Time,15,Hybrid,7784
NX05265,Aarav Weber,aarav.weber5265@nexacore.com,Engineering,QA & Testing,Senior Software Engineer,E3,NX01423,Maya Sandoval,"Frankfurt, Germany",2023-03-17,Full-Time,20,Office,8705
NX05266,Patrick Shah,patrick.shah5266@nexacore.com,Sales,Enterprise Sales,Sales Manager,S4,NX03644,William Brown,"Boston, US",2016-03-11,Full-Time,25,Office,4974
NX05267,Anjali Kaur,anjali.kaur5267@nexacore.com,Operations,Procurement,Senior Operations Mgr,O3,NX01681,Saanvi Philips,"Bangalore, India",2019-07-29,Full-Time,33,Office,3618
NX05268,Shirin Naidu,shirin.naidu5268@nexacore.com,Engineering,Mobile & Web,Associate Engineer,E1,NX03246,Usha Anderson,"Manchester, UK",2025-11-27,Full-Time,9,Hybrid,1782
NX05269,Mohamed Sharma,mohamed.sharma5269@nexacore.com,Customer Success,Onboarding,CS Director,C4,NX01954,Lisa Walker,"Pune, India",2015-02-28,Contract,20,Office,6380
NX05270,Markus Peters,markus.peters5270@nexacore.com,Finance,Accounting,Senior Finance Analyst,F2,NX01760,Rohit Gupta,"Singapore, Singapore",2023-03-11,Full-Time,18,Office,1399
NX05271,Pedro Gonzalez,pedro.gonzalez5271@nexacore.com,Operations,Business Operations,Operations Specialist,O2,NX01501,Rebecca Wood,"Singapore, Singapore",2021-10-13,Full-Time,19,Hybrid,4665
NX05272,Henrik Bauer,henrik.bauer5272@nexacore.com,Sales,Sales Operations,Account Executive,S2,NX01629,Tobias Lee,"Chennai, India",2024-10-29,Contract,18,Hybrid,1918
NX05273,Clara Hansen,clara.hansen5273@nexacore.com,Legal,IP & Compliance,Legal Analyst,L1,NX01580,Henrik Pillai,"New York, US",2024-10-05,Full-Time,16,Office,9358
NX05274,Sofia Turner,sofia.turner5274@nexacore.com,Product,Platform,Associate PM,P1,NX01647,Nikita Kaur,"Bangalore, India",2024-05-28,Part-Time,7,Hybrid,2972
NX05275,Wei Singh,wei.singh5275@nexacore.com,Finance,Tax & Compliance,Senior Finance Analyst,F2,NX05592,Rebecca Mendes,"Hyderabad, India",2022-07-30,Contract,18,Hybrid,2668
NX05276,Deepa Becker,deepa.becker5276@nexacore.com,IT Support,Security Operations,Senior IT Engineer,T3,NX03469,Lucas Jones,"Bangalore, India",2019-11-18,Full-Time,25,Hybrid,7122
NX05277,Arjun Liu,arjun.liu5277@nexacore.com,Operations,Procurement,Operations Specialist,O2,NX01038,Julia Hall,"San Francisco, US",2021-06-29,Full-Time,25,Hybrid,7269
NX05278,Lena Nguyen,lena.nguyen5278@nexacore.com,Engineering,Cloud Infrastructure,Software Engineer,E2,NX03038,Andrea Lewis,"Singapore, Singapore",2023-10-24,Full-Time,21,Office,7056
NX05279,Harry Hoffmann,harry.hoffmann5279@nexacore.com,Engineering,QA & Testing,Senior Software Engineer,E3,NX02409,Zoe Sharma,"Mumbai, India",2022-06-30,Full-Time,14,Hybrid,1743
NX05280,Samuel Cruz,samuel.cruz5280@nexacore.com,Customer Success,Account Management,Customer Success Manager,C2,NX01429,Gaurav Roth,"Boston, US",2021-06-13,Full-Time,20,Hybrid,2418
NX05281,Elena Smith,elena.smith5281@nexacore.com,HR,L&D,HR Manager,H4,NX02174,Shreya Reddy,"Hyderabad, India",2015-12-15,Contract,17,Hybrid,5704
NX05282,Ishan Nair,ishan.nair5282@nexacore.com,Operations,Facilities,Senior Operations Mgr,O3,NX03362,Mona Philips,"San Francisco, US",2019-04-30,Full-Time,33,Hybrid,6017
NX05283,Milan Walker,milan.walker5283@nexacore.com,Sales,Sales Operations,Sales Manager,S4,NX03608,Shirin Turner,"Manchester, UK",2018-03-23,Full-Time,34,Office,9897
NX05284,Mira Davis,mira.davis5284@nexacore.com,Customer Success,Support Engineering,Senior CSM,C3,NX01747,Olivia Lee,"Edinburgh, UK",2017-09-29,Part-Time,25,Hybrid,9750
NX05285,Sarah Shah,sarah.shah5285@nexacore.com,Engineering,QA & Testing,Software Engineer,E2,NX04893,Julia Cruz,"Frankfurt, Germany",2023-07-07,Full-Time,24,Hybrid,3109
NX05286,James Bauer,james.bauer5286@nexacore.com,Engineering,Mobile & Web,Staff Engineer,E4,NX02610,Deepa Schmidt,"Chennai, India",2017-05-28,Full-Time,19,Hybrid,9604
NX05287,Karan Davis,karan.davis5287@nexacore.com,IT Support,Security Operations,IT Support Engineer,T2,NX02400,Rebecca Kim,"Edinburgh, UK",2022-10-30,Full-Time,23,Hybrid,9120
NX05288,Alec Kaur,alec.kaur5288@nexacore.com,HR,Talent Acquisition,Senior HR Specialist,H3,NX01662,Axel Clark,"Bangalore, India",2017-12-30,Full-Time,22,Hybrid,7218
NX05289,Ryan Price,ryan.price5289@nexacore.com,HR,L&D,Senior HR Specialist,H3,NX01975,Sarah Bauer,"Munich, Germany",2019-08-15,Full-Time,32,Office,3624
NX05290,Siddhant Lewis,siddhant.lewis5290@nexacore.com,IT Support,IT Operations,IT Manager,T4,NX02031,Shirin Garcia,"Singapore, Singapore",2014-06-21,Contract,22,Office,9248
NX05291,Amara Martinez,amara.martinez5291@nexacore.com,Operations,Business Operations,Operations Analyst,O1,NX04311,Andrea Miller,"Frankfurt, Germany",2025-01-05,Full-Time,11,Office,9615
NX05292,Ethan Harris,ethan.harris5292@nexacore.com,IT Support,End-User Computing,IT Support Analyst,T1,NX04485,Raj Smith,"Mumbai, India",2025-05-18,Contract,11,Office,9880
NX05293,Grace Koch,grace.koch5293@nexacore.com,Marketing,Content & SEO,Senior Marketing Manager,M3,NX05969,Ravi Wood,"Frankfurt, Germany",2019-03-12,Full-Time,32,Remote,9579
NX05294,Raj Fischer,raj.fischer5294@nexacore.com,Product,Core Product,Senior Product Manager,P3,NX04662,Fiona Liu,"Bangalore, India",2019-06-24,Contract,20,Office,4082
NX05295,Ravi Nielsen,ravi.nielsen5295@nexacore.com,Finance,Accounting,Finance Analyst,F1,NX01350,Chen Martinez,"Singapore, Singapore",2024-11-30,Part-Time,6,Remote,7344
NX05296,Aisha Bauer,aisha.bauer5296@nexacore.com,Sales,Presales,Sales Manager,S4,NX02251,Gaurav Moore,"Edinburgh, UK",2015-08-30,Contract,30,Remote,8968
NX05297,Andrei Lee,andrei.lee5297@nexacore.com,Data & Analytics,Business Intelligence,Data Scientist,D3,NX05241,Robert Zhang,"Manchester, UK",2019-05-20,Full-Time,25,Office,9250
NX05298,Alejandro Naidu,alejandro.naidu5298@nexacore.com,Marketing,Brand & Communications,Marketing Specialist,M2,NX05575,Patrick Reed,"Munich, Germany",2024-03-12,Contract,22,Hybrid,8476
NX05299,Sara Bauer,sara.bauer5299@nexacore.com,Engineering,Cloud Infrastructure,Associate Engineer,E1,NX05498,Ananya Hansen,"Pune, India",2024-12-29,Full-Time,19,Office,1071
NX05300,Zoe Martin,zoe.martin5300@nexacore.com,Engineering,Mobile & Web,Senior Software Engineer,E3,NX04592,Sebastian Bauer,"Seattle, US",2020-10-08,Contract,23,Office,9748
NX05301,Kevin Hansen,kevin.hansen5301@nexacore.com,Legal,IP & Compliance,Associate Counsel,L2,NX05110,Karan Johnson,"Berlin, Germany",2022-05-12,Full-Time,15,Office,3219
NX05302,Rafael Chakraborty,rafael.chakraborty5302@nexacore.com,Operations,Business Operations,Senior Operations Mgr,O3,NX05208,Jaya Williams,"Pune, India",2019-05-26,Full-Time,35,Hybrid,7919
NX05303,Rosa Wright,rosa.wright5303@nexacore.com,Data & Analytics,Data Governance,Lead Data Scientist,D4,NX02580,Oliver Moore,"Boston, US",2015-04-14,Full-Time,17,Hybrid,8807
NX05304,Martin Jain,martin.jain5304@nexacore.com,Operations,Supply Chain,Senior Operations Mgr,O3,NX02191,Ryan Wang,"Singapore, Singapore",2020-08-26,Full-Time,25,Remote,8293
NX05305,Vikram Gupta,vikram.gupta5305@nexacore.com,Engineering,Mobile & Web,Software Engineer,E2,NX04462,Jaya Lewis,"Austin, US",2024-05-21,Full-Time,10,Hybrid,1378
NX05306,Luka Cruz,luka.cruz5306@nexacore.com,Engineering,Mobile & Web,Principal Engineer,E5,NX01992,Sven Lewis,"London, UK",2014-07-16,Full-Time,28,Office,8202
NX05307,Jana White,jana.white5307@nexacore.com,Engineering,Platform Engineering,Staff Engineer,E4,NX05306,Luka Cruz,"Boston, US",2016-12-08,Full-Time,25,Hybrid,7352
NX05308,Elena Khan,elena.khan5308@nexacore.com,Engineering,DevOps & SRE,Software Engineer,E2,NX02662,Aarav Brown,"Seattle, US",2023-06-14,Part-Time,15,Hybrid,9139
NX05309,Zoe Gonzalez,zoe.gonzalez5309@nexacore.com,Product,Analytics,Product Manager,P2,NX01982,Kabir Hansen,"Austin, US",2022-07-26,Part-Time,9,Hybrid,8824
NX05310,Rebecca Nair,rebecca.nair5310@nexacore.com,Sales,SMB Sales,Sales Manager,S4,NX04747,Mona Rao,"Mumbai, India",2017-03-09,Contract,21,Hybrid,9533
NX05311,Linda White,linda.white5311@nexacore.com,Engineering,DevOps & SRE,Senior Software Engineer,E3,NX02065,Maria Hansen,"Seattle, US",2022-10-10,Full-Time,18,Hybrid,7656
NX05312,Priya Fischer,priya.fischer5312@nexacore.com,Finance,FP&A,Senior Finance Analyst,F2,NX01483,Kate Miller,"Frankfurt, Germany",2022-12-01,Contract,17,Remote,3051
NX05313,Milan Lopez,milan.lopez5313@nexacore.com,Customer Success,Support Engineering,Senior CSM,C3,NX03451,Rohit Moore,"Chennai, India",2020-08-13,Full-Time,19,Hybrid,8445
NX05314,Hannah Scott,hannah.scott5314@nexacore.com,Engineering,Cloud Infrastructure,Software Engineer,E2,NX02596,Karen Dubois,"Mumbai, India",2024-04-27,Full-Time,12,Hybrid,8736
NX05315,Liam Brown,liam.brown5315@nexacore.com,IT Support,IT Operations,IT Manager,T4,NX01079,Nora Murphy,"Bangalore, India",2012-11-19,Full-Time,32,Hybrid,4730
NX05316,Valentina Gonzalez,valentina.gonzalez5316@nexacore.com,Engineering,DevOps & SRE,Staff Engineer,E4,NX05022,Tina Bauer,"Austin, US",2019-05-19,Contract,29,Office,4876
NX05317,Diego Harris,diego.harris5317@nexacore.com,Operations,Procurement,Senior Operations Mgr,O3,NX01681,Saanvi Philips,"Chennai, India",2019-09-10,Full-Time,20,Hybrid,9208
NX05318,Rohit Hall,rohit.hall5318@nexacore.com,Product,Analytics,Product Manager,P2,NX02887,Chris Nelson,"Berlin, Germany",2023-08-25,Full-Time,14,Hybrid,9146
NX05319,Leo Smith,leo.smith5319@nexacore.com,HR,Talent Acquisition,Senior HR Specialist,H3,NX01495,Sophie Lewis,"Boston, US",2019-08-25,Full-Time,24,Office,3636
NX05320,Riya Foster,riya.foster5320@nexacore.com,IT Support,IT Operations,IT Support Analyst,T1,NX01017,Eva Gonzalez,"Austin, US",2025-12-19,Part-Time,12,Hybrid,1856
NX05321,Ashley Garcia,ashley.garcia5321@nexacore.com,IT Support,IT Operations,Senior IT Engineer,T3,NX01913,Nora Varma,"Berlin, Germany",2019-10-31,Full-Time,15,Office,8109
NX05322,Ashley Klein,ashley.klein5322@nexacore.com,Operations,Supply Chain,Senior Operations Mgr,O3,NX01523,Jonas Wright,"Hyderabad, India",2020-03-27,Full-Time,21,Hybrid,6826
NX05323,Mohamed Lee,mohamed.lee5323@nexacore.com,Engineering,Mobile & Web,Associate Engineer,E1,NX03641,Lisa Jain,"Boston, US",2025-04-13,Part-Time,7,Hybrid,9502
NX05324,Leo Moore,leo.moore5324@nexacore.com,Customer Success,Account Management,CS Director,C4,NX01655,Karen Desai,"Frankfurt, Germany",2016-07-24,Part-Time,25,Hybrid,1069
NX05325,Milan Hall,milan.hall5325@nexacore.com,Engineering,Cloud Infrastructure,Senior Software Engineer,E3,NX04413,Haruto Nguyen,"London, UK",2020-09-27,Part-Time,15,Remote,4235
NX05326,Anjali Philips,anjali.philips5326@nexacore.com,Operations,Business Operations,Operations Director,O4,NX01459,Gaurav Santos,"New York, US",2012-09-04,Full-Time,23,Office,2736
NX05327,Andrea Wright,andrea.wright5327@nexacore.com,Product,Analytics,Senior Product Manager,P3,NX01115,Jonathan Zhang,"Mumbai, India",2019-04-20,Part-Time,24,Office,2932
NX05328,Thomas Das,thomas.das5328@nexacore.com,HR,People Operations,HR Generalist,H2,NX03734,Jaya Kumar,"Seattle, US",2024-04-18,Full-Time,25,Remote,7670
NX05329,Liam Gupta,liam.gupta5329@nexacore.com,Sales,SMB Sales,Account Executive,S2,NX03504,Akira Bhatt,"Munich, Germany",2023-06-17,Full-Time,16,Hybrid,7781
NX05330,Nikita Fischer,nikita.fischer5330@nexacore.com,Data & Analytics,Data Governance,Lead Data Scientist,D4,NX01201,Sara Martinez,"Manchester, UK",2013-09-14,Full-Time,20,Hybrid,9033
NX05331,Lena Cruz,lena.cruz5331@nexacore.com,Sales,Enterprise Sales,Senior Account Executive,S3,NX02791,Sabrina Kumar,"Berlin, Germany",2021-02-21,Full-Time,13,Hybrid,6773
NX05332,Isabel White,isabel.white5332@nexacore.com,IT Support,Security Operations,Senior IT Engineer,T3,NX01159,Alejandro Reed,"Frankfurt, Germany",2020-03-05,Full-Time,16,Hybrid,9086
NX05333,Mira Ross,mira.ross5333@nexacore.com,Marketing,Demand Generation,Marketing Coordinator,M1,NX02270,Sofia Miller,"Mumbai, India",2024-11-24,Full-Time,18,Remote,3681
NX05334,Wei Wood,wei.wood5334@nexacore.com,Data & Analytics,Business Intelligence,Senior Data Analyst,D2,NX04738,Samuel Fischer,"Austin, US",2022-02-24,Full-Time,21,Hybrid,4784
NX05335,Alejandro Thomas,alejandro.thomas5335@nexacore.com,Operations,Business Operations,Operations Specialist,O2,NX04521,Noah Nielsen,"Chennai, India",2021-09-02,Contract,20,Office,5706
NX05336,Kabir Jensen,kabir.jensen5336@nexacore.com,Engineering,Cloud Infrastructure,Senior Software Engineer,E3,NX04951,Amrita Perez,"Boston, US",2021-08-31,Full-Time,14,Remote,5626
NX05337,Anita Koch,anita.koch5337@nexacore.com,Sales,Presales,Senior Account Executive,S3,NX03743,Freya Scott,"Munich, Germany",2019-10-08,Full-Time,21,Hybrid,5488
NX05338,Stefan Garcia,stefan.garcia5338@nexacore.com,Operations,Business Operations,Senior Operations Mgr,O3,NX04041,Gabriel Yamada,"Boston, US",2017-09-16,Full-Time,21,Office,2220
NX05339,Alejandro Bhatt,alejandro.bhatt5339@nexacore.com,Operations,Procurement,Senior Operations Mgr,O3,NX02233,Chen Liu,"Boston, US",2020-01-30,Full-Time,15,Hybrid,5057
NX05340,Antoine Meyer,antoine.meyer5340@nexacore.com,Sales,Sales Operations,Senior Account Executive,S3,NX02669,Jonathan Nair,"Chennai, India",2021-03-20,Full-Time,20,Hybrid,9289
NX05341,Nora Schmidt,nora.schmidt5341@nexacore.com,Sales,Presales,Senior Account Executive,S3,NX02628,Diego Liu,"Mumbai, India",2021-02-15,Full-Time,31,Hybrid,6609
NX05342,Pankaj Perez,pankaj.perez5342@nexacore.com,Operations,Supply Chain,Operations Specialist,O2,NX05250,Karen Kumar,"Manchester, UK",2023-05-19,Contract,16,Remote,7207
NX05343,Nora Desai,nora.desai5343@nexacore.com,HR,People Operations,HR Manager,H4,NX01841,Liam Jensen,"Austin, US",2015-05-21,Full-Time,34,Hybrid,8657
NX05344,Alex Price,alex.price5344@nexacore.com,Finance,FP&A,Finance Analyst,F1,NX05497,Rebecca Jensen,"Berlin, Germany",2024-11-09,Part-Time,11,Hybrid,6386
NX05345,Manish Johnson,manish.johnson5345@nexacore.com,Sales,Sales Operations,Sales Manager,S4,NX03287,Liam Lewis,"Munich, Germany",2017-11-05,Contract,27,Remote,6343
NX05346,Alejandro Wright,alejandro.wright5346@nexacore.com,Customer Success,Renewals,CS Director,C4,NX01954,Lisa Walker,"San Francisco, US",2017-02-14,Part-Time,14,Remote,3679
NX05347,Aryan Singh,aryan.singh5347@nexacore.com,Marketing,Brand & Communications,Marketing Specialist,M2,NX02157,Mona Hall,"Hyderabad, India",2023-01-01,Full-Time,24,Office,9370
NX05348,Axel Lewis,axel.lewis5348@nexacore.com,Finance,Tax & Compliance,Finance Manager,F3,NX01955,Pedro Perez,"Seattle, US",2021-03-20,Full-Time,17,Office,8466
NX05349,Anita Petrov,anita.petrov5349@nexacore.com,IT Support,End-User Computing,IT Support Analyst,T1,NX03302,Carlos Nair,"Manchester, UK",2025-06-20,Full-Time,11,Office,1327
NX05350,Rajesh Evans,rajesh.evans5350@nexacore.com,HR,HR Business Partnering,HR Generalist,H2,NX02401,William Moore,"San Francisco, US",2022-02-07,Full-Time,21,Office,4312
NX05351,Devika Naidu,devika.naidu5351@nexacore.com,Engineering,Mobile & Web,Principal Engineer,E5,NX01659,Alex Lim,"Munich, Germany",2014-04-07,Full-Time,19,Hybrid,1861
NX05352,Lars Wood,lars.wood5352@nexacore.com,Customer Success,Renewals,Senior CSM,C3,NX05699,Ananya Brown,"Mumbai, India",2019-12-08,Full-Time,26,Office,8224
NX05353,Valentina Philips,valentina.philips5353@nexacore.com,Customer Success,Renewals,CS Director,C4,NX01817,Maya Lewis,"London, UK",2013-10-27,Full-Time,17,Remote,8121
NX05354,Isabel Miller,isabel.miller5354@nexacore.com,Finance,FP&A,Senior Finance Analyst,F2,NX02327,Robert Kaur,"Singapore, Singapore",2023-04-06,Full-Time,20,Hybrid,9305
NX05355,Omar Nguyen,omar.nguyen5355@nexacore.com,Marketing,Demand Generation,Senior Marketing Manager,M3,NX02010,Ravi Hoffmann,"Singapore, Singapore",2017-06-21,Full-Time,35,Office,2648
NX05356,Rohit Martinez,rohit.martinez5356@nexacore.com,Engineering,Platform Engineering,Senior Software Engineer,E3,NX03593,Sven Wright,"London, UK",2020-06-24,Contract,16,Remote,5654
NX05357,Sarah Roberts,sarah.roberts5357@nexacore.com,Product,Analytics,Product Manager,P2,NX03556,Pedro Walker,"Pune, India",2022-10-20,Full-Time,21,Remote,4355
NX05358,Aryan Smith,aryan.smith5358@nexacore.com,Data & Analytics,Data Governance,Senior Data Analyst,D2,NX01434,Grace Mendes,"Austin, US",2023-10-07,Full-Time,10,Remote,6398
NX05359,Priya Chen,priya.chen5359@nexacore.com,Sales,Presales,Account Executive,S2,NX03156,Antoine Kapoor,"Pune, India",2022-07-27,Full-Time,23,Office,2844
NX05360,Alejandro Becker,alejandro.becker5360@nexacore.com,Engineering,Platform Engineering,Senior Software Engineer,E3,NX01887,Kabir Lewis,"New York, US",2021-12-11,Full-Time,18,Office,9549
NX05361,Siddhant Chakraborty,siddhant.chakraborty5361@nexacore.com,Marketing,Brand & Communications,Marketing Coordinator,M1,NX03390,Blake Gupta,"Manchester, UK",2024-06-07,Full-Time,18,Remote,9400
NX05362,Anita Taylor,anita.taylor5362@nexacore.com,HR,HR Business Partnering,Senior HR Specialist,H3,NX02437,Grace Bennet,"San Francisco, US",2019-01-14,Full-Time,29,Office,9125
NX05363,Priya Santos,priya.santos5363@nexacore.com,IT Support,End-User Computing,IT Support Engineer,T2,NX04485,Raj Smith,"New York, US",2021-07-17,Part-Time,10,Office,3748
NX05364,Tina Klein,tina.klein5364@nexacore.com,Engineering,DevOps & SRE,Principal Engineer,E5,NX01149,David Kapoor,"New York, US",2015-07-20,Full-Time,20,Office,6197
NX05365,Isabel Das,isabel.das5365@nexacore.com,Finance,FP&A,Senior Finance Analyst,F2,NX05576,Chen Hansen,"Manchester, UK",2023-05-06,Full-Time,21,Remote,9831
NX05366,Tanvi Fischer,tanvi.fischer5366@nexacore.com,Marketing,Brand & Communications,Senior Marketing Manager,M3,NX01579,Jason Green,"Munich, Germany",2020-02-25,Full-Time,30,Office,6086
NX05367,Markus Kapoor,markus.kapoor5367@nexacore.com,Sales,Sales Operations,Senior Account Executive,S3,NX04675,Kevin Murphy,"Pune, India",2020-07-25,Contract,23,Remote,6170
NX05368,Priya Gupta,priya.gupta5368@nexacore.com,Finance,Tax & Compliance,Finance Analyst,F1,NX01350,Chen Martinez,"San Francisco, US",2025-11-14,Contract,10,Hybrid,3311
NX05369,Thomas Nguyen,thomas.nguyen5369@nexacore.com,Engineering,Platform Engineering,Staff Engineer,E4,NX01637,Benjamin Sandoval,"Manchester, UK",2019-06-17,Full-Time,17,Hybrid,6429
NX05370,Aditi Smith,aditi.smith5370@nexacore.com,Legal,IP & Compliance,Legal Analyst,L1,NX02787,Saanvi Roberts,"Mumbai, India",2024-07-14,Full-Time,21,Remote,6727
NX05371,Beatrice Smith,beatrice.smith5371@nexacore.com,Finance,FP&A,Finance Manager,F3,NX04693,Sneha Young,"Bangalore, India",2019-08-10,Full-Time,19,Hybrid,3139
NX05372,Alec Peters,alec.peters5372@nexacore.com,Finance,Tax & Compliance,Finance Manager,F3,NX02373,Oliver Nguyen,"Pune, India",2017-03-05,Full-Time,22,Hybrid,8039
NX05373,Ashley Shah,ashley.shah5373@nexacore.com,IT Support,IT Operations,Senior IT Engineer,T3,NX02336,Maya Khan,"Edinburgh, UK",2019-03-05,Part-Time,26,Office,2511
NX05374,Nicolas Carter,nicolas.carter5374@nexacore.com,Marketing,Product Marketing,Senior Marketing Manager,M3,NX02010,Ravi Hoffmann,"Austin, US",2018-02-18,Full-Time,30,Hybrid,7425
NX05375,Patrick Lopez,patrick.lopez5375@nexacore.com,IT Support,IT Operations,IT Support Engineer,T2,NX05195,Amara Singh,"Edinburgh, UK",2021-08-13,Part-Time,10,Hybrid,7468
NX05376,Omar Wright,omar.wright5376@nexacore.com,Customer Success,Renewals,Senior CSM,C3,NX05346,Alejandro Wright,"San Francisco, US",2020-05-01,Part-Time,17,Hybrid,5929
NX05377,Ayesha Young,ayesha.young5377@nexacore.com,Product,Core Product,Senior Product Manager,P3,NX02576,Oliver Smith,"London, UK",2021-01-15,Full-Time,31,Office,3488
NX05378,Karan Jones,karan.jones5378@nexacore.com,Customer Success,Onboarding,Customer Success Manager,C2,NX03612,Ayesha Davis,"Boston, US",2023-12-23,Full-Time,10,Remote,1383
NX05379,Rohit Davies,rohit.davies5379@nexacore.com,Operations,Procurement,Operations Specialist,O2,NX03210,Daniel Evans,"London, UK",2023-08-29,Full-Time,25,Office,6275
NX05380,Jason Zhou,jason.zhou5380@nexacore.com,IT Support,IT Operations,IT Support Analyst,T1,NX01788,Tobias Cruz,"New York, US",2026-04-04,Contract,10,Office,9653
NX05381,Arjun Singh,arjun.singh5381@nexacore.com,Legal,IP & Compliance,Legal Analyst,L1,NX04361,Riya Lim,"Chennai, India",2024-12-17,Contract,11,Hybrid,7190
NX05382,Chris Martinez,chris.martinez5382@nexacore.com,Customer Success,Onboarding,Customer Success Manager,C2,NX02329,Nora Peters,"Frankfurt, Germany",2021-12-03,Full-Time,17,Hybrid,1894
NX05383,Jonathan Nair,jonathan.nair5383@nexacore.com,Marketing,Content & SEO,Marketing Coordinator,M1,NX02743,Markus Hughes,"Mumbai, India",2025-01-15,Full-Time,22,Office,8538
NX05384,Sneha Nelson,sneha.nelson5384@nexacore.com,Product,Analytics,Senior Product Manager,P3,NX01982,Kabir Hansen,"San Francisco, US",2020-06-27,Full-Time,18,Office,8260
NX05385,Amelia Ross,amelia.ross5385@nexacore.com,Engineering,QA & Testing,Senior Software Engineer,E3,NX01059,Lena Gupta,"Edinburgh, UK",2020-10-05,Part-Time,13,Hybrid,7884
NX05386,Arjun Garcia,arjun.garcia5386@nexacore.com,IT Support,End-User Computing,Senior IT Engineer,T3,NX01816,Bernd Nelson,"Singapore, Singapore",2021-02-01,Full-Time,16,Hybrid,9864
NX05387,Valentina Lee,valentina.lee5387@nexacore.com,Operations,Procurement,Senior Operations Mgr,O3,NX05467,Amelia Nielsen,"Munich, Germany",2021-02-27,Contract,27,Office,5193
NX05388,Jonas Nielsen,jonas.nielsen5388@nexacore.com,Operations,Facilities,Operations Specialist,O2,NX02884,Rosa Roberts,"Edinburgh, UK",2022-03-27,Contract,16,Remote,3899
NX05389,Sarah Kapoor,sarah.kapoor5389@nexacore.com,IT Support,Security Operations,IT Support Analyst,T1,NX02400,Rebecca Kim,"New York, US",2025-09-07,Part-Time,12,Hybrid,8213
NX05390,Antoine Lim,antoine.lim5390@nexacore.com,Operations,Facilities,Operations Director,O4,NX02307,Maya Sharma,"Frankfurt, Germany",2012-12-23,Full-Time,32,Office,4185
NX05391,Jonas Miller,jonas.miller5391@nexacore.com,Engineering,DevOps & SRE,Software Engineer,E2,NX05351,Devika Naidu,"Chennai, India",2024-09-08,Part-Time,9,Remote,7256
NX05392,Sarah Young,sarah.young5392@nexacore.com,Engineering,QA & Testing,Senior Software Engineer,E3,NX01550,Rosa Santos,"Hyderabad, India",2020-11-04,Full-Time,14,Hybrid,3990
NX05393,Maria Yamada,maria.yamada5393@nexacore.com,Engineering,DevOps & SRE,Staff Engineer,E4,NX02600,Beatrice Murphy,"Boston, US",2017-02-12,Contract,32,Remote,4931
NX05394,Sebastian Cruz,sebastian.cruz5394@nexacore.com,Sales,Presales,Account Executive,S2,NX03340,Arjun Martin,"London, UK",2023-03-17,Full-Time,22,Office,4549
NX05395,Chen Mendes,chen.mendes5395@nexacore.com,Engineering,QA & Testing,Senior Software Engineer,E3,NX02312,Leo Garcia,"Berlin, Germany",2021-07-15,Part-Time,19,Hybrid,4648
NX05396,Daniel Taylor,daniel.taylor5396@nexacore.com,Engineering,QA & Testing,Senior Software Engineer,E3,NX02409,Zoe Sharma,"Hyderabad, India",2021-02-26,Full-Time,24,Hybrid,7245
NX05397,Alejandro Bennet,alejandro.bennet5397@nexacore.com,IT Support,IT Operations,IT Support Engineer,T2,NX01414,Kevin Kumar,"Munich, Germany",2022-12-27,Contract,18,Hybrid,5610
NX05398,Lena Chakraborty,lena.chakraborty5398@nexacore.com,Legal,IP & Compliance,Associate Counsel,L2,NX01580,Henrik Pillai,"Hyderabad, India",2020-03-04,Full-Time,25,Hybrid,3551
NX05399,Thomas Rodriguez,thomas.rodriguez5399@nexacore.com,Legal,Employment Law,Legal Director,L4,,,"Hyderabad, India",2013-07-04,Part-Time,30,Remote,8110
NX05400,William Santos,william.santos5400@nexacore.com,IT Support,End-User Computing,Senior IT Engineer,T3,NX05470,Gaurav Bauer,"Bangalore, India",2016-11-28,Contract,34,Office,7926
NX05401,Vikas Clark,vikas.clark5401@nexacore.com,Engineering,Mobile & Web,Principal Engineer,E5,NX01042,Shirin Price,"Boston, US",2015-11-22,Full-Time,23,Office,2573
NX05402,Carlos Peters,carlos.peters5402@nexacore.com,Sales,Presales,Account Executive,S2,NX01632,Noah Clark,"Chennai, India",2024-03-03,Contract,12,Hybrid,8680
NX05403,Andrei Rodriguez,andrei.rodriguez5403@nexacore.com,Finance,FP&A,Finance Manager,F3,NX03063,Thomas Nguyen,"London, UK",2018-06-15,Part-Time,22,Office,5589
NX05404,Aisha Kapoor,aisha.kapoor5404@nexacore.com,HR,HR Business Partnering,Senior HR Specialist,H3,NX01386,Omar Brown,"Frankfurt, Germany",2020-04-20,Part-Time,19,Remote,8932
NX05405,Harry Klein,harry.klein5405@nexacore.com,Customer Success,Onboarding,Customer Success Manager,C2,NX04073,Karen Reddy,"Mumbai, India",2023-11-18,Full-Time,23,Hybrid,9518
NX05406,Riya Das,riya.das5406@nexacore.com,Data & Analytics,Data Governance,Data Scientist,D3,NX02684,Paul Mendes,"Manchester, UK",2020-02-17,Contract,29,Office,6080
NX05407,Martin Singh,martin.singh5407@nexacore.com,Marketing,Content & SEO,Marketing Director,M4,NX01493,Maya Weber,"Berlin, Germany",2014-03-09,Full-Time,27,Remote,6672
NX05408,Tom Hughes,tom.hughes5408@nexacore.com,Customer Success,Account Management,Senior CSM,C3,NX01866,Vikram Santos,"Manchester, UK",2020-07-15,Full-Time,31,Office,3232
NX05409,Ravi Jensen,ravi.jensen5409@nexacore.com,HR,People Operations,HR Manager,H4,NX02289,Saanvi Shah,"Seattle, US",2013-03-17,Contract,20,Hybrid,8757
NX05410,Anjali Reed,anjali.reed5410@nexacore.com,Customer Success,Support Engineering,Customer Success Manager,C2,NX02606,Nora Klein,"Boston, US",2022-01-03,Part-Time,17,Hybrid,6904
NX05411,Paola Kaur,paola.kaur5411@nexacore.com,Data & Analytics,Business Intelligence,Data Scientist,D3,NX02456,Isabel Lewis,"Seattle, US",2017-11-06,Full-Time,28,Office,9562
NX05412,Aditi Dubois,aditi.dubois5412@nexacore.com,Engineering,Platform Engineering,Senior Software Engineer,E3,NX01827,Diego Wright,"London, UK",2021-06-13,Part-Time,16,Hybrid,2632
NX05413,Paola Davis,paola.davis5413@nexacore.com,Customer Success,Account Management,Customer Success Manager,C2,NX03777,Leo Klein,"Manchester, UK",2024-02-21,Full-Time,19,Hybrid,8709
NX05414,Omar Bauer,omar.bauer5414@nexacore.com,Engineering,QA & Testing,Software Engineer,E2,NX03943,Hannah Reed,"San Francisco, US",2023-07-10,Contract,15,Office,3733
NX05415,Mira Garcia,mira.garcia5415@nexacore.com,Sales,SMB Sales,Account Executive,S2,NX02410,Axel Nelson,"Chennai, India",2023-06-21,Full-Time,22,Hybrid,4350
NX05416,Nora Wood,nora.wood5416@nexacore.com,Engineering,DevOps & SRE,Software Engineer,E2,NX02686,Mona Jain,"Berlin, Germany",2024-02-25,Full-Time,10,Office,4232
NX05417,Julia Mendes,julia.mendes5417@nexacore.com,Customer Success,Onboarding,Customer Success Manager,C2,NX02440,Tobias Foster,"Bangalore, India",2023-05-12,Full-Time,17,Remote,6342
NX05418,Vikas Brown,vikas.brown5418@nexacore.com,Customer Success,Support Engineering,CS Director,C4,NX01029,Pedro Lim,"Singapore, Singapore",2016-01-06,Full-Time,20,Office,9864
NX05419,Freya Rao,freya.rao5419@nexacore.com,Customer Success,Renewals,Customer Success Manager,C2,NX02440,Tobias Foster,"New York, US",2022-08-23,Full-Time,22,Remote,4101
NX05420,Sebastian Becker,sebastian.becker5420@nexacore.com,Engineering,DevOps & SRE,Senior Software Engineer,E3,NX03979,Mona Kumar,"New York, US",2022-07-08,Part-Time,11,Remote,4564
NX05421,Pedro Becker,pedro.becker5421@nexacore.com,Customer Success,Onboarding,Customer Success Manager,C2,NX03824,Oliver Liu,"Manchester, UK",2024-05-05,Full-Time,21,Office,7849
NX05422,Emma Yamada,emma.yamada5422@nexacore.com,IT Support,End-User Computing,IT Support Engineer,T2,NX03281,Sarah Murphy,"Hyderabad, India",2022-06-18,Full-Time,25,Office,2382
NX05423,Paola Harris,paola.harris5423@nexacore.com,Customer Success,Account Management,CS Director,C4,NX01123,Lena Kumar,"Munich, Germany",2012-12-10,Part-Time,26,Hybrid,2563
NX05424,Luka Nelson,luka.nelson5424@nexacore.com,Marketing,Content & SEO,Senior Marketing Manager,M3,NX02238,Isabel Green,"London, UK",2020-10-09,Full-Time,18,Remote,4465
NX05425,Sven Das,sven.das5425@nexacore.com,Legal,Corporate Legal,Associate Counsel,L2,NX03929,Maria Chen,"Munich, Germany",2020-11-29,Contract,15,Office,1508
NX05426,Nicolas Jones,nicolas.jones5426@nexacore.com,Engineering,QA & Testing,Senior Software Engineer,E3,NX02438,Akira Taylor,"New York, US",2020-10-07,Contract,26,Office,3458
NX05427,Julia Thomas,julia.thomas5427@nexacore.com,Marketing,Content & SEO,Senior Marketing Manager,M3,NX05969,Ravi Wood,"London, UK",2018-05-12,Full-Time,29,Remote,8974
NX05428,Rafael Khan,rafael.khan5428@nexacore.com,Customer Success,Support Engineering,Senior CSM,C3,NX03824,Oliver Liu,"London, UK",2019-11-16,Full-Time,21,Hybrid,3534
NX05429,Grace Garcia,grace.garcia5429@nexacore.com,Sales,Enterprise Sales,Sales Manager,S4,NX01280,Yuki Cruz,"San Francisco, US",2017-02-08,Full-Time,27,Office,3154
NX05430,Priya Dubois,priya.dubois5430@nexacore.com,Data & Analytics,Business Intelligence,Data Analyst,D1,NX04738,Samuel Fischer,"Singapore, Singapore",2024-10-27,Full-Time,17,Office,1726
NX05431,Saanvi Ross,saanvi.ross5431@nexacore.com,Sales,SMB Sales,Sales Development Rep,S1,NX01364,Tom Scott,"Seattle, US",2025-04-15,Full-Time,13,Hybrid,9671
NX05432,Jana Rao,jana.rao5432@nexacore.com,Operations,Business Operations,Operations Specialist,O2,NX01837,Aisha Jain,"Chennai, India",2024-04-01,Full-Time,13,Office,1241
NX05433,Maya Walker,maya.walker5433@nexacore.com,HR,People Operations,Senior HR Specialist,H3,NX05857,Haruto Varma,"Frankfurt, Germany",2018-12-26,Contract,32,Hybrid,1937
NX05434,Kate Murphy,kate.murphy5434@nexacore.com,HR,People Operations,Senior HR Specialist,H3,NX03350,Sophie Peters,"Bangalore, India",2020-03-17,Full-Time,20,Office,3886
NX05435,Milan Sharma,milan.sharma5435@nexacore.com,Operations,Supply Chain,Operations Analyst,O1,NX01001,Devika Scott,"Edinburgh, UK",2024-11-18,Contract,18,Hybrid,3754
NX05436,Wei Roberts,wei.roberts5436@nexacore.com,Engineering,QA & Testing,Principal Engineer,E5,NX02583,Maya Zhang,"Bangalore, India",2016-01-01,Part-Time,16,Office,7284
NX05437,Amara Reddy,amara.reddy5437@nexacore.com,Data & Analytics,Data Engineering,Data Analyst,D1,NX02454,Priya Das,"Hyderabad, India",2024-08-10,Full-Time,12,Office,3857
NX05438,Jason Weber,jason.weber5438@nexacore.com,Sales,Presales,Senior Account Executive,S3,NX04949,Kevin Schmidt,"Bangalore, India",2021-02-16,Full-Time,21,Office,9283
NX05439,Luka Kaur,luka.kaur5439@nexacore.com,IT Support,IT Operations,Senior IT Engineer,T3,NX03183,Nikita Wright,"San Francisco, US",2017-11-26,Full-Time,29,Hybrid,3847
NX05440,Saanvi White,saanvi.white5440@nexacore.com,Operations,Procurement,Senior Operations Mgr,O3,NX05920,Ashley Murphy,"Frankfurt, Germany",2016-07-04,Full-Time,28,Hybrid,2190
NX05441,Ashley Varma,ashley.varma5441@nexacore.com,Engineering,QA & Testing,Senior Software Engineer,E3,NX03760,Carlos Desai,"Mumbai, India",2021-02-19,Full-Time,24,Hybrid,1764
NX05442,Sneha Ross,sneha.ross5442@nexacore.com,Product,Analytics,Senior Product Manager,P3,NX02106,Usha Bhatt,"London, UK",2018-11-04,Full-Time,30,Office,2920
NX05443,David Rodriguez,david.rodriguez5443@nexacore.com,Product,Core Product,Product Manager,P2,NX04162,Shreya Becker,"Hyderabad, India",2021-07-07,Contract,24,Remote,2499
NX05444,Kabir Davis,kabir.davis5444@nexacore.com,Engineering,Platform Engineering,Staff Engineer,E4,NX01264,Haruto Becker,"New York, US",2019-12-30,Full-Time,24,Hybrid,7351
NX05445,Aditi Hughes,aditi.hughes5445@nexacore.com,Engineering,Platform Engineering,Software Engineer,E2,NX03454,Vikram Williams,"Chennai, India",2024-08-05,Part-Time,7,Hybrid,9647
NX05446,Clara Nguyen,clara.nguyen5446@nexacore.com,Operations,Supply Chain,Operations Specialist,O2,NX01711,Clara Bhatt,"Boston, US",2023-07-13,Full-Time,10,Remote,6156
NX05447,Vikram Roberts,vikram.roberts5447@nexacore.com,HR,Talent Acquisition,Senior HR Specialist,H3,NX01340,Andrea Patel,"Hyderabad, India",2020-02-10,Contract,33,Hybrid,7791
NX05448,Jonas Bennet,jonas.bennet5448@nexacore.com,Engineering,Mobile & Web,Software Engineer,E2,NX05022,Tina Bauer,"Pune, India",2024-05-19,Full-Time,20,Hybrid,7492
NX05449,Beatrice Robinson,beatrice.robinson5449@nexacore.com,IT Support,Security Operations,IT Support Engineer,T2,NX04123,Manish Shah,"Pune, India",2022-09-14,Full-Time,26,Office,1304
NX05450,Arjun Nielsen,arjun.nielsen5450@nexacore.com,Engineering,QA & Testing,Software Engineer,E2,NX02316,Robert Yamada,"New York, US",2023-08-14,Full-Time,20,Hybrid,3557
NX05451,Isabel Roberts,isabel.roberts5451@nexacore.com,Customer Success,Onboarding,Customer Success Manager,C2,NX01781,Saanvi Murphy,"Hyderabad, India",2021-10-08,Full-Time,24,Remote,1489
NX05452,Benjamin Santos,benjamin.santos5452@nexacore.com,Engineering,Mobile & Web,Senior Software Engineer,E3,NX02402,Vikram Nelson,"Bangalore, India",2022-04-19,Full-Time,27,Hybrid,4870
NX05453,Ravi Bhatt,ravi.bhatt5453@nexacore.com,Engineering,DevOps & SRE,Software Engineer,E2,NX01637,Benjamin Sandoval,"Frankfurt, Germany",2024-03-01,Full-Time,16,Office,6971
NX05454,Andrei Wang,andrei.wang5454@nexacore.com,Customer Success,Onboarding,Senior CSM,C3,NX03889,Elena Wood,"Berlin, Germany",2019-02-12,Part-Time,15,Hybrid,4746
NX05455,Karan Hoffmann,karan.hoffmann5455@nexacore.com,Sales,Sales Operations,Sales Manager,S4,NX02148,Antoine Gonzalez,"Bangalore, India",2018-11-24,Full-Time,31,Office,6332
NX05456,Arjun Bhatt,arjun.bhatt5456@nexacore.com,Sales,Sales Operations,Senior Account Executive,S3,NX02821,Tanvi Muller,"Seattle, US",2021-06-02,Full-Time,20,Hybrid,2222
NX05457,Nikita Davies,nikita.davies5457@nexacore.com,Finance,Accounting,Finance Analyst,F1,NX01760,Rohit Gupta,"Austin, US",2025-05-25,Part-Time,7,Hybrid,4326
NX05458,Anjali Sandoval,anjali.sandoval5458@nexacore.com,Engineering,Cloud Infrastructure,Senior Software Engineer,E3,NX02940,James Pillai,"Boston, US",2022-12-16,Full-Time,21,Office,6537
NX05459,Rohit Murphy,rohit.murphy5459@nexacore.com,Engineering,Mobile & Web,Associate Engineer,E1,NX02764,Gaurav Brown,"Austin, US",2025-01-30,Full-Time,17,Office,4691
NX05460,Valentina Meier,valentina.meier5460@nexacore.com,Engineering,DevOps & SRE,Staff Engineer,E4,NX04685,Kate Wood,"Seattle, US",2020-02-22,Full-Time,23,Hybrid,9263
NX05461,Alec Wang,alec.wang5461@nexacore.com,Operations,Supply Chain,Operations Analyst,O1,NX01535,Ravi Lewis,"Bangalore, India",2024-08-17,Contract,13,Hybrid,7179
NX05462,Sven Meier,sven.meier5462@nexacore.com,Data & Analytics,Data Engineering,Senior Data Analyst,D2,NX04749,Sebastian Hoffmann,"Hyderabad, India",2021-12-03,Part-Time,10,Hybrid,2987
NX05463,Leo Mitchell,leo.mitchell5463@nexacore.com,Data & Analytics,ML & AI,Data Scientist,D3,NX01521,Eva Nielsen,"Bangalore, India",2020-06-05,Full-Time,22,Hybrid,6910
NX05464,Uma White,uma.white5464@nexacore.com,Operations,Facilities,Senior Operations Mgr,O3,NX01390,Priya Zhang,"Edinburgh, UK",2019-10-05,Part-Time,23,Hybrid,9224
NX05465,Chen Young,chen.young5465@nexacore.com,Engineering,QA & Testing,Software Engineer,E2,NX04044,Chen Zhang,"Bangalore, India",2024-02-14,Full-Time,13,Hybrid,6702
NX05466,Carlos Santos,carlos.santos5466@nexacore.com,Operations,Supply Chain,Senior Operations Mgr,O3,NX05641,Alejandro Kumar,"Edinburgh, UK",2016-12-12,Part-Time,15,Hybrid,6718
NX05467,Amelia Nielsen,amelia.nielsen5467@nexacore.com,Operations,Facilities,Operations Director,O4,NX01413,Amelia Cruz,"Pune, India",2015-03-23,Part-Time,20,Office,8752
NX05468,Oliver Becker,oliver.becker5468@nexacore.com,Customer Success,Support Engineering,Senior CSM,C3,NX05324,Leo Moore,"Edinburgh, UK",2019-08-24,Full-Time,29,Office,9441
NX05469,Lucas Harris,lucas.harris5469@nexacore.com,Engineering,QA & Testing,Senior Software Engineer,E3,NX03030,William Kumar,"Berlin, Germany",2020-11-02,Full-Time,14,Office,9176
NX05470,Gaurav Bauer,gaurav.bauer5470@nexacore.com,IT Support,End-User Computing,IT Manager,T4,NX01279,Aditi Bauer,"Bangalore, India",2013-06-14,Full-Time,35,Office,4725
NX05471,Priya Turner,priya.turner5471@nexacore.com,Data & Analytics,ML & AI,Senior Data Analyst,D2,NX01936,Kate Schmidt,"Austin, US",2022-05-29,Full-Time,27,Office,5137
NX05472,Manish Foster,manish.foster5472@nexacore.com,Customer Success,Renewals,CS Director,C4,NX02120,Aarav Perez,"Pune, India",2014-11-23,Part-Time,25,Office,6523
NX05473,Jonas Chen,jonas.chen5473@nexacore.com,Customer Success,Support Engineering,Customer Success Manager,C2,NX03062,Lucas Jones,"Manchester, UK",2022-07-16,Contract,26,Hybrid,1814
NX05474,Ethan Sharma,ethan.sharma5474@nexacore.com,Customer Success,Onboarding,Customer Success Manager,C2,NX02318,Luka Gupta,"Berlin, Germany",2022-08-15,Part-Time,15,Office,6163
NX05475,Rosa Kapoor,rosa.kapoor5475@nexacore.com,Marketing,Demand Generation,Senior Marketing Manager,M3,NX03820,Ayesha Green,"Munich, Germany",2020-04-18,Part-Time,18,Hybrid,2521
NX05476,Amrita Scott,amrita.scott5476@nexacore.com,Engineering,Platform Engineering,Senior Software Engineer,E3,NX03038,Andrea Lewis,"Singapore, Singapore",2022-11-02,Full-Time,11,Hybrid,2907
NX05477,Lena Weber,lena.weber5477@nexacore.com,Operations,Procurement,Operations Specialist,O2,NX05559,Arjun Varma,"Boston, US",2024-03-30,Full-Time,12,Hybrid,1098
NX05478,Samuel Koch,samuel.koch5478@nexacore.com,Finance,FP&A,Finance Analyst,F1,NX02005,Mohamed Miller,"Frankfurt, Germany",2025-09-22,Full-Time,16,Office,3781
NX05479,Nicolas Lim,nicolas.lim5479@nexacore.com,Engineering,Cloud Infrastructure,Staff Engineer,E4,NX01314,Patrick Philips,"Hyderabad, India",2018-06-19,Full-Time,22,Hybrid,4055
NX05480,Henrik Roberts,henrik.roberts5480@nexacore.com,Product,Core Product,Senior Product Manager,P3,NX01855,Deepa Lim,"Manchester, UK",2021-05-04,Full-Time,30,Hybrid,2576
NX05481,Rafael Jones,rafael.jones5481@nexacore.com,Sales,Presales,Account Executive,S2,NX01398,Manish Weber,"Mumbai, India",2023-05-04,Full-Time,24,Office,8300
NX05482,Ishan Scott,ishan.scott5482@nexacore.com,Marketing,Demand Generation,Marketing Specialist,M2,NX05407,Martin Singh,"San Francisco, US",2022-02-12,Contract,26,Remote,1430
NX05483,Zoe Gonzalez,zoe.gonzalez5483@nexacore.com,HR,HR Business Partnering,HR Generalist,H2,NX02277,Linda Klein,"Manchester, UK",2024-05-14,Full-Time,13,Hybrid,5667
NX05484,Priya Kim,priya.kim5484@nexacore.com,Operations,Procurement,Operations Specialist,O2,NX05148,Blake Roth,"Frankfurt, Germany",2021-07-24,Full-Time,18,Hybrid,7265
NX05485,Grace Liu,grace.liu5485@nexacore.com,Engineering,Platform Engineering,Staff Engineer,E4,NX01258,Rohit Carter,"Seattle, US",2018-06-20,Full-Time,26,Hybrid,5060
NX05486,Fiona Martinez,fiona.martinez5486@nexacore.com,Engineering,DevOps & SRE,Principal Engineer,E5,NX01253,Lena Sanchez,"Bangalore, India",2016-02-22,Contract,22,Office,2962
NX05487,Aisha Foster,aisha.foster5487@nexacore.com,Finance,Tax & Compliance,Senior Finance Analyst,F2,NX02167,Lars Smith,"London, UK",2023-07-14,Full-Time,21,Hybrid,6281
NX05488,Nicolas Foster,nicolas.foster5488@nexacore.com,Legal,Corporate Legal,Senior Counsel,L3,NX04549,Manish Kapoor,"Austin, US",2016-06-09,Full-Time,22,Remote,6527
NX05489,Daniel Reed,daniel.reed5489@nexacore.com,IT Support,End-User Computing,IT Support Engineer,T2,NX02767,Anna Shah,"Singapore, Singapore",2023-12-05,Full-Time,19,Hybrid,1699
NX05490,Nikita Hansen,nikita.hansen5490@nexacore.com,Customer Success,Onboarding,CS Director,C4,NX01093,Jonas Evans,"Berlin, Germany",2016-01-05,Full-Time,18,Hybrid,4686
NX05491,Anita Jensen,anita.jensen5491@nexacore.com,Product,Platform,Product Manager,P2,NX02576,Oliver Smith,"Bangalore, India",2021-11-25,Full-Time,15,Remote,7583
NX05492,Emma Wang,emma.wang5492@nexacore.com,Sales,Enterprise Sales,Account Executive,S2,NX03615,Jessica Meyer,"Pune, India",2022-10-11,Part-Time,11,Hybrid,2663
NX05493,Shreya Bhatt,shreya.bhatt5493@nexacore.com,Engineering,QA & Testing,Principal Engineer,E5,NX02374,Nicolas Harris,"Manchester, UK",2013-09-24,Full-Time,26,Hybrid,6707
NX05494,Lisa Bennet,lisa.bennet5494@nexacore.com,Engineering,DevOps & SRE,Senior Software Engineer,E3,NX01996,Chen Kim,"Pune, India",2021-02-11,Full-Time,18,Hybrid,8713
NX05495,Jaya Robinson,jaya.robinson5495@nexacore.com,HR,L&D,HR Manager,H4,NX01750,Gabriel Price,"Austin, US",2015-03-18,Full-Time,24,Remote,7769
NX05496,Thomas Naidu,thomas.naidu5496@nexacore.com,IT Support,Security Operations,Senior IT Engineer,T3,NX04033,Robert Lim,"London, UK",2019-11-30,Contract,21,Office,3950
NX05497,Rebecca Jensen,rebecca.jensen5497@nexacore.com,Finance,Accounting,Senior Finance Manager,F4,NX02466,Shirin Sharma,"Frankfurt, Germany",2014-01-13,Full-Time,28,Hybrid,9012
NX05498,Ananya Hansen,ananya.hansen5498@nexacore.com,Engineering,QA & Testing,Principal Engineer,E5,NX01764,Priya Turner,"Hyderabad, India",2012-12-06,Contract,22,Remote,7643
NX05499,Mohamed Varma,mohamed.varma5499@nexacore.com,Operations,Supply Chain,Operations Specialist,O2,NX02153,Diego Davies,"Seattle, US",2023-08-09,Full-Time,25,Remote,8345
NX05500,Raj Rao,raj.rao5500@nexacore.com,Finance,Accounting,Senior Finance Analyst,F2,NX03576,Pankaj Wood,"Chennai, India",2021-10-02,Contract,12,Office,2406
NX05501,Saanvi Bhatt,saanvi.bhatt5501@nexacore.com,Engineering,Mobile & Web,Senior Software Engineer,E3,NX02917,Linda Chakraborty,"Hyderabad, India",2021-07-24,Contract,24,Hybrid,5391
NX05502,Henrik Johnson,henrik.johnson5502@nexacore.com,Engineering,DevOps & SRE,Staff Engineer,E4,NX04462,Jaya Lewis,"Austin, US",2018-09-05,Full-Time,21,Hybrid,5085
NX05503,William Brown,william.brown5503@nexacore.com,Product,Core Product,VP of Product,P5,,,"San Francisco, US",2012-05-19,Full-Time,26,Office,2229
NX05504,Ishan Martin,ishan.martin5504@nexacore.com,Customer Success,Renewals,Senior CSM,C3,NX05346,Alejandro Wright,"Pune, India",2020-08-17,Full-Time,28,Remote,2071
NX05505,Chen Wood,chen.wood5505@nexacore.com,IT Support,IT Operations,IT Support Analyst,T1,NX01881,Daniel Young,"Munich, Germany",2025-06-25,Full-Time,17,Hybrid,8557
NX05506,Yuki Peters,yuki.peters5506@nexacore.com,Legal,Corporate Legal,Associate Counsel,L2,NX02304,Wei Schmidt,"Manchester, UK",2023-02-27,Full-Time,17,Hybrid,6717
NX05507,Robert Lee,robert.lee5507@nexacore.com,Operations,Procurement,Operations Analyst,O1,NX01820,Paola Foster,"San Francisco, US",2024-08-24,Full-Time,15,Remote,9745
NX05508,Mona Sandoval,mona.sandoval5508@nexacore.com,Sales,SMB Sales,Senior Account Executive,S3,NX03877,Riya Bhatt,"Edinburgh, UK",2021-06-24,Full-Time,29,Hybrid,1226
NX05509,Zoe Smith,zoe.smith5509@nexacore.com,Finance,Tax & Compliance,Finance Analyst,F1,NX02265,Alex Carter,"Austin, US",2025-03-09,Contract,15,Hybrid,6995
NX05510,Sofia Pillai,sofia.pillai5510@nexacore.com,Sales,Enterprise Sales,Sales Development Rep,S1,NX03432,Sophie Klein,"Edinburgh, UK",2025-10-07,Full-Time,21,Office,5335
NX05511,Arjun Price,arjun.price5511@nexacore.com,Sales,Enterprise Sales,Sales Manager,S4,NX03608,Shirin Turner,"Chennai, India",2014-07-20,Full-Time,30,Hybrid,9632
NX05512,Grace Nair,grace.nair5512@nexacore.com,Sales,Enterprise Sales,Sales Manager,S4,NX02862,Gabriel Jensen,"Munich, Germany",2019-02-28,Full-Time,18,Hybrid,8495
NX05513,Jonas Young,jonas.young5513@nexacore.com,Operations,Procurement,Senior Operations Mgr,O3,NX05390,Antoine Lim,"San Francisco, US",2020-07-28,Full-Time,29,Hybrid,9458
NX05514,Ayesha Hansen,ayesha.hansen5514@nexacore.com,HR,HR Business Partnering,Senior HR Specialist,H3,NX01386,Omar Brown,"Chennai, India",2018-07-09,Full-Time,35,Office,6005
NX05515,Nikita Anderson,nikita.anderson5515@nexacore.com,Operations,Business Operations,Senior Operations Mgr,O3,NX01691,Riya Varma,"Bangalore, India",2017-11-05,Part-Time,20,Office,2834
NX05516,Axel Moore,axel.moore5516@nexacore.com,Engineering,Mobile & Web,Senior Software Engineer,E3,NX03544,Sophie Kaur,"Frankfurt, Germany",2020-05-22,Full-Time,18,Hybrid,4237
NX05517,Rebecca Rodriguez,rebecca.rodriguez5517@nexacore.com,Sales,Enterprise Sales,Senior Account Executive,S3,NX03099,Liam Foster,"San Francisco, US",2021-07-06,Full-Time,24,Remote,8985
NX05518,Carlos Rodriguez,carlos.rodriguez5518@nexacore.com,Engineering,Platform Engineering,Staff Engineer,E4,NX01710,Ashley Meyer,"Manchester, UK",2019-07-24,Full-Time,22,Hybrid,9255
NX05519,William Jones,william.jones5519@nexacore.com,Customer Success,Onboarding,Customer Success Manager,C2,NX01703,Stefan Klein,"New York, US",2022-03-27,Full-Time,16,Hybrid,1841
NX05520,Karan Jones,karan.jones5520@nexacore.com,Engineering,QA & Testing,Senior Software Engineer,E3,NX04366,Bernd Davies,"Boston, US",2021-07-01,Full-Time,15,Remote,7613
NX05521,Akira Garcia,akira.garcia5521@nexacore.com,Product,Analytics,Product Manager,P2,NX01128,Isabel Zhang,"Boston, US",2021-07-08,Contract,21,Hybrid,9695
NX05522,Uma Clark,uma.clark5522@nexacore.com,Engineering,Platform Engineering,Software Engineer,E2,NX01769,Thomas Nair,"London, UK",2023-07-04,Part-Time,10,Hybrid,8876
NX05523,Yuki Clark,yuki.clark5523@nexacore.com,Sales,SMB Sales,Account Executive,S2,NX02612,Sophie Young,"Singapore, Singapore",2023-07-02,Contract,18,Remote,9848
NX05524,Neha Singh,neha.singh5524@nexacore.com,Engineering,QA & Testing,Principal Engineer,E5,NX02169,Aryan Varma,"Austin, US",2015-12-04,Full-Time,30,Office,8340
NX05525,Valentina Davies,valentina.davies5525@nexacore.com,Sales,Sales Operations,Account Executive,S2,NX04117,Jonas Naidu,"Berlin, Germany",2023-06-19,Contract,18,Hybrid,7909
NX05526,Valentina Wilson,valentina.wilson5526@nexacore.com,Customer Success,Account Management,Customer Success Manager,C2,NX05137,Elena Meyer,"Austin, US",2021-10-25,Full-Time,20,Hybrid,9383
NX05527,Robert Davies,robert.davies5527@nexacore.com,Operations,Supply Chain,Senior Operations Mgr,O3,NX01390,Priya Zhang,"London, UK",2017-02-02,Full-Time,30,Remote,4787
NX05528,Anita Walker,anita.walker5528@nexacore.com,Sales,Presales,Sales Development Rep,S1,NX04117,Jonas Naidu,"Frankfurt, Germany",2024-12-09,Contract,19,Hybrid,7319
NX05529,Tanvi Bhatt,tanvi.bhatt5529@nexacore.com,Operations,Supply Chain,Senior Operations Mgr,O3,NX02594,Sofia Taylor,"Seattle, US",2016-10-22,Part-Time,30,Hybrid,5183
NX05530,Maria Nelson,maria.nelson5530@nexacore.com,IT Support,End-User Computing,IT Support Engineer,T2,NX05760,Karen Liu,"New York, US",2023-11-05,Full-Time,21,Office,5668
NX05531,Sarah Lee,sarah.lee5531@nexacore.com,Finance,Tax & Compliance,Finance Manager,F3,NX02373,Oliver Nguyen,"Edinburgh, UK",2017-05-15,Full-Time,18,Hybrid,7975
NX05532,Arjun Peters,arjun.peters5532@nexacore.com,Sales,SMB Sales,Sales Director,S5,,,"Chennai, India",2013-11-27,Full-Time,22,Office,4084
NX05533,Neha Singh,neha.singh5533@nexacore.com,Engineering,Platform Engineering,Senior Software Engineer,E3,NX03233,Kate Kumar,"Austin, US",2020-07-14,Full-Time,30,Office,7990
NX05534,Omar Zhang,omar.zhang5534@nexacore.com,Data & Analytics,Data Governance,Senior Data Analyst,D2,NX04526,Rahul Varma,"Boston, US",2022-01-20,Full-Time,21,Remote,4593
NX05535,Robert Moore,robert.moore5535@nexacore.com,Engineering,Cloud Infrastructure,Staff Engineer,E4,NX01685,Henrik Wilson,"Austin, US",2017-01-31,Full-Time,22,Remote,2402
NX05536,Tom Khan,tom.khan5536@nexacore.com,Sales,Sales Operations,Senior Account Executive,S3,NX02018,Amara Perez,"Austin, US",2021-09-02,Full-Time,14,Office,9594
NX05537,Omar Ross,omar.ross5537@nexacore.com,Product,Growth,Product Manager,P2,NX03713,Maya Clark,"Seattle, US",2023-08-13,Full-Time,19,Office,8205
NX05538,Manish Lee,manish.lee5538@nexacore.com,Engineering,QA & Testing,Principal Engineer,E5,NX01433,Hannah Clark,"New York, US",2016-02-04,Full-Time,34,Office,5621
NX05539,Devika Khan,devika.khan5539@nexacore.com,Customer Success,Support Engineering,Customer Success Manager,C2,NX04730,Oliver Nelson,"London, UK",2022-07-30,Full-Time,15,Hybrid,9135
NX05540,Anna Garcia,anna.garcia5540@nexacore.com,Engineering,Platform Engineering,Staff Engineer,E4,NX03838,Anjali Wang,"Frankfurt, Germany",2019-12-22,Contract,15,Hybrid,9954
NX05541,Aryan Mitchell,aryan.mitchell5541@nexacore.com,Sales,Enterprise Sales,Sales Manager,S4,NX01435,Markus Peters,"Bangalore, India",2018-10-11,Full-Time,30,Office,5780
NX05542,Aarav Jain,aarav.jain5542@nexacore.com,Data & Analytics,Data Engineering,Senior Data Analyst,D2,NX01486,Nora Meier,"Boston, US",2023-05-25,Full-Time,22,Office,8160
NX05543,Aisha Price,aisha.price5543@nexacore.com,Marketing,Content & SEO,Marketing Coordinator,M1,NX02615,Ethan Williams,"London, UK",2025-08-23,Full-Time,9,Hybrid,2665
NX05544,Siddhant Anderson,siddhant.anderson5544@nexacore.com,Finance,Treasury,Finance Manager,F3,NX05758,Alex Davies,"Singapore, Singapore",2017-10-04,Full-Time,33,Office,4848
NX05545,Deepa Shah,deepa.shah5545@nexacore.com,Operations,Facilities,Operations Specialist,O2,NX01823,Patrick Bennet,"Mumbai, India",2021-07-13,Full-Time,20,Remote,3975
NX05546,Olivia Brown,olivia.brown5546@nexacore.com,Customer Success,Onboarding,Customer Success Manager,C2,NX04430,David Green,"Edinburgh, UK",2022-07-07,Full-Time,12,Office,5936
NX05547,Vikas Meyer,vikas.meyer5547@nexacore.com,IT Support,End-User Computing,IT Manager,T4,NX01112,Tom Liu,"Chennai, India",2013-09-13,Contract,20,Hybrid,1052
NX05548,Nisha Mitchell,nisha.mitchell5548@nexacore.com,Engineering,Platform Engineering,Software Engineer,E2,NX02828,Olivia Kapoor,"London, UK",2023-10-02,Full-Time,16,Office,2897
NX05549,Anita Roth,anita.roth5549@nexacore.com,Engineering,DevOps & SRE,Senior Software Engineer,E3,NX05077,Jaya Lim,"Bangalore, India",2021-11-24,Full-Time,26,Remote,7685
NX05550,Arjun Thomas,arjun.thomas5550@nexacore.com,HR,L&D,HR Generalist,H2,NX02133,Lisa Harris,"San Francisco, US",2022-05-31,Full-Time,24,Office,5805
NX05551,Manish Walker,manish.walker5551@nexacore.com,Data & Analytics,ML & AI,Data Scientist,D3,NX01486,Nora Meier,"Edinburgh, UK",2019-01-11,Contract,19,Office,2386
NX05552,Maria Hughes,maria.hughes5552@nexacore.com,Data & Analytics,Business Intelligence,Senior Data Analyst,D2,NX04607,Karen Lim,"Edinburgh, UK",2022-10-28,Contract,16,Office,5306
NX05553,Rahul Becker,rahul.becker5553@nexacore.com,Engineering,DevOps & SRE,Senior Software Engineer,E3,NX01983,Oliver Davis,"San Francisco, US",2022-01-12,Full-Time,23,Hybrid,4857
NX05554,Vikram Roberts,vikram.roberts5554@nexacore.com,Legal,Corporate Legal,Associate Counsel,L2,NX01295,Pedro Moore,"Boston, US",2020-04-29,Contract,15,Remote,7557
NX05555,Paul Williams,paul.williams5555@nexacore.com,Sales,Enterprise Sales,Sales Manager,S4,NX01296,Priya Patel,"Pune, India",2018-04-02,Contract,18,Office,1593
NX05556,Luka Davis,luka.davis5556@nexacore.com,Engineering,Mobile & Web,Principal Engineer,E5,NX02177,Diego Becker,"Bangalore, India",2013-04-11,Full-Time,26,Office,9625
NX05557,Sara Kaur,sara.kaur5557@nexacore.com,Sales,Sales Operations,Senior Account Executive,S3,NX04019,Amelia Roberts,"Pune, India",2022-03-26,Full-Time,22,Remote,8375
NX05558,Anjali Green,anjali.green5558@nexacore.com,IT Support,End-User Computing,Senior IT Engineer,T3,NX03302,Carlos Nair,"San Francisco, US",2019-09-09,Full-Time,24,Office,4529
NX05559,Arjun Varma,arjun.varma5559@nexacore.com,Operations,Business Operations,Operations Director,O4,NX01551,Patrick Sharma,"Hyderabad, India",2012-07-01,Full-Time,25,Hybrid,6412
NX05560,Samuel Schmidt,samuel.schmidt5560@nexacore.com,Engineering,QA & Testing,Software Engineer,E2,NX03593,Sven Wright,"Bangalore, India",2023-12-20,Full-Time,13,Office,8948
NX05561,Devika Jones,devika.jones5561@nexacore.com,Legal,Corporate Legal,Senior Counsel,L3,NX01908,Sebastian Yamada,"Edinburgh, UK",2014-10-18,Part-Time,20,Hybrid,9632
NX05562,James Nelson,james.nelson5562@nexacore.com,Marketing,Brand & Communications,Marketing Specialist,M2,NX03299,Ananya Shah,"Manchester, UK",2023-03-12,Full-Time,15,Hybrid,8957
NX05563,Shirin Peters,shirin.peters5563@nexacore.com,Engineering,DevOps & SRE,Staff Engineer,E4,NX03641,Lisa Jain,"Frankfurt, Germany",2017-07-15,Contract,29,Hybrid,3107
NX05564,Devika Khan,devika.khan5564@nexacore.com,Operations,Procurement,Operations Analyst,O1,NX01711,Clara Bhatt,"Frankfurt, Germany",2024-10-20,Full-Time,16,Office,6138
NX05565,Neha Zhou,neha.zhou5565@nexacore.com,Finance,Treasury,Finance Manager,F3,NX02167,Lars Smith,"Pune, India",2017-01-11,Full-Time,25,Hybrid,5324
NX05566,Alex Gonzalez,alex.gonzalez5566@nexacore.com,Marketing,Product Marketing,Marketing Director,M4,NX01475,Alejandro Brown,"Boston, US",2015-03-12,Full-Time,31,Office,7177
NX05567,Sarah Moore,sarah.moore5567@nexacore.com,Operations,Facilities,Operations Specialist,O2,NX02075,Zara Scott,"Pune, India",2022-04-13,Full-Time,21,Remote,9944
NX05568,Vikas Naidu,vikas.naidu5568@nexacore.com,Product,Analytics,Senior Product Manager,P3,NX01007,Siddhant Muller,"Bangalore, India",2021-01-30,Contract,13,Office,2289
NX05569,Markus Dubois,markus.dubois5569@nexacore.com,Engineering,QA & Testing,Associate Engineer,E1,NX05498,Ananya Hansen,"Austin, US",2025-03-27,Full-Time,14,Office,5674
NX05570,Anita Varma,anita.varma5570@nexacore.com,Engineering,Mobile & Web,Senior Software Engineer,E3,NX02030,Raj Rao,"Boston, US",2023-03-23,Full-Time,26,Office,8417
NX05571,Elena Meier,elena.meier5571@nexacore.com,Marketing,Product Marketing,Marketing Specialist,M2,NX01888,Henrik Yamada,"Seattle, US",2024-03-22,Full-Time,12,Remote,2044
NX05572,Anna Schmidt,anna.schmidt5572@nexacore.com,HR,L&D,HR Generalist,H2,NX01931,Chris Jensen,"Seattle, US",2024-02-17,Full-Time,17,Remote,1898
NX05573,Shirin Lewis,shirin.lewis5573@nexacore.com,Engineering,Platform Engineering,Principal Engineer,E5,NX01659,Alex Lim,"Austin, US",2015-01-20,Contract,35,Hybrid,4919
NX05574,Sarah Roberts,sarah.roberts5574@nexacore.com,Data & Analytics,Business Intelligence,Senior Data Analyst,D2,NX01357,Sara Wood,"Bangalore, India",2022-01-04,Full-Time,26,Hybrid,1304
NX05575,Patrick Reed,patrick.reed5575@nexacore.com,Marketing,Content & SEO,Marketing Director,M4,NX01388,Tina Das,"Frankfurt, Germany",2016-01-02,Full-Time,24,Hybrid,1481
NX05576,Chen Hansen,chen.hansen5576@nexacore.com,Finance,Accounting,Senior Finance Manager,F4,NX02515,Diego Scott,"New York, US",2013-11-17,Full-Time,20,Office,5988
NX05577,Rahul Jones,rahul.jones5577@nexacore.com,HR,Talent Acquisition,Senior HR Specialist,H3,NX03959,Lucas Roberts,"Frankfurt, Germany",2021-01-29,Full-Time,18,Hybrid,7658
NX05578,Samuel Wood,samuel.wood5578@nexacore.com,Data & Analytics,Data Governance,Data Scientist,D3,NX05330,Nikita Fischer,"Hyderabad, India",2017-09-01,Full-Time,18,Hybrid,7427
NX05579,Jaya Reed,jaya.reed5579@nexacore.com,HR,Talent Acquisition,HR Generalist,H2,NX02709,Kevin Mitchell,"Austin, US",2024-04-05,Full-Time,12,Hybrid,3127
NX05580,Martin Varma,martin.varma5580@nexacore.com,Finance,Treasury,Senior Finance Analyst,F2,NX02006,Ananya Harris,"Boston, US",2023-06-09,Full-Time,16,Office,5535
NX05581,Sven Nguyen,sven.nguyen5581@nexacore.com,Customer Success,Onboarding,Customer Success Manager,C2,NX02440,Tobias Foster,"London, UK",2023-01-11,Full-Time,20,Office,5205
NX05582,Nikita Klein,nikita.klein5582@nexacore.com,Marketing,Brand & Communications,Marketing Specialist,M2,NX04126,Sneha Koch,"Chennai, India",2021-08-10,Full-Time,28,Remote,9861
NX05583,Amelia Clark,amelia.clark5583@nexacore.com,Legal,Employment Law,Legal Analyst,L1,NX02728,Manish Klein,"New York, US",2023-06-24,Contract,20,Office,9726
NX05584,Aisha Bennet,aisha.bennet5584@nexacore.com,Sales,SMB Sales,Sales Manager,S4,NX02655,Kate Patel,"Bangalore, India",2016-08-28,Full-Time,35,Hybrid,5732
NX05585,Oliver Moore,oliver.moore5585@nexacore.com,Sales,Presales,Sales Development Rep,S1,NX03397,Deepa Miller,"Berlin, Germany",2025-04-17,Contract,14,Hybrid,3775
NX05586,Jonas Hansen,jonas.hansen5586@nexacore.com,Engineering,Platform Engineering,Associate Engineer,E1,NX01685,Henrik Wilson,"London, UK",2025-09-04,Full-Time,20,Hybrid,6132
NX05587,Shirin Lim,shirin.lim5587@nexacore.com,Customer Success,Support Engineering,Senior CSM,C3,NX02384,Sarah Bauer,"Chennai, India",2021-01-14,Full-Time,29,Office,3859
NX05588,Sophie Nguyen,sophie.nguyen5588@nexacore.com,Product,Growth,Principal PM,P4,NX01144,Rebecca Koch,"Austin, US",2017-03-03,Full-Time,26,Hybrid,3534
NX05589,Alejandro Das,alejandro.das5589@nexacore.com,IT Support,Security Operations,IT Support Engineer,T2,NX01426,Anita Williams,"Seattle, US",2021-09-13,Full-Time,17,Hybrid,2375
NX05590,Robert White,robert.white5590@nexacore.com,Data & Analytics,Business Intelligence,Senior Data Analyst,D2,NX01216,Lars Sanchez,"Manchester, UK",2022-02-01,Full-Time,29,Remote,4502
NX05591,Ashley Reed,ashley.reed5591@nexacore.com,Marketing,Product Marketing,Marketing Director,M4,NX01475,Alejandro Brown,"Hyderabad, India",2014-11-16,Part-Time,27,Remote,3958
NX05592,Rebecca Mendes,rebecca.mendes5592@nexacore.com,Finance,Accounting,Senior Finance Manager,F4,NX01790,Paola Williams,"San Francisco, US",2011-10-26,Full-Time,24,Remote,5611
NX05593,Ryan Wright,ryan.wright5593@nexacore.com,Legal,Corporate Legal,Legal Analyst,L1,NX02823,Fiona Evans,"Chennai, India",2023-08-31,Part-Time,8,Hybrid,5594
NX05594,Riya Nielsen,riya.nielsen5594@nexacore.com,Data & Analytics,Business Intelligence,Data Scientist,D3,NX01521,Eva Nielsen,"Berlin, Germany",2019-05-19,Full-Time,19,Hybrid,3832
NX05595,Uma Schmidt,uma.schmidt5595@nexacore.com,Sales,Enterprise Sales,Sales Manager,S4,NX03879,Nikita Turner,"Boston, US",2017-03-17,Part-Time,20,Hybrid,5295
NX05596,Haruto Lopez,haruto.lopez5596@nexacore.com,Sales,Presales,Sales Manager,S4,NX01871,Elena Foster,"Chennai, India",2016-07-08,Contract,35,Remote,9134
NX05597,Uma Cruz,uma.cruz5597@nexacore.com,Data & Analytics,Business Intelligence,Senior Data Analyst,D2,NX03765,Anita Nielsen,"Singapore, Singapore",2021-09-11,Full-Time,27,Remote,5011
NX05598,Lars Zhou,lars.zhou5598@nexacore.com,HR,Talent Acquisition,Senior HR Specialist,H3,NX02324,Devika Meier,"Munich, Germany",2019-12-31,Part-Time,11,Hybrid,6198
NX05599,Alec Mendes,alec.mendes5599@nexacore.com,HR,People Operations,Senior HR Specialist,H3,NX02038,Beatrice Perez,"Seattle, US",2019-05-25,Full-Time,27,Hybrid,7843
NX05600,Nora Clark,nora.clark5600@nexacore.com,IT Support,End-User Computing,IT Support Analyst,T1,NX03605,Ashley Khan,"Mumbai, India",2025-06-22,Full-Time,11,Office,8057
NX05601,Chen Davies,chen.davies5601@nexacore.com,Product,Platform,Product Manager,P2,NX05846,Martin Kumar,"Munich, Germany",2021-11-01,Full-Time,22,Remote,1017
NX05602,Karen Dubois,karen.dubois5602@nexacore.com,Engineering,Mobile & Web,Software Engineer,E2,NX03517,Tom Peters,"Seattle, US",2023-08-09,Full-Time,17,Hybrid,5447
NX05603,Deepa Robinson,deepa.robinson5603@nexacore.com,Customer Success,Onboarding,CS Associate,C1,NX05472,Manish Foster,"London, UK",2025-08-07,Full-Time,19,Remote,4452
NX05604,Chen Roth,chen.roth5604@nexacore.com,Operations,Facilities,Senior Operations Mgr,O3,NX01446,Sven Cruz,"Mumbai, India",2021-04-28,Full-Time,21,Office,4095
NX05605,Alex Bhatt,alex.bhatt5605@nexacore.com,IT Support,End-User Computing,Senior IT Engineer,T3,NX01046,Eva Thomas,"Seattle, US",2018-03-14,Part-Time,23,Remote,3606
NX05606,Rafael Foster,rafael.foster5606@nexacore.com,Sales,Enterprise Sales,Sales Manager,S4,NX03431,Anita Peters,"London, UK",2018-02-07,Part-Time,17,Hybrid,7268
NX05607,Ethan Pillai,ethan.pillai5607@nexacore.com,Sales,Sales Operations,Sales Manager,S4,NX02832,Ravi Moore,"Frankfurt, Germany",2017-08-30,Full-Time,21,Office,9951
NX05608,Jonathan Jensen,jonathan.jensen5608@nexacore.com,Product,Growth,Associate PM,P1,NX01128,Isabel Zhang,"Boston, US",2025-05-16,Full-Time,18,Hybrid,2301
NX05609,Zara Pillai,zara.pillai5609@nexacore.com,Engineering,QA & Testing,Senior Software Engineer,E3,NX05079,Clara Meyer,"Manchester, UK",2021-10-13,Full-Time,24,Office,9672
NX05610,Akira Turner,akira.turner5610@nexacore.com,Engineering,QA & Testing,Staff Engineer,E4,NX01550,Rosa Santos,"London, UK",2018-08-27,Full-Time,19,Hybrid,4969
NX05611,Sarah Rao,sarah.rao5611@nexacore.com,Finance,Accounting,Finance Manager,F3,NX04693,Sneha Young,"Bangalore, India",2020-08-13,Part-Time,16,Hybrid,6920
NX05612,Vikas Koch,vikas.koch5612@nexacore.com,Engineering,DevOps & SRE,Senior Software Engineer,E3,NX01225,Nicolas Bauer,"Bangalore, India",2022-09-11,Full-Time,22,Hybrid,6232
NX05613,Paul Singh,paul.singh5613@nexacore.com,Finance,Treasury,Senior Finance Analyst,F2,NX04190,Jessica Wang,"Bangalore, India",2021-09-13,Full-Time,12,Hybrid,9316
NX05614,Sarah Martinez,sarah.martinez5614@nexacore.com,Sales,Presales,Senior Account Executive,S3,NX05032,Paola Kapoor,"London, UK",2020-10-01,Full-Time,27,Office,1566
NX05615,Sven Lopez,sven.lopez5615@nexacore.com,IT Support,Security Operations,IT Support Engineer,T2,NX02366,Sabrina Anderson,"Chennai, India",2022-02-22,Full-Time,28,Hybrid,8581
NX05616,Luka Hoffmann,luka.hoffmann5616@nexacore.com,Customer Success,Onboarding,Customer Success Manager,C2,NX01914,Shirin Thomas,"Edinburgh, UK",2023-06-10,Full-Time,19,Office,3748
NX05617,Ananya Garcia,ananya.garcia5617@nexacore.com,Engineering,Mobile & Web,Staff Engineer,E4,NX02957,Tobias Yamada,"Seattle, US",2019-04-11,Full-Time,32,Hybrid,8926
NX05618,Axel Roberts,axel.roberts5618@nexacore.com,Finance,FP&A,Finance Analyst,F1,NX02274,Rosa Johnson,"Pune, India",2025-01-16,Full-Time,11,Hybrid,7513
NX05619,Tanvi Hall,tanvi.hall5619@nexacore.com,Product,Core Product,Product Manager,P2,NX01596,Jonathan Bhatt,"Edinburgh, UK",2023-06-17,Contract,12,Remote,2352
NX05620,Rahul Murphy,rahul.murphy5620@nexacore.com,Legal,Employment Law,Legal Analyst,L1,NX02141,Jessica Reed,"Berlin, Germany",2024-12-20,Full-Time,16,Office,4602
NX05621,Noah Hall,noah.hall5621@nexacore.com,Legal,IP & Compliance,Legal Analyst,L1,NX01908,Sebastian Yamada,"London, UK",2024-04-27,Full-Time,25,Hybrid,9908
NX05622,Kevin Davis,kevin.davis5622@nexacore.com,Customer Success,Account Management,Customer Success Manager,C2,NX03451,Rohit Moore,"Bangalore, India",2024-11-05,Part-Time,13,Hybrid,9599
NX05623,Jonathan Gupta,jonathan.gupta5623@nexacore.com,Engineering,Platform Engineering,Principal Engineer,E5,NX01008,Alec Hoffmann,"London, UK",2014-12-29,Full-Time,20,Office,5836
NX05624,Arjun Wood,arjun.wood5624@nexacore.com,Customer Success,Renewals,Customer Success Manager,C2,NX03361,Elena Kaur,"Edinburgh, UK",2023-04-09,Part-Time,18,Remote,7189
NX05625,Alex Koch,alex.koch5625@nexacore.com,Operations,Business Operations,Senior Operations Mgr,O3,NX02498,Mira Desai,"Austin, US",2021-05-10,Full-Time,27,Office,5926
NX05626,Pedro Wood,pedro.wood5626@nexacore.com,Sales,Sales Operations,Sales Development Rep,S1,NX03280,Rohit Lim,"Seattle, US",2025-04-18,Full-Time,11,Hybrid,7446
NX05627,Anna Nair,anna.nair5627@nexacore.com,Product,Analytics,Senior Product Manager,P3,NX01831,Alejandro Fischer,"Austin, US",2020-12-04,Full-Time,26,Office,2186
NX05628,Lars Dubois,lars.dubois5628@nexacore.com,Sales,Enterprise Sales,Account Executive,S2,NX03615,Jessica Meyer,"Mumbai, India",2024-02-20,Full-Time,25,Office,9253
NX05629,Lars Perez,lars.perez5629@nexacore.com,HR,Talent Acquisition,HR Generalist,H2,NX02243,Raj Schmidt,"Pune, India",2021-08-21,Part-Time,15,Hybrid,7401
NX05630,Liam Patel,liam.patel5630@nexacore.com,Legal,Employment Law,Associate Counsel,L2,NX04391,Kabir Martinez,"Berlin, Germany",2020-11-11,Part-Time,15,Hybrid,6974
NX05631,Sebastian Sandoval,sebastian.sandoval5631@nexacore.com,Sales,Enterprise Sales,Senior Account Executive,S3,NX03779,Gabriel Jensen,"Austin, US",2022-03-12,Part-Time,9,Hybrid,6246
NX05632,Lisa Zhang,lisa.zhang5632@nexacore.com,Engineering,DevOps & SRE,Staff Engineer,E4,NX03979,Mona Kumar,"Hyderabad, India",2018-03-09,Full-Time,17,Office,4562
NX05633,Stefan Reddy,stefan.reddy5633@nexacore.com,Engineering,Mobile & Web,Software Engineer,E2,NX04271,Jason Price,"Edinburgh, UK",2023-10-01,Full-Time,25,Hybrid,5735
NX05634,Milan Hughes,milan.hughes5634@nexacore.com,Customer Success,Account Management,Customer Success Manager,C2,NX04173,Gaurav Clark,"Seattle, US",2023-04-24,Full-Time,22,Hybrid,1426
NX05635,Siddhant Bhatt,siddhant.bhatt5635@nexacore.com,Finance,FP&A,Senior Finance Manager,F4,NX02515,Diego Scott,"Bangalore, India",2014-06-06,Full-Time,24,Office,6530
NX05636,Lena Nguyen,lena.nguyen5636@nexacore.com,Customer Success,Support Engineering,Customer Success Manager,C2,NX03178,Harry Shah,"San Francisco, US",2021-11-20,Part-Time,8,Office,2464
NX05637,Rosa Hoffmann,rosa.hoffmann5637@nexacore.com,Marketing,Demand Generation,Marketing Specialist,M2,NX02010,Ravi Hoffmann,"London, UK",2021-06-28,Full-Time,25,Hybrid,4314
NX05638,Anita Hansen,anita.hansen5638@nexacore.com,Product,Platform,Product Manager,P2,NX01115,Jonathan Zhang,"Singapore, Singapore",2021-06-13,Full-Time,24,Hybrid,7361
NX05639,Julia Varma,julia.varma5639@nexacore.com,Product,Growth,Senior Product Manager,P3,NX02187,Aisha Sandoval,"Bangalore, India",2017-11-14,Contract,27,Hybrid,1213
NX05640,Yuki Walker,yuki.walker5640@nexacore.com,IT Support,Security Operations,IT Support Analyst,T1,NX04286,Jonas Lewis,"Berlin, Germany",2024-07-14,Part-Time,9,Hybrid,9226
NX05641,Alejandro Kumar,alejandro.kumar5641@nexacore.com,Operations,Facilities,Operations Director,O4,NX01551,Patrick Sharma,"Austin, US",2013-04-12,Full-Time,21,Office,8925
NX05642,Deepa Das,deepa.das5642@nexacore.com,Sales,Enterprise Sales,Sales Manager,S4,NX02983,Tobias Yamada,"Chennai, India",2018-12-28,Full-Time,32,Hybrid,1012
NX05643,Wei Davies,wei.davies5643@nexacore.com,Engineering,DevOps & SRE,Principal Engineer,E5,NX02062,Valentina Scott,"Berlin, Germany",2015-07-19,Full-Time,33,Hybrid,6469
NX05644,Eva Murphy,eva.murphy5644@nexacore.com,Customer Success,Renewals,Customer Success Manager,C2,NX05863,Vikram Fischer,"San Francisco, US",2024-07-16,Part-Time,7,Office,1107
NX05645,Raj Reed,raj.reed5645@nexacore.com,Finance,Treasury,Senior Finance Analyst,F2,NX04377,Shreya Robinson,"Singapore, Singapore",2023-03-28,Part-Time,14,Office,2652
NX05646,Manish Perez,manish.perez5646@nexacore.com,HR,People Operations,HR Generalist,H2,NX05409,Ravi Jensen,"Manchester, UK",2021-12-03,Contract,19,Hybrid,4136
NX05647,Simon Koch,simon.koch5647@nexacore.com,Engineering,Cloud Infrastructure,Senior Software Engineer,E3,NX02080,Mohamed Becker,"London, UK",2021-08-04,Full-Time,17,Hybrid,9820
NX05648,Tanvi White,tanvi.white5648@nexacore.com,Sales,Presales,Account Executive,S2,NX01563,Grace Das,"Austin, US",2022-06-02,Part-Time,10,Office,7320
NX05649,Amelia Jain,amelia.jain5649@nexacore.com,Engineering,Cloud Infrastructure,Staff Engineer,E4,NX02940,James Pillai,"Austin, US",2018-07-18,Part-Time,23,Office,5342
NX05650,Alec Scott,alec.scott5650@nexacore.com,Sales,Sales Operations,Sales Manager,S4,NX02655,Kate Patel,"Mumbai, India",2017-08-31,Part-Time,26,Office,6753
NX05651,Bernd Shah,bernd.shah5651@nexacore.com,IT Support,Security Operations,Senior IT Engineer,T3,NX01772,Lars Williams,"Edinburgh, UK",2019-11-16,Part-Time,22,Remote,4663
NX05652,Anjali Taylor,anjali.taylor5652@nexacore.com,Engineering,Mobile & Web,Senior Software Engineer,E3,NX02544,Riya Thompson,"Frankfurt, Germany",2022-09-21,Full-Time,14,Hybrid,2233
NX05653,Benjamin Meier,benjamin.meier5653@nexacore.com,Legal,Employment Law,Associate Counsel,L2,NX02141,Jessica Reed,"Manchester, UK",2019-11-27,Part-Time,21,Remote,9275
NX05654,Manish Das,manish.das5654@nexacore.com,Finance,Treasury,Finance Manager,F3,NX02663,Sophie Jones,"Chennai, India",2019-03-12,Part-Time,26,Office,8117
NX05655,Henrik Robinson,henrik.robinson5655@nexacore.com,Marketing,Brand & Communications,Senior Marketing Manager,M3,NX01421,Rebecca Chen,"London, UK",2018-08-26,Part-Time,25,Remote,4162
NX05656,Alex Roth,alex.roth5656@nexacore.com,Sales,Enterprise Sales,Senior Account Executive,S3,NX02164,Karan Muller,"Manchester, UK",2021-01-15,Full-Time,25,Remote,5491
NX05657,Jason Muller,jason.muller5657@nexacore.com,Sales,SMB Sales,Sales Development Rep,S1,NX03136,Noah Sharma,"London, UK",2024-12-09,Full-Time,15,Office,9171
NX05658,Sara Scott,sara.scott5658@nexacore.com,IT Support,Security Operations,IT Support Engineer,T2,NX01462,Shirin Pillai,"Austin, US",2024-03-26,Full-Time,17,Office,2541
NX05659,Rosa Patel,rosa.patel5659@nexacore.com,IT Support,IT Operations,Senior IT Engineer,T3,NX05315,Liam Brown,"Chennai, India",2021-05-07,Full-Time,24,Office,1337
NX05660,Rebecca Klein,rebecca.klein5660@nexacore.com,Finance,Treasury,Finance Manager,F3,NX02005,Mohamed Miller,"Boston, US",2019-10-13,Full-Time,21,Office,9655
NX05661,Karl Wilson,karl.wilson5661@nexacore.com,Engineering,Mobile & Web,Staff Engineer,E4,NX01423,Maya Sandoval,"Singapore, Singapore",2020-02-14,Full-Time,28,Hybrid,6498
NX05662,Carlos Murphy,carlos.murphy5662@nexacore.com,Engineering,Cloud Infrastructure,Senior Software Engineer,E3,NX01624,Omar Zhou,"Mumbai, India",2022-08-17,Contract,23,Hybrid,7187
NX05663,Elena Nelson,elena.nelson5663@nexacore.com,Sales,Presales,Sales Manager,S4,NX02966,Paola Kaur,"San Francisco, US",2016-08-11,Full-Time,25,Hybrid,9539
NX05664,Bernd Evans,bernd.evans5664@nexacore.com,Engineering,QA & Testing,Software Engineer,E2,NX02764,Gaurav Brown,"Munich, Germany",2023-09-17,Full-Time,17,Office,2708
NX05665,Sara Wright,sara.wright5665@nexacore.com,Finance,Tax & Compliance,Senior Finance Analyst,F2,NX04693,Sneha Young,"Seattle, US",2022-09-23,Full-Time,23,Office,5970
NX05666,Rajesh Scott,rajesh.scott5666@nexacore.com,Engineering,DevOps & SRE,Senior Software Engineer,E3,NX02662,Aarav Brown,"Singapore, Singapore",2022-02-05,Full-Time,27,Hybrid,8809
NX05667,Paola Clark,paola.clark5667@nexacore.com,Sales,Presales,Sales Manager,S4,NX03957,Pedro Schmidt,"Pune, India",2019-03-19,Full-Time,18,Hybrid,5867
NX05668,Mona Kaur,mona.kaur5668@nexacore.com,Customer Success,Renewals,CS Director,C4,NX02120,Aarav Perez,"Bangalore, India",2017-02-11,Part-Time,30,Remote,6807
NX05669,Samuel Kaur,samuel.kaur5669@nexacore.com,Engineering,Mobile & Web,Senior Software Engineer,E3,NX02850,Antoine Nair,"Singapore, Singapore",2022-01-21,Full-Time,12,Office,8530
NX05670,Valentina Kumar,valentina.kumar5670@nexacore.com,Engineering,Platform Engineering,Software Engineer,E2,NX03258,Anjali Smith,"Austin, US",2023-06-27,Contract,11,Remote,8138
NX05671,Andrea Philips,andrea.philips5671@nexacore.com,Sales,SMB Sales,Account Executive,S2,NX02821,Tanvi Muller,"San Francisco, US",2023-03-10,Full-Time,23,Office,5196
NX05672,Omar Evans,omar.evans5672@nexacore.com,Sales,Sales Operations,Senior Account Executive,S3,NX02844,Sneha Garcia,"Pune, India",2019-06-13,Full-Time,22,Hybrid,5068
NX05673,Michael Davis,michael.davis5673@nexacore.com,Operations,Procurement,Operations Specialist,O2,NX02113,Tina Williams,"Berlin, Germany",2022-12-25,Part-Time,14,Hybrid,2617
NX05674,Carlos Smith,carlos.smith5674@nexacore.com,Engineering,QA & Testing,Software Engineer,E2,NX02171,Paola Lim,"Pune, India",2024-08-08,Full-Time,11,Remote,8577
NX05675,Jonathan Ross,jonathan.ross5675@nexacore.com,Operations,Supply Chain,Senior Operations Mgr,O3,NX01234,Kabir Dubois,"New York, US",2017-05-06,Contract,25,Office,9516
NX05676,Kiara Klein,kiara.klein5676@nexacore.com,Legal,Employment Law,Legal Analyst,L1,NX04030,Lucas Das,"Bangalore, India",2024-05-07,Part-Time,15,Hybrid,3219
NX05677,Sara Petrov,sara.petrov5677@nexacore.com,IT Support,Security Operations,Senior IT Engineer,T3,NX05094,Lars Anderson,"Pune, India",2019-09-08,Full-Time,27,Office,1073
NX05678,Bernd Varma,bernd.varma5678@nexacore.com,Engineering,DevOps & SRE,Senior Software Engineer,E3,NX02438,Akira Taylor,"Boston, US",2020-06-28,Full-Time,23,Office,1229
NX05679,Vikram Anderson,vikram.anderson5679@nexacore.com,Customer Success,Account Management,Senior CSM,C3,NX03612,Ayesha Davis,"Bangalore, India",2018-08-11,Contract,17,Office,1732
NX05680,Ravi Kaur,ravi.kaur5680@nexacore.com,HR,Talent Acquisition,Senior HR Specialist,H3,NX01706,Ayesha Foster,"Edinburgh, UK",2018-05-31,Full-Time,31,Office,5015
NX05681,Siddhant Murphy,siddhant.murphy5681@nexacore.com,Product,Platform,Senior Product Manager,P3,NX02213,Paul Ross,"London, UK",2019-09-30,Full-Time,19,Office,3121
NX05682,Vikram Bauer,vikram.bauer5682@nexacore.com,Engineering,Cloud Infrastructure,Senior Software Engineer,E3,NX04171,Maya Rodriguez,"Austin, US",2022-11-24,Contract,14,Office,1716
NX05683,Akira Robinson,akira.robinson5683@nexacore.com,Operations,Supply Chain,Operations Analyst,O1,NX02233,Chen Liu,"Manchester, UK",2025-06-01,Contract,22,Office,9612
NX05684,Uma Bauer,uma.bauer5684@nexacore.com,Marketing,Brand & Communications,Marketing Specialist,M2,NX01421,Rebecca Chen,"Austin, US",2022-10-18,Full-Time,13,Hybrid,9815
NX05685,Fiona Roberts,fiona.roberts5685@nexacore.com,Finance,Treasury,Finance Manager,F3,NX02432,Lena Price,"Singapore, Singapore",2019-11-05,Part-Time,13,Office,3532
NX05686,Anita Yamada,anita.yamada5686@nexacore.com,HR,People Operations,HR Coordinator,H1,NX05409,Ravi Jensen,"Bangalore, India",2024-12-11,Full-Time,15,Hybrid,2024
NX05687,Rosa Roth,rosa.roth5687@nexacore.com,Sales,SMB Sales,Senior Account Executive,S3,NX03068,Elena Mendes,"New York, US",2020-04-27,Full-Time,21,Remote,3741
NX05688,Chris Meier,chris.meier5688@nexacore.com,Engineering,Mobile & Web,Associate Engineer,E1,NX01013,Michael Zhou,"Hyderabad, India",2024-11-25,Full-Time,15,Remote,1974
NX05689,Sarah Anderson,sarah.anderson5689@nexacore.com,HR,People Operations,Senior HR Specialist,H3,NX03559,Rebecca Singh,"Munich, Germany",2020-01-04,Part-Time,11,Hybrid,6050
NX05690,Fiona Thomas,fiona.thomas5690@nexacore.com,Data & Analytics,Data Governance,Data Scientist,D3,NX04350,Maria Jensen,"San Francisco, US",2018-02-11,Full-Time,26,Office,3744
NX05691,Rafael Harris,rafael.harris5691@nexacore.com,Operations,Procurement,Operations Specialist,O2,NX02802,Linda Varma,"Seattle, US",2022-08-24,Contract,26,Hybrid,3306
NX05692,Kabir Johnson,kabir.johnson5692@nexacore.com,Data & Analytics,ML & AI,Senior Data Analyst,D2,NX05192,Nisha Hughes,"Manchester, UK",2022-08-06,Contract,23,Office,9445
NX05693,Jonathan Kaur,jonathan.kaur5693@nexacore.com,Marketing,Content & SEO,Senior Marketing Manager,M3,NX01108,Gabriel White,"San Francisco, US",2017-05-29,Part-Time,17,Office,2337
NX05694,Alex Martin,alex.martin5694@nexacore.com,Engineering,Mobile & Web,Associate Engineer,E1,NX04893,Julia Cruz,"Frankfurt, Germany",2025-07-25,Full-Time,19,Hybrid,7707
NX05695,Beatrice Khan,beatrice.khan5695@nexacore.com,Engineering,QA & Testing,Senior Software Engineer,E3,NX02916,Olivia Shah,"Mumbai, India",2023-01-24,Part-Time,11,Office,6369
NX05696,Freya Taylor,freya.taylor5696@nexacore.com,Customer Success,Onboarding,Senior CSM,C3,NX04048,Samuel Muller,"New York, US",2017-12-02,Full-Time,32,Office,5502
NX05697,Neha Kaur,neha.kaur5697@nexacore.com,Engineering,QA & Testing,Principal Engineer,E5,NX01312,Eva Lim,"Hyderabad, India",2014-05-28,Full-Time,32,Office,8753
NX05698,Gabriel Price,gabriel.price5698@nexacore.com,Finance,Tax & Compliance,Finance Manager,F3,NX01050,Karen Meyer,"London, UK",2020-11-18,Contract,23,Hybrid,5218
NX05699,Ananya Brown,ananya.brown5699@nexacore.com,Customer Success,Account Management,CS Director,C4,NX01817,Maya Lewis,"Berlin, Germany",2015-07-18,Full-Time,23,Office,6678
NX05700,Zara Becker,zara.becker5700@nexacore.com,Product,Analytics,Senior Product Manager,P3,NX01855,Deepa Lim,"New York, US",2020-08-23,Full-Time,31,Hybrid,6824
NX05701,Shirin Becker,shirin.becker5701@nexacore.com,Engineering,Platform Engineering,Principal Engineer,E5,NX01433,Hannah Clark,"Frankfurt, Germany",2014-01-07,Full-Time,25,Hybrid,8313
NX05702,Mohamed Varma,mohamed.varma5702@nexacore.com,Engineering,Cloud Infrastructure,Principal Engineer,E5,NX01229,Noah Nelson,"Chennai, India",2012-05-30,Full-Time,24,Hybrid,7908
NX05703,Tobias Bennet,tobias.bennet5703@nexacore.com,Data & Analytics,ML & AI,Data Analyst,D1,NX04350,Maria Jensen,"Berlin, Germany",2025-09-20,Contract,16,Remote,2822
NX05704,Deepa Zhou,deepa.zhou5704@nexacore.com,Product,Growth,Senior Product Manager,P3,NX02547,Jana Rodriguez,"Edinburgh, UK",2018-12-31,Full-Time,26,Hybrid,8921
NX05705,Amrita Anderson,amrita.anderson5705@nexacore.com,Product,Growth,Senior Product Manager,P3,NX01912,Eva Nelson,"Manchester, UK",2019-02-17,Full-Time,21,Office,3277
NX05706,Maya Walker,maya.walker5706@nexacore.com,Customer Success,Support Engineering,CS Director,C4,NX01954,Lisa Walker,"Berlin, Germany",2014-10-26,Full-Time,20,Office,8939
NX05707,Freya Klein,freya.klein5707@nexacore.com,Engineering,QA & Testing,Senior Software Engineer,E3,NX03132,Sophie Hughes,"Frankfurt, Germany",2021-09-03,Full-Time,28,Hybrid,9706
NX05708,Jessica Liu,jessica.liu5708@nexacore.com,Operations,Procurement,Senior Operations Mgr,O3,NX01546,Amara Lim,"Chennai, India",2020-02-18,Part-Time,15,Office,2548
NX05709,Anjali Bhatt,anjali.bhatt5709@nexacore.com,Engineering,DevOps & SRE,Senior Software Engineer,E3,NX02412,Samuel Lee,"Austin, US",2021-08-13,Full-Time,27,Remote,9272
NX05710,Akira Kaur,akira.kaur5710@nexacore.com,Marketing,Demand Generation,Marketing Specialist,M2,NX04593,Anita Brown,"Mumbai, India",2024-03-21,Part-Time,11,Hybrid,8810
NX05711,Noah Nielsen,noah.nielsen5711@nexacore.com,Engineering,Cloud Infrastructure,Staff Engineer,E4,NX01052,Liam Liu,"San Francisco, US",2017-12-27,Full-Time,30,Office,9212
NX05712,Sophie Meyer,sophie.meyer5712@nexacore.com,Engineering,Mobile & Web,Senior Software Engineer,E3,NX02909,Milan Fischer,"Munich, Germany",2022-08-04,Full-Time,17,Remote,9338
NX05713,Riya Rodriguez,riya.rodriguez5713@nexacore.com,Sales,Sales Operations,Sales Development Rep,S1,NX02422,Kate Mendes,"Edinburgh, UK",2025-06-05,Contract,17,Hybrid,7299
NX05714,Leo Pillai,leo.pillai5714@nexacore.com,Engineering,DevOps & SRE,Senior Software Engineer,E3,NX05968,Ayesha Kumar,"Singapore, Singapore",2022-02-20,Full-Time,13,Remote,8749
NX05715,Chris Jain,chris.jain5715@nexacore.com,Sales,Enterprise Sales,Account Executive,S2,NX04019,Amelia Roberts,"Mumbai, India",2022-09-13,Full-Time,15,Hybrid,5342
NX05716,Nisha Jones,nisha.jones5716@nexacore.com,IT Support,End-User Computing,Senior IT Engineer,T3,NX01772,Lars Williams,"Boston, US",2021-03-07,Full-Time,13,Office,5350
NX05717,Uma Klein,uma.klein5717@nexacore.com,Sales,Sales Operations,Sales Manager,S4,NX02677,Ashley Hansen,"Munich, Germany",2017-04-25,Full-Time,26,Hybrid,7092
NX05718,Amrita Liu,amrita.liu5718@nexacore.com,Legal,Employment Law,Associate Counsel,L2,NX01908,Sebastian Yamada,"Edinburgh, UK",2021-06-01,Full-Time,21,Hybrid,2735
NX05719,Antoine Rao,antoine.rao5719@nexacore.com,Engineering,Platform Engineering,Software Engineer,E2,NX01529,Sara Pillai,"Edinburgh, UK",2023-11-09,Part-Time,9,Hybrid,6963
NX05720,Nora Lim,nora.lim5720@nexacore.com,Operations,Facilities,Senior Operations Mgr,O3,NX05326,Anjali Philips,"New York, US",2021-01-12,Full-Time,25,Office,5032
NX05721,Eva Klein,eva.klein5721@nexacore.com,Engineering,Platform Engineering,Software Engineer,E2,NX04441,Nora Price,"Munich, Germany",2024-09-22,Full-Time,23,Remote,2768
NX05722,Paul Nelson,paul.nelson5722@nexacore.com,Sales,Presales,Sales Development Rep,S1,NX02018,Amara Perez,"Boston, US",2025-02-08,Full-Time,15,Office,1041
NX05723,Vikas Liu,vikas.liu5723@nexacore.com,Operations,Business Operations,Operations Specialist,O2,NX05989,Anita Kim,"Munich, Germany",2023-09-04,Full-Time,17,Hybrid,8705
NX05724,Kiara Schmidt,kiara.schmidt5724@nexacore.com,Engineering,Cloud Infrastructure,Staff Engineer,E4,NX03222,Linda Desai,"Boston, US",2019-01-22,Full-Time,18,Office,4477
NX05725,Tom Murphy,tom.murphy5725@nexacore.com,Engineering,Platform Engineering,Software Engineer,E2,NX02171,Paola Lim,"Edinburgh, UK",2024-08-29,Part-Time,6,Remote,8872
NX05726,Shreya Miller,shreya.miller5726@nexacore.com,IT Support,IT Operations,IT Support Analyst,T1,NX01898,Nora White,"London, UK",2025-01-20,Contract,20,Remote,2331
NX05727,Robert Singh,robert.singh5727@nexacore.com,Customer Success,Support Engineering,CS Director,C4,NX01608,David Kumar,"New York, US",2015-09-12,Part-Time,14,Hybrid,1594
NX05728,Amara Lim,amara.lim5728@nexacore.com,Operations,Business Operations,Operations Analyst,O1,NX01377,James Petrov,"Hyderabad, India",2025-07-24,Full-Time,10,Office,9029
NX05729,Markus Chakraborty,markus.chakraborty5729@nexacore.com,Engineering,Cloud Infrastructure,Senior Software Engineer,E3,NX01528,Carlos Das,"Boston, US",2022-06-12,Full-Time,13,Office,7937
NX05730,Mohamed Mendes,mohamed.mendes5730@nexacore.com,Operations,Supply Chain,Operations Analyst,O1,NX05148,Blake Roth,"New York, US",2024-09-26,Full-Time,16,Office,9493
NX05731,Karan Nguyen,karan.nguyen5731@nexacore.com,Engineering,Cloud Infrastructure,Staff Engineer,E4,NX04896,Liam Martinez,"Pune, India",2019-03-01,Contract,17,Remote,6030
NX05732,Chen Green,chen.green5732@nexacore.com,Finance,Accounting,Finance Manager,F3,NX01896,Lena Nair,"Seattle, US",2018-11-02,Full-Time,30,Office,7058
NX05733,Valentina Chakraborty,valentina.chakraborty5733@nexacore.com,IT Support,Security Operations,IT Support Engineer,T2,NX02338,Clara Hall,"New York, US",2022-11-18,Full-Time,25,Hybrid,2665
NX05734,Priya Gupta,priya.gupta5734@nexacore.com,Product,Analytics,Associate PM,P1,NX01555,Priya Klein,"Seattle, US",2024-07-27,Full-Time,19,Hybrid,3057
NX05735,Usha Muller,usha.muller5735@nexacore.com,Operations,Business Operations,Operations Analyst,O1,NX02113,Tina Williams,"Chennai, India",2025-01-30,Full-Time,22,Remote,8613
NX05736,Lars Singh,lars.singh5736@nexacore.com,Product,Core Product,Associate PM,P1,NX05178,Ravi Johnson,"Chennai, India",2024-10-22,Contract,17,Remote,1047
NX05737,Sven Miller,sven.miller5737@nexacore.com,Engineering,Cloud Infrastructure,Software Engineer,E2,NX05854,Maria Sharma,"Boston, US",2023-10-10,Full-Time,12,Hybrid,1033
NX05738,Haruto Taylor,haruto.taylor5738@nexacore.com,Product,Analytics,Product Manager,P2,NX02547,Jana Rodriguez,"San Francisco, US",2022-07-02,Full-Time,25,Remote,7610
NX05739,Harry Sandoval,harry.sandoval5739@nexacore.com,Operations,Procurement,Operations Specialist,O2,NX02414,Anjali Varma,"Mumbai, India",2024-03-28,Full-Time,23,Hybrid,5407
NX05740,Kabir Martin,kabir.martin5740@nexacore.com,IT Support,End-User Computing,IT Support Engineer,T2,NX03856,Linda Desai,"Frankfurt, Germany",2023-11-13,Full-Time,14,Remote,1713
NX05741,Lena Wilson,lena.wilson5741@nexacore.com,Finance,Tax & Compliance,Finance Analyst,F1,NX04377,Shreya Robinson,"Manchester, UK",2025-01-19,Full-Time,11,Office,3321
NX05742,Kate Liu,kate.liu5742@nexacore.com,Data & Analytics,ML & AI,Senior Data Analyst,D2,NX01255,Daniel Walker,"Frankfurt, Germany",2023-05-13,Full-Time,17,Hybrid,6901
NX05743,Karl Brown,karl.brown5743@nexacore.com,Engineering,DevOps & SRE,Staff Engineer,E4,NX02316,Robert Yamada,"Hyderabad, India",2020-02-07,Full-Time,25,Hybrid,6989
NX05744,Wei Schmidt,wei.schmidt5744@nexacore.com,HR,People Operations,HR Generalist,H2,NX05857,Haruto Varma,"Frankfurt, Germany",2024-02-20,Full-Time,24,Remote,9299
NX05745,Tanvi Bhatt,tanvi.bhatt5745@nexacore.com,Product,Platform,Product Manager,P2,NX01451,Pankaj Kim,"Berlin, Germany",2023-08-31,Contract,14,Remote,6860
NX05746,Rajesh Johnson,rajesh.johnson5746@nexacore.com,Sales,Sales Operations,Senior Account Executive,S3,NX03702,Martin Foster,"Hyderabad, India",2020-08-20,Contract,25,Hybrid,8188
NX05747,Markus Reddy,markus.reddy5747@nexacore.com,Engineering,DevOps & SRE,Staff Engineer,E4,NX05854,Maria Sharma,"Mumbai, India",2018-10-24,Full-Time,29,Hybrid,4316
NX05748,Vikram Anderson,vikram.anderson5748@nexacore.com,Sales,Presales,Senior Account Executive,S3,NX04692,Thomas Reed,"Chennai, India",2022-04-13,Full-Time,20,Remote,1164
NX05749,Martin Kapoor,martin.kapoor5749@nexacore.com,Marketing,Content & SEO,Marketing Specialist,M2,NX02252,Vikas Koch,"Manchester, UK",2021-09-07,Full-Time,29,Hybrid,6458
NX05750,Riya Turner,riya.turner5750@nexacore.com,Product,Analytics,Senior Product Manager,P3,NX03497,Tobias White,"Manchester, UK",2020-03-29,Full-Time,32,Office,7516
NX05751,Mohamed Reed,mohamed.reed5751@nexacore.com,Engineering,DevOps & SRE,Staff Engineer,E4,NX02171,Paola Lim,"Frankfurt, Germany",2018-11-21,Part-Time,20,Remote,3772
NX05752,Manish Hall,manish.hall5752@nexacore.com,IT Support,End-User Computing,IT Support Analyst,T1,NX01966,Beatrice Clark,"Seattle, US",2024-12-31,Full-Time,12,Hybrid,2049
NX05753,Carlos Bhatt,carlos.bhatt5753@nexacore.com,Sales,Presales,Sales Manager,S4,NX02838,Karan Davis,"Frankfurt, Germany",2016-11-03,Full-Time,28,Remote,6568
NX05754,Axel Young,axel.young5754@nexacore.com,HR,Talent Acquisition,Senior HR Specialist,H3,NX01382,Sofia Yamada,"Boston, US",2017-01-20,Part-Time,26,Hybrid,9971
NX05755,Raj Davis,raj.davis5755@nexacore.com,Finance,Accounting,Finance Manager,F3,NX01483,Kate Miller,"Chennai, India",2020-09-07,Full-Time,28,Hybrid,5416
NX05756,Aarav White,aarav.white5756@nexacore.com,Engineering,Cloud Infrastructure,Software Engineer,E2,NX03018,Nikita Das,"Boston, US",2024-05-07,Full-Time,21,Hybrid,3798
NX05757,Luka Johnson,luka.johnson5757@nexacore.com,Finance,FP&A,Senior Finance Analyst,F2,NX03813,Kabir Williams,"Chennai, India",2024-05-08,Full-Time,24,Remote,1247
NX05758,Alex Davies,alex.davies5758@nexacore.com,Finance,Accounting,Senior Finance Manager,F4,NX01847,Markus Jensen,"Chennai, India",2014-11-22,Full-Time,18,Office,3639
NX05759,Lena Thomas,lena.thomas5759@nexacore.com,Operations,Business Operations,Senior Operations Mgr,O3,NX05920,Ashley Murphy,"London, UK",2020-05-08,Full-Time,15,Remote,2570
NX05760,Karen Liu,karen.liu5760@nexacore.com,IT Support,End-User Computing,IT Manager,T4,NX01621,Hannah Lim,"New York, US",2013-09-20,Contract,20,Hybrid,7731
NX05761,Henrik Sandoval,henrik.sandoval5761@nexacore.com,Data & Analytics,ML & AI,Data Scientist,D3,NX05891,Vikas Williams,"Singapore, Singapore",2018-07-15,Full-Time,23,Office,5683
NX05762,Anjali Zhang,anjali.zhang5762@nexacore.com,Sales,Presales,Account Executive,S2,NX02821,Tanvi Muller,"Munich, Germany",2023-10-07,Contract,17,Hybrid,1056
NX05763,Ishan Anderson,ishan.anderson5763@nexacore.com,Customer Success,Renewals,Customer Success Manager,C2,NX03843,Harry Schmidt,"Mumbai, India",2022-03-20,Contract,22,Hybrid,7172
NX05764,Anjali Evans,anjali.evans5764@nexacore.com,Operations,Procurement,Operations Director,O4,NX02179,Michael Wright,"San Francisco, US",2013-11-03,Full-Time,20,Remote,3684
NX05765,Rohit Chen,rohit.chen5765@nexacore.com,Product,Analytics,Senior Product Manager,P3,NX02576,Oliver Smith,"San Francisco, US",2020-05-11,Full-Time,23,Hybrid,9932
NX05766,Sneha Weber,sneha.weber5766@nexacore.com,Product,Analytics,Senior Product Manager,P3,NX04650,Oliver Sanchez,"Munich, Germany",2018-09-17,Full-Time,26,Office,4182
NX05767,Tobias Garcia,tobias.garcia5767@nexacore.com,Customer Success,Onboarding,Senior CSM,C3,NX02387,Ayesha Johnson,"Seattle, US",2020-04-19,Full-Time,28,Hybrid,3631
NX05768,Wei Jain,wei.jain5768@nexacore.com,Engineering,Cloud Infrastructure,Software Engineer,E2,NX03097,Markus Price,"Singapore, Singapore",2023-10-30,Part-Time,11,Hybrid,3893
NX05769,Gabriel Hughes,gabriel.hughes5769@nexacore.com,Sales,Sales Operations,Senior Account Executive,S3,NX04675,Kevin Murphy,"Bangalore, India",2021-06-03,Full-Time,13,Hybrid,5772
NX05770,Ananya Williams,ananya.williams5770@nexacore.com,IT Support,Security Operations,IT Support Analyst,T1,NX01898,Nora White,"Pune, India",2024-11-12,Full-Time,18,Hybrid,3628
NX05771,Henrik Sandoval,henrik.sandoval5771@nexacore.com,Engineering,Cloud Infrastructure,Senior Software Engineer,E3,NX02194,Daniel Williams,"Seattle, US",2021-10-31,Full-Time,13,Office,4612
NX05772,Kabir Wang,kabir.wang5772@nexacore.com,Product,Platform,Principal PM,P4,NX05503,William Brown,"Mumbai, India",2015-08-02,Full-Time,29,Office,4221
NX05773,Shreya Kim,shreya.kim5773@nexacore.com,Operations,Supply Chain,Senior Operations Mgr,O3,NX05092,Ashley Wood,"Manchester, UK",2020-09-07,Full-Time,24,Hybrid,4395
NX05774,Vikas Nguyen,vikas.nguyen5774@nexacore.com,Engineering,QA & Testing,Staff Engineer,E4,NX02796,Alec Robinson,"Manchester, UK",2018-08-02,Contract,35,Hybrid,6576
NX05775,Kate Young,kate.young5775@nexacore.com,Finance,FP&A,Senior Finance Analyst,F2,NX05592,Rebecca Mendes,"Seattle, US",2021-05-27,Full-Time,20,Office,1969
NX05776,Uma Wang,uma.wang5776@nexacore.com,Data & Analytics,Business Intelligence,Senior Data Analyst,D2,NX05303,Rosa Wright,"Manchester, UK",2023-08-18,Full-Time,19,Hybrid,1229
NX05777,Aditi Peters,aditi.peters5777@nexacore.com,Operations,Supply Chain,Operations Specialist,O2,NX01446,Sven Cruz,"Berlin, Germany",2021-10-27,Full-Time,20,Office,9240
NX05778,Markus Mitchell,markus.mitchell5778@nexacore.com,Operations,Procurement,Senior Operations Mgr,O3,NX04482,Chen Petrov,"Boston, US",2019-11-15,Full-Time,28,Remote,2605
NX05779,Leo Robinson,leo.robinson5779@nexacore.com,IT Support,End-User Computing,Senior IT Engineer,T3,NX02767,Anna Shah,"Manchester, UK",2016-06-21,Part-Time,13,Office,7242
NX05780,Diego Thompson,diego.thompson5780@nexacore.com,IT Support,End-User Computing,Senior IT Engineer,T3,NX02218,Sofia Philips,"Munich, Germany",2018-06-05,Part-Time,24,Hybrid,7045
NX05781,Lena Sharma,lena.sharma5781@nexacore.com,Engineering,Platform Engineering,Associate Engineer,E1,NX02803,Ayesha Davies,"Pune, India",2024-12-11,Part-Time,9,Remote,6817
NX05782,Riya Gupta,riya.gupta5782@nexacore.com,Data & Analytics,ML & AI,Data Scientist,D3,NX01486,Nora Meier,"Hyderabad, India",2019-07-11,Full-Time,20,Office,9313
NX05783,Alex Smith,alex.smith5783@nexacore.com,Product,Platform,Senior Product Manager,P3,NX04056,Stefan Young,"Mumbai, India",2020-07-23,Part-Time,15,Hybrid,1580
NX05784,Kevin Harris,kevin.harris5784@nexacore.com,HR,HR Business Partnering,Senior HR Specialist,H3,NX04420,Sara Meier,"Seattle, US",2016-12-12,Full-Time,29,Hybrid,3553
NX05785,Alex Nair,alex.nair5785@nexacore.com,Sales,Sales Operations,Account Executive,S2,NX02966,Paola Kaur,"Seattle, US",2023-08-28,Part-Time,15,Remote,5832
NX05786,Jonathan Kumar,jonathan.kumar5786@nexacore.com,Engineering,Platform Engineering,Senior Software Engineer,E3,NX03258,Anjali Smith,"San Francisco, US",2022-08-16,Full-Time,19,Hybrid,4114
NX05787,Daniel Brown,daniel.brown5787@nexacore.com,Engineering,QA & Testing,Staff Engineer,E4,NX05702,Mohamed Varma,"Hyderabad, India",2016-12-02,Full-Time,18,Remote,5054
NX05788,Amara Shah,amara.shah5788@nexacore.com,Sales,Sales Operations,Sales Manager,S4,NX03397,Deepa Miller,"Austin, US",2018-06-03,Part-Time,23,Hybrid,6954
NX05789,Gabriel Wood,gabriel.wood5789@nexacore.com,Customer Success,Renewals,Customer Success Manager,C2,NX01265,William Schmidt,"Seattle, US",2023-03-12,Contract,13,Office,2011
NX05790,Sabrina Nelson,sabrina.nelson5790@nexacore.com,Product,Analytics,Senior Product Manager,P3,NX02106,Usha Bhatt,"Boston, US",2021-03-02,Full-Time,24,Hybrid,1606
NX05791,Simon Thomas,simon.thomas5791@nexacore.com,HR,Talent Acquisition,Senior HR Specialist,H3,NX02709,Kevin Mitchell,"Munich, Germany",2018-07-21,Contract,33,Hybrid,1600
NX05792,Chen Fischer,chen.fischer5792@nexacore.com,Operations,Facilities,Operations Specialist,O2,NX05641,Alejandro Kumar,"Boston, US",2022-06-02,Contract,20,Hybrid,3110
NX05793,Carlos Desai,carlos.desai5793@nexacore.com,Sales,Presales,Senior Account Executive,S3,NX05032,Paola Kapoor,"Boston, US",2019-08-23,Part-Time,20,Office,5197
NX05794,Arjun Carter,arjun.carter5794@nexacore.com,Engineering,Platform Engineering,Software Engineer,E2,NX01505,Karan Hoffmann,"Munich, Germany",2023-12-12,Full-Time,16,Remote,3834
NX05795,Amara Klein,amara.klein5795@nexacore.com,Data & Analytics,Business Intelligence,Senior Data Analyst,D2,NX04526,Rahul Varma,"Bangalore, India",2023-02-04,Part-Time,14,Office,2402
NX05796,Devika Clark,devika.clark5796@nexacore.com,Data & Analytics,Data Engineering,Lead Data Scientist,D4,NX03028,Kate Roth,"Munich, Germany",2016-10-29,Full-Time,29,Remote,2229
NX05797,Amara Martin,amara.martin5797@nexacore.com,Engineering,Mobile & Web,Senior Software Engineer,E3,NX05623,Jonathan Gupta,"Bangalore, India",2022-07-01,Full-Time,11,Hybrid,8466
NX05798,Mira Bhatt,mira.bhatt5798@nexacore.com,Data & Analytics,Data Governance,Senior Data Analyst,D2,NX03765,Anita Nielsen,"Berlin, Germany",2021-09-29,Full-Time,18,Office,2896
NX05799,Leo Desai,leo.desai5799@nexacore.com,Product,Platform,Principal PM,P4,NX01144,Rebecca Koch,"Singapore, Singapore",2014-11-28,Full-Time,23,Hybrid,1344
NX05800,Nora Dubois,nora.dubois5800@nexacore.com,HR,L&D,HR Coordinator,H1,NX02401,William Moore,"Chennai, India",2025-02-12,Full-Time,22,Office,6615
NX05801,Kabir Roberts,kabir.roberts5801@nexacore.com,Sales,Presales,Account Executive,S2,NX02723,Olivia Naidu,"Pune, India",2024-06-22,Full-Time,12,Hybrid,8117
NX05802,Hannah Williams,hannah.williams5802@nexacore.com,Data & Analytics,Data Governance,Data Scientist,D3,NX03092,Rebecca Hansen,"Pune, India",2018-05-02,Full-Time,29,Hybrid,5313
NX05803,Chris Bhatt,chris.bhatt5803@nexacore.com,Engineering,DevOps & SRE,Principal Engineer,E5,NX02014,Luka Thompson,"Pune, India",2014-02-08,Part-Time,27,Office,9174
NX05804,Henrik Lewis,henrik.lewis5804@nexacore.com,HR,L&D,HR Coordinator,H1,NX05343,Nora Desai,"San Francisco, US",2025-04-24,Full-Time,16,Remote,2218
NX05805,Henrik Foster,henrik.foster5805@nexacore.com,Product,Core Product,Senior Product Manager,P3,NX03497,Tobias White,"Munich, Germany",2018-07-30,Full-Time,26,Hybrid,6257
NX05806,Harry Kumar,harry.kumar5806@nexacore.com,Legal,Corporate Legal,Senior Counsel,L3,NX03929,Maria Chen,"Singapore, Singapore",2017-09-28,Full-Time,22,Remote,3102
NX05807,Mira Zhang,mira.zhang5807@nexacore.com,Customer Success,Account Management,Customer Success Manager,C2,NX04430,David Green,"Austin, US",2024-08-29,Full-Time,14,Hybrid,4892
NX05808,Ashley Sandoval,ashley.sandoval5808@nexacore.com,Product,Core Product,Senior Product Manager,P3,NX01791,Antoine Bennet,"Seattle, US",2017-06-11,Full-Time,19,Hybrid,2872
NX05809,Gaurav Williams,gaurav.williams5809@nexacore.com,Marketing,Content & SEO,Senior Marketing Manager,M3,NX04421,Rebecca Peters,"Pune, India",2019-06-17,Contract,28,Hybrid,9459
NX05810,Vikas Nguyen,vikas.nguyen5810@nexacore.com,Marketing,Product Marketing,Senior Marketing Manager,M3,NX02536,Markus Meyer,"Hyderabad, India",2020-04-07,Full-Time,25,Remote,3457
NX05811,Olivia Kaur,olivia.kaur5811@nexacore.com,Marketing,Demand Generation,Senior Marketing Manager,M3,NX01145,Tanvi Turner,"Boston, US",2017-04-28,Part-Time,18,Hybrid,7985
NX05812,Laura Smith,laura.smith5812@nexacore.com,Data & Analytics,Business Intelligence,Lead Data Scientist,D4,NX02580,Oliver Moore,"Frankfurt, Germany",2014-11-29,Full-Time,23,Office,8165
NX05813,Lisa Robinson,lisa.robinson5813@nexacore.com,Product,Core Product,Associate PM,P1,NX02106,Usha Bhatt,"Hyderabad, India",2024-11-11,Full-Time,21,Hybrid,3222
NX05814,Simon Foster,simon.foster5814@nexacore.com,Data & Analytics,ML & AI,Senior Data Analyst,D2,NX04553,Jonas Brown,"San Francisco, US",2021-12-10,Full-Time,14,Remote,9464
NX05815,Karen Thomas,karen.thomas5815@nexacore.com,IT Support,IT Operations,IT Support Analyst,T1,NX01720,Lena Ross,"Munich, Germany",2024-12-05,Full-Time,23,Office,9366
NX05816,Diego Kapoor,diego.kapoor5816@nexacore.com,Customer Success,Onboarding,Senior CSM,C3,NX03062,Lucas Jones,"Singapore, Singapore",2019-11-13,Contract,26,Hybrid,4129
NX05817,Bernd Martinez,bernd.martinez5817@nexacore.com,Engineering,DevOps & SRE,Software Engineer,E2,NX05697,Neha Kaur,"New York, US",2024-01-08,Full-Time,12,Office,7313
NX05818,Ayesha Weber,ayesha.weber5818@nexacore.com,Engineering,DevOps & SRE,Senior Software Engineer,E3,NX05079,Clara Meyer,"New York, US",2021-09-21,Full-Time,25,Hybrid,6331
NX05819,Clara Turner,clara.turner5819@nexacore.com,Customer Success,Account Management,CS Associate,C1,NX04919,Paola Thomas,"Edinburgh, UK",2025-01-01,Part-Time,6,Office,7856
NX05820,Rosa Zhou,rosa.zhou5820@nexacore.com,Operations,Supply Chain,Operations Specialist,O2,NX04003,Thomas Roberts,"Hyderabad, India",2023-04-07,Full-Time,20,Office,1441
NX05821,Haruto Thomas,haruto.thomas5821@nexacore.com,IT Support,Security Operations,IT Support Engineer,T2,NX01290,James Green,"Frankfurt, Germany",2023-09-22,Full-Time,25,Office,9661
NX05822,Robert Jensen,robert.jensen5822@nexacore.com,Sales,SMB Sales,Senior Account Executive,S3,NX04517,Lars Jones,"San Francisco, US",2019-09-03,Contract,32,Office,7408
NX05823,Rahul Wang,rahul.wang5823@nexacore.com,IT Support,IT Operations,Senior IT Engineer,T3,NX02154,Amelia Singh,"Frankfurt, Germany",2017-10-07,Full-Time,24,Hybrid,1324
NX05824,Vikram Smith,vikram.smith5824@nexacore.com,IT Support,End-User Computing,Senior IT Engineer,T3,NX03605,Ashley Khan,"Mumbai, India",2019-05-01,Full-Time,18,Hybrid,4573
NX05825,Andrea Murphy,andrea.murphy5825@nexacore.com,Operations,Business Operations,Senior Operations Mgr,O3,NX02752,Jason Liu,"Manchester, UK",2018-11-17,Full-Time,19,Remote,1584
NX05826,Nora Mendes,nora.mendes5826@nexacore.com,Finance,Treasury,Finance Manager,F3,NX05497,Rebecca Jensen,"Boston, US",2020-05-08,Full-Time,24,Hybrid,2106
NX05827,Deepa Kaur,deepa.kaur5827@nexacore.com,Operations,Business Operations,Operations Analyst,O1,NX02802,Linda Varma,"Berlin, Germany",2025-03-03,Full-Time,12,Office,3950
NX05828,Ananya Nelson,ananya.nelson5828@nexacore.com,Sales,Presales,Sales Manager,S4,NX03136,Noah Sharma,"Hyderabad, India",2018-03-11,Contract,32,Hybrid,6087
NX05829,Yuki Hoffmann,yuki.hoffmann5829@nexacore.com,Sales,Presales,Senior Account Executive,S3,NX02253,Neha Ross,"Frankfurt, Germany",2020-02-11,Contract,29,Hybrid,2534
NX05830,Sebastian Nelson,sebastian.nelson5830@nexacore.com,Sales,Sales Operations,Senior Account Executive,S3,NX02296,Mira Varma,"Hyderabad, India",2021-11-15,Full-Time,18,Office,1381
NX05831,Ananya Kim,ananya.kim5831@nexacore.com,Legal,Corporate Legal,Senior Counsel,L3,NX02728,Manish Klein,"Frankfurt, Germany",2016-05-19,Full-Time,32,Remote,6446
NX05832,Sarah Martinez,sarah.martinez5832@nexacore.com,Finance,Accounting,Finance Analyst,F1,NX01560,Linda Lewis,"New York, US",2025-01-27,Contract,20,Hybrid,7449
NX05833,Amrita Harris,amrita.harris5833@nexacore.com,Product,Core Product,Product Manager,P2,NX01647,Nikita Kaur,"San Francisco, US",2023-02-15,Full-Time,13,Office,6899
NX05834,Raj Perez,raj.perez5834@nexacore.com,Sales,Sales Operations,Sales Manager,S4,NX03724,Priya Jones,"San Francisco, US",2016-01-29,Full-Time,27,Hybrid,9090
NX05835,Lucas Harris,lucas.harris5835@nexacore.com,Engineering,QA & Testing,Senior Software Engineer,E3,NX02879,Ethan Peters,"Chennai, India",2021-02-01,Full-Time,30,Hybrid,8507
NX05836,Zoe Brown,zoe.brown5836@nexacore.com,Engineering,Platform Engineering,Software Engineer,E2,NX05968,Ayesha Kumar,"San Francisco, US",2024-10-01,Full-Time,22,Office,1050
NX05837,Kevin Singh,kevin.singh5837@nexacore.com,Engineering,Cloud Infrastructure,Staff Engineer,E4,NX05885,Zara White,"Bangalore, India",2016-11-11,Contract,32,Hybrid,7635
NX05838,Aisha Santos,aisha.santos5838@nexacore.com,Customer Success,Onboarding,Senior CSM,C3,NX04173,Gaurav Clark,"Munich, Germany",2018-12-20,Full-Time,24,Office,2864
NX05839,Rajesh Moore,rajesh.moore5839@nexacore.com,Engineering,Platform Engineering,Senior Software Engineer,E3,NX05968,Ayesha Kumar,"Bangalore, India",2023-05-23,Full-Time,26,Office,5598
NX05840,Julia Sandoval,julia.sandoval5840@nexacore.com,IT Support,IT Operations,IT Support Engineer,T2,NX01882,Ananya Martin,"Edinburgh, UK",2021-11-09,Part-Time,18,Hybrid,3050
NX05841,Grace Patel,grace.patel5841@nexacore.com,Marketing,Content & SEO,Marketing Coordinator,M1,NX01616,Rahul Chen,"Chennai, India",2025-08-03,Full-Time,9,Hybrid,1616
NX05842,Grace Williams,grace.williams5842@nexacore.com,Legal,IP & Compliance,Associate Counsel,L2,NX02141,Jessica Reed,"Bangalore, India",2021-01-10,Part-Time,9,Hybrid,7754
NX05843,Olivia Williams,olivia.williams5843@nexacore.com,Data & Analytics,ML & AI,Data Scientist,D3,NX03193,Rafael Wang,"Chennai, India",2020-12-15,Full-Time,19,Remote,9862
NX05844,Tom Moore,tom.moore5844@nexacore.com,Customer Success,Support Engineering,Senior CSM,C3,NX01747,Olivia Lee,"San Francisco, US",2020-05-23,Full-Time,22,Remote,4116
NX05845,Antoine Reed,antoine.reed5845@nexacore.com,Engineering,Platform Engineering,Senior Software Engineer,E3,NX01354,Arjun Liu,"New York, US",2023-02-03,Full-Time,14,Office,2380
NX05846,Martin Kumar,martin.kumar5846@nexacore.com,Product,Platform,Principal PM,P4,NX01111,David Bennet,"Austin, US",2016-10-29,Part-Time,16,Remote,4798
NX05847,Paul Zhang,paul.zhang5847@nexacore.com,Data & Analytics,Data Engineering,Senior Data Analyst,D2,NX04749,Sebastian Hoffmann,"Mumbai, India",2021-11-07,Contract,15,Hybrid,6012
NX05848,Sara Mitchell,sara.mitchell5848@nexacore.com,Product,Growth,Product Manager,P2,NX01404,Ryan Turner,"Pune, India",2023-09-24,Contract,20,Remote,1262
NX05849,Akira Gonzalez,akira.gonzalez5849@nexacore.com,Sales,Sales Operations,Senior Account Executive,S3,NX02809,Rahul Foster,"New York, US",2020-11-04,Part-Time,17,Office,3573
NX05850,Jana Koch,jana.koch5850@nexacore.com,HR,HR Business Partnering,Senior HR Specialist,H3,NX05409,Ravi Jensen,"Hyderabad, India",2017-10-04,Full-Time,30,Hybrid,2824
NX05851,Ryan Petrov,ryan.petrov5851@nexacore.com,Marketing,Content & SEO,Marketing Specialist,M2,NX01153,Shreya Bhatt,"Bangalore, India",2022-02-19,Contract,29,Office,7194
NX05852,Ryan Lewis,ryan.lewis5852@nexacore.com,IT Support,Security Operations,IT Support Engineer,T2,NX05094,Lars Anderson,"Munich, Germany",2024-03-05,Contract,21,Remote,7054
NX05853,Rohit Meier,rohit.meier5853@nexacore.com,Marketing,Demand Generation,Marketing Specialist,M2,NX01880,Paul Schmidt,"San Francisco, US",2023-06-09,Contract,26,Hybrid,5924
NX05854,Maria Sharma,maria.sharma5854@nexacore.com,Engineering,Mobile & Web,Principal Engineer,E5,NX01149,David Kapoor,"Bangalore, India",2016-03-14,Part-Time,20,Hybrid,4172
NX05855,Vikram Harris,vikram.harris5855@nexacore.com,Legal,Employment Law,Associate Counsel,L2,NX02747,Karan Sanchez,"Seattle, US",2020-03-19,Full-Time,17,Office,2962
NX05856,Lars Koch,lars.koch5856@nexacore.com,Finance,Treasury,Finance Manager,F3,NX04106,Alec Petrov,"Mumbai, India",2018-11-09,Full-Time,25,Office,4688
NX05857,Haruto Varma,haruto.varma5857@nexacore.com,HR,People Operations,HR Manager,H4,NX02289,Saanvi Shah,"Hyderabad, India",2014-12-23,Full-Time,20,Remote,1272
NX05858,Simon Santos,simon.santos5858@nexacore.com,Operations,Supply Chain,Senior Operations Mgr,O3,NX02594,Sofia Taylor,"Mumbai, India",2020-12-21,Full-Time,15,Remote,7960
NX05859,Alejandro Clark,alejandro.clark5859@nexacore.com,Legal,IP & Compliance,Senior Counsel,L3,NX04848,David Nair,"Mumbai, India",2018-02-12,Contract,28,Remote,4911
NX05860,Linda Lewis,linda.lewis5860@nexacore.com,Sales,Enterprise Sales,Account Executive,S2,NX02844,Sneha Garcia,"New York, US",2024-03-23,Contract,17,Office,6686
NX05861,Liam Yamada,liam.yamada5861@nexacore.com,Sales,Enterprise Sales,Sales Manager,S4,NX03705,Karen Varma,"Singapore, Singapore",2017-12-12,Full-Time,19,Hybrid,2770
NX05862,Martin Taylor,martin.taylor5862@nexacore.com,Product,Analytics,Associate PM,P1,NX04023,Maria Fischer,"Boston, US",2025-06-14,Full-Time,17,Hybrid,4643
NX05863,Vikram Fischer,vikram.fischer5863@nexacore.com,Customer Success,Onboarding,CS Director,C4,NX01130,Valentina Klein,"San Francisco, US",2017-03-30,Contract,34,Hybrid,8262
NX05864,Uma Naidu,uma.naidu5864@nexacore.com,Sales,Presales,Sales Development Rep,S1,NX03313,Sneha Evans,"Munich, Germany",2026-02-22,Full-Time,16,Hybrid,4114
NX05865,Mira Peters,mira.peters5865@nexacore.com,Marketing,Content & SEO,Marketing Specialist,M2,NX02369,Sarah Davis,"Mumbai, India",2022-04-03,Part-Time,17,Hybrid,4559
NX05866,Rafael Chen,rafael.chen5866@nexacore.com,Customer Success,Support Engineering,Customer Success Manager,C2,NX05269,Mohamed Sharma,"New York, US",2023-03-18,Full-Time,25,Office,8119
NX05867,Julia Garcia,julia.garcia5867@nexacore.com,Engineering,QA & Testing,Staff Engineer,E4,NX04626,Ravi Green,"London, UK",2018-11-25,Full-Time,27,Office,9328
NX05868,Freya Wang,freya.wang5868@nexacore.com,Data & Analytics,ML & AI,Data Scientist,D3,NX04589,Carlos Taylor,"Austin, US",2020-10-25,Full-Time,17,Hybrid,9642
NX05869,Gabriel Wang,gabriel.wang5869@nexacore.com,Sales,Presales,Senior Account Executive,S3,NX03122,Valentina Wilson,"Manchester, UK",2021-07-12,Part-Time,8,Office,7337
NX05870,Arjun Kaur,arjun.kaur5870@nexacore.com,Finance,Treasury,Finance Manager,F3,NX03063,Thomas Nguyen,"Bangalore, India",2019-05-18,Full-Time,33,Office,7190
NX05871,Maya Bennet,maya.bennet5871@nexacore.com,Legal,Employment Law,Associate Counsel,L2,NX01032,Beatrice Sanchez,"Mumbai, India",2020-05-06,Full-Time,20,Remote,9368
NX05872,Jana Turner,jana.turner5872@nexacore.com,Sales,Sales Operations,Senior Account Executive,S3,NX03136,Noah Sharma,"Berlin, Germany",2021-01-10,Full-Time,14,Office,8763
NX05873,Sophie Peters,sophie.peters5873@nexacore.com,Sales,Presales,Account Executive,S2,NX02408,Rajesh Chen,"London, UK",2024-05-13,Full-Time,10,Hybrid,2989
NX05874,Lucas Martin,lucas.martin5874@nexacore.com,Operations,Supply Chain,Senior Operations Mgr,O3,NX02752,Jason Liu,"San Francisco, US",2019-07-29,Full-Time,29,Hybrid,9711
NX05875,Gabriel Murphy,gabriel.murphy5875@nexacore.com,Engineering,Mobile & Web,Senior Software Engineer,E3,NX05556,Luka Davis,"Berlin, Germany",2020-06-29,Full-Time,19,Hybrid,8842
NX05876,Omar Miller,omar.miller5876@nexacore.com,HR,People Operations,HR Generalist,H2,NX02324,Devika Meier,"Munich, Germany",2022-09-02,Full-Time,19,Hybrid,1227
NX05877,Karen Zhou,karen.zhou5877@nexacore.com,Finance,Tax & Compliance,Finance Manager,F3,NX04067,Ryan Rao,"Singapore, Singapore",2020-02-29,Contract,22,Hybrid,6394
NX05878,Karl Moore,karl.moore5878@nexacore.com,HR,L&D,HR Coordinator,H1,NX01674,Karen Kumar,"New York, US",2025-02-09,Full-Time,19,Remote,8176
NX05879,Amelia Liu,amelia.liu5879@nexacore.com,Customer Success,Support Engineering,Customer Success Manager,C2,NX05005,Riya Brown,"Seattle, US",2022-07-07,Full-Time,21,Office,1183
NX05880,Arjun Rodriguez,arjun.rodriguez5880@nexacore.com,Marketing,Content & SEO,Marketing Specialist,M2,NX02895,Andrea Green,"Edinburgh, UK",2024-02-14,Part-Time,16,Office,5465
NX05881,Karan Price,karan.price5881@nexacore.com,Marketing,Product Marketing,Marketing Coordinator,M1,NX04823,Maria Zhou,"Chennai, India",2024-12-07,Contract,18,Office,9482
NX05882,Karen Khan,karen.khan5882@nexacore.com,Operations,Facilities,Senior Operations Mgr,O3,NX04041,Gabriel Yamada,"Austin, US",2017-04-02,Full-Time,21,Hybrid,4933
NX05883,Mira Lee,mira.lee5883@nexacore.com,Engineering,Mobile & Web,Software Engineer,E2,NX03979,Mona Kumar,"New York, US",2024-02-26,Full-Time,17,Hybrid,9775
NX05884,Aditi Kumar,aditi.kumar5884@nexacore.com,Sales,Presales,Sales Manager,S4,NX01833,Yuki Petrov,"Singapore, Singapore",2018-12-16,Contract,18,Office,1766
NX05885,Zara White,zara.white5885@nexacore.com,Engineering,DevOps & SRE,Principal Engineer,E5,NX01014,Shreya Miller,"Edinburgh, UK",2014-11-22,Full-Time,20,Hybrid,3712
NX05886,Maya Nelson,maya.nelson5886@nexacore.com,Customer Success,Renewals,Customer Success Manager,C2,NX02329,Nora Peters,"Pune, India",2021-10-06,Full-Time,23,Hybrid,8871
NX05887,Yuki Cruz,yuki.cruz5887@nexacore.com,Marketing,Product Marketing,Marketing Specialist,M2,NX02333,Amara Lim,"Berlin, Germany",2024-02-27,Full-Time,10,Office,4467
NX05888,Paul Perez,paul.perez5888@nexacore.com,Legal,Corporate Legal,Senior Counsel,L3,NX03217,Zara Santos,"Austin, US",2018-10-04,Part-Time,24,Office,5780
NX05889,Alejandro Wang,alejandro.wang5889@nexacore.com,Engineering,Cloud Infrastructure,Staff Engineer,E4,NX02194,Daniel Williams,"Hyderabad, India",2016-12-03,Contract,22,Remote,7805
NX05890,Daniel Naidu,daniel.naidu5890@nexacore.com,Customer Success,Account Management,Senior CSM,C3,NX03637,Isabel Bhatt,"Boston, US",2019-06-29,Part-Time,13,Remote,9938
NX05891,Vikas Williams,vikas.williams5891@nexacore.com,Data & Analytics,Data Governance,Lead Data Scientist,D4,NX02347,Anjali Scott,"Frankfurt, Germany",2014-12-21,Full-Time,19,Hybrid,3271
NX05892,Haruto Lee,haruto.lee5892@nexacore.com,Operations,Procurement,Senior Operations Mgr,O3,NX02152,Alec Thompson,"New York, US",2021-04-15,Full-Time,14,Hybrid,7940
NX05893,Samuel Brown,samuel.brown5893@nexacore.com,Engineering,DevOps & SRE,Software Engineer,E2,NX04366,Bernd Davies,"Pune, India",2024-09-15,Full-Time,15,Office,6886
NX05894,Shreya Scott,shreya.scott5894@nexacore.com,Marketing,Demand Generation,Marketing Specialist,M2,NX02072,Ananya Thomas,"London, UK",2022-06-20,Full-Time,21,Office,6168
NX05895,Eva Santos,eva.santos5895@nexacore.com,Marketing,Brand & Communications,Marketing Specialist,M2,NX01753,Axel Hall,"Bangalore, India",2023-02-23,Contract,20,Hybrid,8233
NX05896,Karan Kapoor,karan.kapoor5896@nexacore.com,Engineering,Mobile & Web,Senior Software Engineer,E3,NX05306,Luka Cruz,"Seattle, US",2021-06-02,Full-Time,28,Hybrid,2072
NX05897,Noah Lewis,noah.lewis5897@nexacore.com,Sales,SMB Sales,Account Executive,S2,NX01239,Nisha Klein,"New York, US",2024-07-02,Full-Time,18,Office,2380
NX05898,Sara Das,sara.das5898@nexacore.com,Legal,Employment Law,Associate Counsel,L2,NX04160,Ananya Nelson,"Bangalore, India",2021-11-10,Full-Time,16,Hybrid,4234
NX05899,Clara Hoffmann,clara.hoffmann5899@nexacore.com,Engineering,Platform Engineering,Software Engineer,E2,NX01416,Amrita Hansen,"Edinburgh, UK",2023-07-11,Full-Time,19,Hybrid,7557
NX05900,Maria Gonzalez,maria.gonzalez5900@nexacore.com,Marketing,Product Marketing,Marketing Director,M4,NX01832,Anna Price,"London, UK",2014-03-06,Full-Time,28,Hybrid,3864
NX05901,Beatrice Bhatt,beatrice.bhatt5901@nexacore.com,IT Support,End-User Computing,Senior IT Engineer,T3,NX03031,Jonas Miller,"New York, US",2019-01-21,Full-Time,25,Hybrid,2130
NX05902,Manish Sanchez,manish.sanchez5902@nexacore.com,Operations,Facilities,Operations Specialist,O2,NX02075,Zara Scott,"Munich, Germany",2023-07-28,Full-Time,10,Hybrid,1030
NX05903,Omar Naidu,omar.naidu5903@nexacore.com,Product,Growth,Product Manager,P2,NX04136,Aditi Schmidt,"Manchester, UK",2023-12-26,Contract,17,Hybrid,4545
NX05904,Neha Lee,neha.lee5904@nexacore.com,Customer Success,Support Engineering,CS Director,C4,NX01130,Valentina Klein,"Edinburgh, UK",2016-04-24,Full-Time,19,Office,9447
NX05905,Kabir Nair,kabir.nair5905@nexacore.com,Legal,Employment Law,Associate Counsel,L2,NX03520,Mira Reed,"Berlin, Germany",2019-10-20,Full-Time,24,Office,6110
NX05906,Michael Sanchez,michael.sanchez5906@nexacore.com,Engineering,QA & Testing,Senior Software Engineer,E3,NX02393,Uma Philips,"Pune, India",2022-02-09,Full-Time,23,Remote,3167
NX05907,Riya Nguyen,riya.nguyen5907@nexacore.com,Engineering,Cloud Infrastructure,Senior Software Engineer,E3,NX03548,Jason Miller,"Chennai, India",2022-05-16,Part-Time,8,Hybrid,1377
NX05908,Linda Fischer,linda.fischer5908@nexacore.com,Marketing,Product Marketing,Senior Marketing Manager,M3,NX05407,Martin Singh,"Chennai, India",2016-07-09,Contract,33,Office,2467
NX05909,Hannah Khan,hannah.khan5909@nexacore.com,Finance,Treasury,Finance Manager,F3,NX03426,Amara Kim,"Seattle, US",2018-03-11,Full-Time,25,Remote,1821
NX05910,Saanvi Schmidt,saanvi.schmidt5910@nexacore.com,Sales,Presales,Senior Account Executive,S3,NX02822,Rahul Nguyen,"New York, US",2020-06-15,Full-Time,15,Office,8866
NX05911,Diego Dubois,diego.dubois5911@nexacore.com,Finance,FP&A,Finance Manager,F3,NX04190,Jessica Wang,"Chennai, India",2021-02-09,Full-Time,13,Hybrid,9278
NX05912,Isabel Sandoval,isabel.sandoval5912@nexacore.com,Customer Success,Onboarding,Senior CSM,C3,NX01429,Gaurav Roth,"Pune, India",2017-11-15,Full-Time,24,Hybrid,6724
NX05913,Markus Petrov,markus.petrov5913@nexacore.com,Sales,Presales,Sales Director,S5,,,"Hyderabad, India",2012-12-29,Full-Time,23,Office,9402
NX05914,Amelia Johnson,amelia.johnson5914@nexacore.com,Data & Analytics,Data Engineering,Data Analyst,D1,NX05205,Fiona Robinson,"Boston, US",2025-11-22,Part-Time,8,Hybrid,7881
NX05915,Vikas Becker,vikas.becker5915@nexacore.com,Finance,FP&A,Senior Finance Analyst,F2,NX01096,Amelia Koch,"San Francisco, US",2023-10-13,Full-Time,12,Hybrid,1015
NX05916,Olivia Philips,olivia.philips5916@nexacore.com,Finance,Tax & Compliance,Finance Manager,F3,NX01896,Lena Nair,"San Francisco, US",2018-08-06,Full-Time,32,Hybrid,6636
NX05917,Leo Roth,leo.roth5917@nexacore.com,Customer Success,Support Engineering,Senior CSM,C3,NX01894,Maria Jones,"Chennai, India",2018-03-30,Contract,32,Hybrid,7208
NX05918,Andrei Schmidt,andrei.schmidt5918@nexacore.com,Product,Core Product,Associate PM,P1,NX01007,Siddhant Muller,"Austin, US",2024-12-04,Full-Time,17,Hybrid,6193
NX05919,Deepa Becker,deepa.becker5919@nexacore.com,Sales,Sales Operations,Account Executive,S2,NX01158,Karl Smith,"Boston, US",2023-10-30,Contract,25,Remote,1447
NX05920,Ashley Murphy,ashley.murphy5920@nexacore.com,Operations,Supply Chain,Operations Director,O4,NX02286,Rahul Turner,"Pune, India",2015-11-27,Full-Time,29,Hybrid,7821
NX05921,Alec Shah,alec.shah5921@nexacore.com,Engineering,DevOps & SRE,Senior Software Engineer,E3,NX03593,Sven Wright,"Boston, US",2023-01-14,Full-Time,21,Office,5370
NX05922,Thomas Hoffmann,thomas.hoffmann5922@nexacore.com,Product,Growth,Product Manager,P2,NX01128,Isabel Zhang,"Mumbai, India",2022-01-04,Full-Time,26,Office,7088
NX05923,James Liu,james.liu5923@nexacore.com,Engineering,Cloud Infrastructure,Software Engineer,E2,NX04896,Liam Martinez,"Bangalore, India",2023-12-26,Full-Time,14,Hybrid,8078
NX05924,Hannah Lee,hannah.lee5924@nexacore.com,Legal,Employment Law,Associate Counsel,L2,NX04029,Sarah Moore,"Bangalore, India",2021-04-23,Full-Time,18,Office,5526
NX05925,Neha Lim,neha.lim5925@nexacore.com,Marketing,Product Marketing,Senior Marketing Manager,M3,NX01656,Kabir Chakraborty,"Pune, India",2020-07-18,Part-Time,20,Office,5633
NX05926,Amelia Liu,amelia.liu5926@nexacore.com,HR,HR Business Partnering,HR Manager,H4,NX01383,Omar Thompson,"Boston, US",2015-07-16,Full-Time,29,Hybrid,7055
NX05927,James Ross,james.ross5927@nexacore.com,Customer Success,Onboarding,Senior CSM,C3,NX05472,Manish Foster,"Bangalore, India",2019-09-11,Full-Time,31,Office,7495
NX05928,Rajesh Philips,rajesh.philips5928@nexacore.com,Marketing,Content & SEO,Marketing Director,M4,NX01432,Wei Varma,"Bangalore, India",2013-03-13,Contract,33,Remote,9312
NX05929,Nicolas Turner,nicolas.turner5929@nexacore.com,Operations,Procurement,Operations Specialist,O2,NX04889,Bernd Muller,"Singapore, Singapore",2023-05-21,Part-Time,9,Hybrid,5266
NX05930,Emma Sandoval,emma.sandoval5930@nexacore.com,Engineering,Platform Engineering,Staff Engineer,E4,NX05262,Bernd Reed,"Mumbai, India",2019-07-04,Contract,29,Remote,6350
NX05931,Zara Singh,zara.singh5931@nexacore.com,Engineering,Mobile & Web,Staff Engineer,E4,NX01052,Liam Liu,"Frankfurt, Germany",2020-01-31,Contract,16,Hybrid,1738
NX05932,Isabel Peters,isabel.peters5932@nexacore.com,Engineering,Platform Engineering,Software Engineer,E2,NX01550,Rosa Santos,"San Francisco, US",2023-11-01,Full-Time,21,Office,1847
NX05933,Paola Robinson,paola.robinson5933@nexacore.com,Operations,Procurement,Operations Specialist,O2,NX02191,Ryan Wang,"Boston, US",2023-11-06,Contract,11,Hybrid,5128
NX05934,Vikas Nielsen,vikas.nielsen5934@nexacore.com,IT Support,Security Operations,IT Manager,T4,NX01337,Priya Thomas,"Hyderabad, India",2013-08-01,Full-Time,17,Hybrid,6719
NX05935,Daniel Kim,daniel.kim5935@nexacore.com,Marketing,Brand & Communications,Marketing Coordinator,M1,NX05977,Karen Nelson,"London, UK",2024-11-25,Full-Time,20,Remote,7328
NX05936,Ashley Philips,ashley.philips5936@nexacore.com,Product,Core Product,Senior Product Manager,P3,NX02106,Usha Bhatt,"Bangalore, India",2021-02-10,Full-Time,22,Hybrid,2788
NX05937,Diego Varma,diego.varma5937@nexacore.com,Sales,SMB Sales,Sales Development Rep,S1,NX02655,Kate Patel,"Seattle, US",2025-10-14,Contract,12,Hybrid,5659
NX05938,Mona Green,mona.green5938@nexacore.com,Engineering,Mobile & Web,Senior Software Engineer,E3,NX02194,Daniel Williams,"London, UK",2020-07-13,Full-Time,21,Remote,6916
NX05939,Saanvi Cruz,saanvi.cruz5939@nexacore.com,Product,Platform,Senior Product Manager,P3,NX04300,Emma Williams,"Seattle, US",2019-06-19,Full-Time,15,Hybrid,9881
NX05940,Sarah Chakraborty,sarah.chakraborty5940@nexacore.com,IT Support,End-User Computing,Senior IT Engineer,T3,NX01247,Freya Becker,"Mumbai, India",2019-07-15,Contract,23,Hybrid,3386
NX05941,Lars Davis,lars.davis5941@nexacore.com,Sales,Presales,Account Executive,S2,NX03705,Karen Varma,"Berlin, Germany",2024-08-13,Full-Time,19,Hybrid,9439
NX05942,Karen Gonzalez,karen.gonzalez5942@nexacore.com,Sales,Sales Operations,Sales Manager,S4,NX02617,Rahul Hansen,"Mumbai, India",2018-05-03,Contract,31,Office,7739
NX05943,Ashley Evans,ashley.evans5943@nexacore.com,Marketing,Brand & Communications,Senior Marketing Manager,M3,NX02416,Jaya Murphy,"Edinburgh, UK",2020-08-03,Full-Time,29,Remote,1988
NX05944,Aarav Clark,aarav.clark5944@nexacore.com,Engineering,Platform Engineering,Software Engineer,E2,NX03517,Tom Peters,"New York, US",2023-09-06,Part-Time,16,Hybrid,3008
NX05945,Rohit Nielsen,rohit.nielsen5945@nexacore.com,Sales,Presales,Sales Director,S5,,,"London, UK",2012-12-25,Full-Time,21,Remote,5026
NX05946,Henrik Jain,henrik.jain5946@nexacore.com,IT Support,Security Operations,IT Support Engineer,T2,NX05760,Karen Liu,"San Francisco, US",2022-12-30,Full-Time,20,Office,6034
NX05947,Lucas Mitchell,lucas.mitchell5947@nexacore.com,Sales,SMB Sales,Sales Manager,S4,NX03650,Nora Wood,"New York, US",2018-05-20,Contract,34,Hybrid,6141
NX05948,Jana Price,jana.price5948@nexacore.com,Operations,Supply Chain,Operations Specialist,O2,NX01546,Amara Lim,"London, UK",2022-06-17,Part-Time,14,Office,3651
NX05949,Vikram Smith,vikram.smith5949@nexacore.com,Sales,Enterprise Sales,Senior Account Executive,S3,NX01233,Olivia Turner,"Berlin, Germany",2022-03-23,Contract,15,Hybrid,9058
NX05950,Harry Cruz,harry.cruz5950@nexacore.com,Customer Success,Onboarding,Customer Success Manager,C2,NX03684,Lucas Santos,"Singapore, Singapore",2021-07-09,Full-Time,26,Hybrid,1825
NX05951,Patrick Sanchez,patrick.sanchez5951@nexacore.com,Engineering,Platform Engineering,Principal Engineer,E5,NX01530,Pedro Desai,"Manchester, UK",2015-09-08,Part-Time,16,Office,2377
NX05952,Patrick Lopez,patrick.lopez5952@nexacore.com,Engineering,Mobile & Web,Staff Engineer,E4,NX02940,James Pillai,"Hyderabad, India",2020-04-06,Contract,22,Hybrid,3743
NX05953,Rosa Kapoor,rosa.kapoor5953@nexacore.com,Operations,Business Operations,Operations Analyst,O1,NX05390,Antoine Lim,"London, UK",2024-09-03,Full-Time,21,Hybrid,6005
NX05954,Emma Kaur,emma.kaur5954@nexacore.com,Engineering,QA & Testing,Software Engineer,E2,NX02319,Alex Fischer,"Frankfurt, Germany",2024-01-24,Part-Time,16,Remote,3655
NX05955,Alejandro Garcia,alejandro.garcia5955@nexacore.com,Product,Core Product,Product Manager,P2,NX01237,Omar Gonzalez,"Munich, Germany",2022-12-14,Full-Time,20,Office,5304
NX05956,Ethan Bhatt,ethan.bhatt5956@nexacore.com,Operations,Facilities,Senior Operations Mgr,O3,NX03661,William Peters,"London, UK",2018-05-03,Full-Time,32,Office,5767
NX05957,Omar Young,omar.young5957@nexacore.com,Customer Success,Renewals,Customer Success Manager,C2,NX01604,Stefan Walker,"Chennai, India",2023-08-31,Part-Time,16,Hybrid,3269
NX05958,Lisa Chen,lisa.chen5958@nexacore.com,HR,People Operations,HR Coordinator,H1,NX02401,William Moore,"Bangalore, India",2024-07-18,Full-Time,19,Hybrid,7951
NX05959,Martin Lee,martin.lee5959@nexacore.com,Product,Growth,Product Manager,P2,NX02028,Axel Murphy,"Hyderabad, India",2021-07-31,Full-Time,13,Hybrid,1455
NX05960,Patrick Liu,patrick.liu5960@nexacore.com,Engineering,QA & Testing,Principal Engineer,E5,NX01659,Alex Lim,"Chennai, India",2015-12-11,Part-Time,17,Hybrid,1385
NX05961,Deepa Naidu,deepa.naidu5961@nexacore.com,Marketing,Brand & Communications,Marketing Specialist,M2,NX01988,Mohamed Sharma,"Boston, US",2022-02-25,Contract,14,Office,9489
NX05962,Sebastian Wang,sebastian.wang5962@nexacore.com,Engineering,Cloud Infrastructure,Staff Engineer,E4,NX03376,Michael Hoffmann,"Manchester, UK",2020-04-11,Full-Time,24,Remote,2275
NX05963,Antoine Hughes,antoine.hughes5963@nexacore.com,Operations,Facilities,Operations Specialist,O2,NX02113,Tina Williams,"Bangalore, India",2021-11-20,Full-Time,17,Remote,8400
NX05964,Gaurav Wang,gaurav.wang5964@nexacore.com,Operations,Procurement,Senior Operations Mgr,O3,NX01267,Zara Green,"Edinburgh, UK",2020-07-30,Full-Time,31,Hybrid,1656
NX05965,Sara Desai,sara.desai5965@nexacore.com,Operations,Supply Chain,Operations Analyst,O1,NX01075,Linda Foster,"Boston, US",2025-02-05,Full-Time,11,Hybrid,6835
NX05966,Henrik Evans,henrik.evans5966@nexacore.com,Sales,Enterprise Sales,Sales Manager,S4,NX01789,Benjamin Mendes,"Pune, India",2016-02-09,Full-Time,20,Hybrid,1134
NX05967,Lucas Foster,lucas.foster5967@nexacore.com,Customer Success,Account Management,Customer Success Manager,C2,NX01380,Sophie Petrov,"Manchester, UK",2023-08-24,Contract,21,Remote,4444
NX05968,Ayesha Kumar,ayesha.kumar5968@nexacore.com,Engineering,Cloud Infrastructure,Principal Engineer,E5,NX01312,Eva Lim,"San Francisco, US",2015-11-16,Full-Time,33,Office,8067
NX05969,Ravi Wood,ravi.wood5969@nexacore.com,Marketing,Content & SEO,Marketing Director,M4,NX01360,Antoine Petrov,"Boston, US",2015-07-24,Part-Time,14,Hybrid,8971
NX05970,Ananya Petrov,ananya.petrov5970@nexacore.com,Sales,Enterprise Sales,Sales Manager,S4,NX03136,Noah Sharma,"Pune, India",2017-07-04,Contract,25,Office,2113
NX05971,Chris Dubois,chris.dubois5971@nexacore.com,Data & Analytics,ML & AI,Senior Data Analyst,D2,NX03799,Riya Hughes,"Frankfurt, Germany",2024-05-19,Contract,24,Office,4231
NX05972,Thomas Dubois,thomas.dubois5972@nexacore.com,Engineering,Mobile & Web,Associate Engineer,E1,NX01431,Ravi Bauer,"Manchester, UK",2025-10-07,Contract,17,Office,3133
NX05973,Jaya Moore,jaya.moore5973@nexacore.com,HR,People Operations,Senior HR Specialist,H3,NX03483,Nisha Lee,"Boston, US",2020-11-16,Full-Time,19,Office,4383
NX05974,Sarah Chen,sarah.chen5974@nexacore.com,Finance,Tax & Compliance,Finance Manager,F3,NX02934,Jana White,"Munich, Germany",2021-03-28,Part-Time,22,Office,9505
NX05975,Alejandro Martinez,alejandro.martinez5975@nexacore.com,Finance,Treasury,Finance Manager,F3,NX01889,Freya Green,"Hyderabad, India",2020-12-12,Full-Time,22,Office,5572
NX05976,Andrei Chakraborty,andrei.chakraborty5976@nexacore.com,Engineering,Cloud Infrastructure,Staff Engineer,E4,NX01354,Arjun Liu,"Frankfurt, Germany",2020-03-17,Full-Time,25,Office,6027
NX05977,Karen Nelson,karen.nelson5977@nexacore.com,Marketing,Demand Generation,Marketing Director,M4,NX01388,Tina Das,"Edinburgh, UK",2014-04-24,Full-Time,26,Office,9826
NX05978,Raj Wood,raj.wood5978@nexacore.com,Sales,Presales,Senior Account Executive,S3,NX02729,Shreya Sanchez,"Pune, India",2021-01-02,Full-Time,29,Office,9619
NX05979,Grace Wood,grace.wood5979@nexacore.com,HR,HR Business Partnering,HR Generalist,H2,NX01495,Sophie Lewis,"Munich, Germany",2023-01-31,Part-Time,11,Hybrid,5722
NX05980,Robert Nelson,robert.nelson5980@nexacore.com,Engineering,QA & Testing,Software Engineer,E2,NX03517,Tom Peters,"Boston, US",2024-05-20,Full-Time,18,Remote,4970
NX05981,Carlos Singh,carlos.singh5981@nexacore.com,Operations,Supply Chain,Operations Specialist,O2,NX05068,Amrita Desai,"London, UK",2022-11-02,Full-Time,24,Office,4499
NX05982,Nicolas Kim,nicolas.kim5982@nexacore.com,IT Support,Security Operations,IT Support Engineer,T2,NX05760,Karen Liu,"Manchester, UK",2021-10-31,Full-Time,29,Remote,8541
NX05983,Anna Perez,anna.perez5983@nexacore.com,Sales,Presales,Senior Account Executive,S3,NX02068,David Meyer,"Mumbai, India",2019-10-07,Full-Time,27,Remote,1439
NX05984,Alejandro Clark,alejandro.clark5984@nexacore.com,Sales,Presales,Account Executive,S2,NX02821,Tanvi Muller,"San Francisco, US",2024-07-30,Full-Time,21,Hybrid,6758
NX05985,Hannah Davis,hannah.davis5985@nexacore.com,Operations,Business Operations,Senior Operations Mgr,O3,NX05250,Karen Kumar,"Manchester, UK",2019-03-01,Full-Time,34,Office,7008
NX05986,Pankaj Lopez,pankaj.lopez5986@nexacore.com,Operations,Business Operations,Operations Specialist,O2,NX02294,Siddhant Philips,"London, UK",2021-07-12,Full-Time,12,Office,6819
NX05987,Saanvi Lim,saanvi.lim5987@nexacore.com,Engineering,Cloud Infrastructure,Staff Engineer,E4,NX02409,Zoe Sharma,"Edinburgh, UK",2018-03-18,Full-Time,27,Hybrid,4539
NX05988,Samuel Lee,samuel.lee5988@nexacore.com,Legal,Corporate Legal,Senior Counsel,L3,NX04193,Sara Wright,"Singapore, Singapore",2017-12-11,Part-Time,23,Hybrid,3083
NX05989,Anita Kim,anita.kim5989@nexacore.com,Operations,Supply Chain,Operations Director,O4,NX01843,Pedro Sandoval,"Bangalore, India",2015-09-18,Full-Time,34,Hybrid,8497
NX05990,Gabriel Meyer,gabriel.meyer5990@nexacore.com,Data & Analytics,ML & AI,Lead Data Scientist,D4,NX01389,Kate Hughes,"New York, US",2014-05-12,Part-Time,32,Hybrid,5564
NX05991,Usha Patel,usha.patel5991@nexacore.com,Sales,Presales,Senior Account Executive,S3,NX01871,Elena Foster,"Mumbai, India",2021-09-25,Contract,15,Office,3789
NX05992,Patrick Bhatt,patrick.bhatt5992@nexacore.com,Operations,Supply Chain,Senior Operations Mgr,O3,NX02488,Ryan Nguyen,"Austin, US",2018-08-03,Full-Time,23,Hybrid,4196
NX05993,Harry Chakraborty,harry.chakraborty5993@nexacore.com,Data & Analytics,ML & AI,Senior Data Analyst,D2,NX05330,Nikita Fischer,"Bangalore, India",2022-08-25,Full-Time,15,Remote,2859
NX05994,Nicolas Roberts,nicolas.roberts5994@nexacore.com,Data & Analytics,ML & AI,Data Analyst,D1,NX03799,Riya Hughes,"Seattle, US",2024-06-01,Part-Time,12,Hybrid,5331
NX05995,Aryan Davis,aryan.davis5995@nexacore.com,IT Support,Security Operations,IT Support Engineer,T2,NX04681,Diego Hansen,"Bangalore, India",2024-01-24,Full-Time,13,Remote,9055
NX05996,Ravi Wright,ravi.wright5996@nexacore.com,Sales,Enterprise Sales,Account Executive,S2,NX03099,Liam Foster,"Boston, US",2024-03-28,Full-Time,20,Office,2582
NX05997,Omar Dubois,omar.dubois5997@nexacore.com,HR,HR Business Partnering,HR Generalist,H2,NX01706,Ayesha Foster,"London, UK",2022-05-20,Full-Time,24,Office,7680
NX05998,Amara Lopez,amara.lopez5998@nexacore.com,Sales,Presales,Sales Manager,S4,NX02408,Rajesh Chen,"Manchester, UK",2014-07-09,Full-Time,29,Hybrid,5431
NX05999,Harry Gupta,harry.gupta5999@nexacore.com,Data & Analytics,Data Engineering,Senior Data Analyst,D2,NX04589,Carlos Taylor,"Frankfurt, Germany",2023-09-10,Full-Time,24,Hybrid,8461
NX06000,Shreya Green,shreya.green6000@nexacore.com,Finance,Accounting,Senior Finance Analyst,F2,NX02295,Tina White,"Chennai, India",2023-05-20,Contract,17,Office,9301
